id,origin,written_by,original_id,source_link,split_group,old_labels,label_changed
q00001,Apache Kafka Jira,"AI, from a real document",KAFKA-21161,https://issues.apache.org/jira/browse/KAFKA-21161,kafka_jira:KAFKA-21161,,
q00002,EnterpriseRAG-Bench,benchmark,qst_0076,https://huggingface.co/datasets/onyx-dot-app/EnterpriseRAG-Bench,enterprise_rag:qst_0076,,
q00003,EnterpriseRAG-Bench,benchmark,qst_0443,https://huggingface.co/datasets/onyx-dot-app/EnterpriseRAG-Bench,enterprise_rag:qst_0443,,
q00004,Apache Kafka Confluence,"AI, from a real document",cwiki-61316828,https://cwiki.apache.org/confluence/spaces/KAFKA/pages/61316828/KIP-39+Pinning+controller+to+broker,kafka_kips:cwiki-61316828,,
q00005,Apache Kafka Confluence,"AI, from a real document",cwiki-158864865,https://cwiki.apache.org/confluence/spaces/KAFKA/pages/158864865/KIP-631+The+Quorum-based+Kafka+Controller,kafka_kips:cwiki-158864865,,
q00006,EnterpriseRAG-Bench,benchmark,qst_0099,https://huggingface.co/datasets/onyx-dot-app/EnterpriseRAG-Bench,enterprise_rag:qst_0099,,
q00007,MASSIVE,person,16163,https://github.com/alexa/massive,massive_email:16163,,
q00008,Apache Kafka Jira,"AI, from a real document",KAFKA-16162,https://issues.apache.org/jira/browse/KAFKA-16162,kafka_jira:KAFKA-16162,,
q00009,QMSum,person,test-7-0,https://github.com/Yale-LILY/QMSum,qmsum:test-7,,
q00010,Ubuntu help chat,"AI, from a real document",ubuntu-irc-tes-7001,https://huggingface.co/datasets/jkkummerfeld/irc_disentangle,ubuntu_irc:ubuntu-irc-tes-7001,,
q00011,WixQA,person,99,https://huggingface.co/datasets/Wix/WixQA,wixqa_expert:99,,
q00012,MASSIVE,person,16139,https://github.com/alexa/massive,massive_email:16139,,
q00013,Hard cases (generated),AI-generated,sr-g0553,data/v2/inputs/old_dataset.xlsx,old_generated:sr-g0553,notion,True
q00014,CLINC150,person,2849,https://huggingface.co/datasets/clinc/clinc_oos,clinc_hr:2849,,
q00015,Apache Kafka Confluence,"AI, from a real document",cwiki-181309598,https://cwiki.apache.org/confluence/spaces/KAFKA/pages/181309598/KIP-754+Make+Scala+case+class+s+final,kafka_kips:cwiki-181309598,,
q00016,ConcurrentQA,person,PAIRIDX:30537,https://huggingface.co/datasets/stanfordnlp/concurrentqa,concurrentqa_wiki:PAIRIDX:30537,,
q00017,CLINC150,person,6570,https://huggingface.co/datasets/clinc/clinc_oos,clinc_smalltalk:6570,,
q00018,WixQA,person,185,https://huggingface.co/datasets/Wix/WixQA,wixqa_simulated:185,,
q00019,Apache Kafka Confluence,"AI, from a real document",cwiki-406621802,https://cwiki.apache.org/confluence/spaces/KAFKA/pages/406621802/KIP-1290+Rack-Aware+Minimum+In-Sync+Replicas,kafka_kips:cwiki-406621802,,
q00020,QMSum,person,val-10-5,https://github.com/Yale-LILY/QMSum,qmsum:val-10,,
q00021,Ubuntu help chat,"AI, from a real document",ubuntu-irc-val-1235,https://huggingface.co/datasets/jkkummerfeld/irc_disentangle,ubuntu_irc:ubuntu-irc-val-1235,,
q00022,WixQA,person,156,https://huggingface.co/datasets/Wix/WixQA,wixqa_simulated:156,,
q00023,Apache Kafka Jira,"AI, from a real document",KAFKA-20420,https://issues.apache.org/jira/browse/KAFKA-20420,kafka_jira:KAFKA-20420,,
q00024,Ubuntu help chat,"AI, from a real document",ubuntu-irc-val-7337,https://huggingface.co/datasets/jkkummerfeld/irc_disentangle,ubuntu_irc:ubuntu-irc-val-7337,,
q00025,QMSum,person,train-102-8,https://github.com/Yale-LILY/QMSum,qmsum:train-102,,
q00026,Ubuntu help chat,"AI, from a real document",ubuntu-irc-val-9755,https://huggingface.co/datasets/jkkummerfeld/irc_disentangle,ubuntu_irc:ubuntu-irc-val-9755,,
q00027,Natural Questions,person,2905,https://huggingface.co/datasets/google-research-datasets/nq_open,nq_open:2905,,
q00028,EnterpriseRAG-Bench,benchmark,qst_0459,https://huggingface.co/datasets/onyx-dot-app/EnterpriseRAG-Bench,enterprise_rag:qst_0459,,
q00029,Hard cases (generated),AI-generated,sr-g0433,data/v2/inputs/old_dataset.xlsx,old_generated:sr-g0433,kb,False
q00030,Apache Kafka Confluence,"AI, from a real document",cwiki-152111839,https://cwiki.apache.org/confluence/spaces/KAFKA/pages/152111839/KIP-601+Configurable+socket+connection+timeout+in+NetworkClient,kafka_kips:cwiki-152111839,,
q00031,CLINC150,person,12171,https://huggingface.co/datasets/clinc/clinc_oos,clinc_hr:12171,,
q00032,Natural Questions,person,1071,https://huggingface.co/datasets/google-research-datasets/nq_open,nq_open:1071,,
q00033,EnterpriseRAG-Bench,benchmark,qst_0018,https://huggingface.co/datasets/onyx-dot-app/EnterpriseRAG-Bench,enterprise_rag:qst_0018,,
q00034,MASSIVE,person,16732,https://github.com/alexa/massive,massive_email:16732,,
q00035,Apache Kafka Jira,"AI, from a real document",KAFKA-12761,https://issues.apache.org/jira/browse/KAFKA-12761,kafka_jira:KAFKA-12761,,
q00036,MASSIVE,person,16527,https://github.com/alexa/massive,massive_email:16527,,
q00037,Hard cases (generated),AI-generated,sr-g0366,data/v2/inputs/old_dataset.xlsx,old_generated:sr-g0366,jira,False
q00038,Natural Questions,person,170,https://huggingface.co/datasets/google-research-datasets/nq_open,nq_open:170,,
q00039,WixQA,person,42,https://huggingface.co/datasets/Wix/WixQA,wixqa_expert:42,,
q00040,EnterpriseRAG-Bench,benchmark,qst_0116,https://huggingface.co/datasets/onyx-dot-app/EnterpriseRAG-Bench,enterprise_rag:qst_0116,,
q00041,Natural Questions,person,1921,https://huggingface.co/datasets/google-research-datasets/nq_open,nq_open:1921,,
q00042,CLINC150,person,22559,https://huggingface.co/datasets/clinc/clinc_oos,clinc_smalltalk:22559,,
q00043,QMSum,person,train-133-0,https://github.com/Yale-LILY/QMSum,qmsum:train-133,,
q00044,MASSIVE,person,16002,https://github.com/alexa/massive,massive_email:16002,,
q00045,Hard cases (generated),AI-generated,sr-g0861,data/v2/inputs/old_dataset.xlsx,old_generated:sr-g0861,gmail,False
q00046,Ubuntu help chat,"AI, from a real document",ubuntu-irc-tes-11951,https://huggingface.co/datasets/jkkummerfeld/irc_disentangle,ubuntu_irc:ubuntu-irc-tes-11951,,
q00047,QMSum,person,train-153-0,https://github.com/Yale-LILY/QMSum,qmsum:train-153,,
q00048,MASSIVE,person,14724,https://github.com/alexa/massive,massive_qa:14724,,
q00049,Apache Kafka Confluence,"AI, from a real document",cwiki-421958161,https://cwiki.apache.org/confluence/spaces/KAFKA/pages/421958161/KIP-1337+Add+Protobuf+MessageFormatter+for+Kafka+Console+Consumer,kafka_kips:cwiki-421958161,,
q00050,EnterpriseRAG-Bench,benchmark,qst_0391,https://huggingface.co/datasets/onyx-dot-app/EnterpriseRAG-Bench,enterprise_rag:qst_0391,,
q00051,MASSIVE,person,13653,https://github.com/alexa/massive,massive_qa:13653,,
q00052,WixQA,person,177,https://huggingface.co/datasets/Wix/WixQA,wixqa_expert:177,,
q00053,CLINC150,person,1904,https://huggingface.co/datasets/clinc/clinc_oos,clinc_smalltalk:1904,,
q00054,CLINC150,person,1289,https://huggingface.co/datasets/clinc/clinc_oos,clinc_hr:1289,,
q00055,WixQA,person,86,https://huggingface.co/datasets/Wix/WixQA,wixqa_expert:86,,
q00056,ConcurrentQA,person,PAIRIDX:38923,https://huggingface.co/datasets/stanfordnlp/concurrentqa,concurrentqa_wiki:PAIRIDX:38923,,
q00057,Natural Questions,person,2126,https://huggingface.co/datasets/google-research-datasets/nq_open,nq_open:2126,,
q00058,Apache Kafka Jira,"AI, from a real document",KAFKA-15386,https://issues.apache.org/jira/browse/KAFKA-15386,kafka_jira:KAFKA-15386,,
q00059,Hard cases (generated),AI-generated,sr-g0614,data/v2/inputs/old_dataset.xlsx,old_generated:sr-g0614,,False
q00060,QMSum,person,train-17-11,https://github.com/Yale-LILY/QMSum,qmsum:train-17,,
q00061,EnterpriseRAG-Bench,benchmark,qst_0262,https://huggingface.co/datasets/onyx-dot-app/EnterpriseRAG-Bench,enterprise_rag:qst_0262,,
q00062,Apache Kafka Confluence,"AI, from a real document",cwiki-87295385,https://cwiki.apache.org/confluence/spaces/KAFKA/pages/87295385/KIP-319+Replace+segments+with+segmentInterval+in+WindowBytesStoreSupplier,kafka_kips:cwiki-87295385,,
q00063,CLINC150,person,21985,https://huggingface.co/datasets/clinc/clinc_oos,clinc_hr:21985,,
q00064,Hard cases (generated),AI-generated,sr-g0449,data/v2/inputs/old_dataset.xlsx,old_generated:sr-g0449,slack,False
q00065,Apache Kafka Confluence,"AI, from a real document",cwiki-66851589,https://cwiki.apache.org/confluence/spaces/KAFKA/pages/66851589/KIP-90+-+Remove+zkClient+dependency+from+Streams,kafka_kips:cwiki-66851589,,
q00066,Hard cases (generated),AI-generated,sr-g0353,data/v2/inputs/old_dataset.xlsx,old_generated:sr-g0353,slack,False
q00067,EnterpriseRAG-Bench,benchmark,qst_0199,https://huggingface.co/datasets/onyx-dot-app/EnterpriseRAG-Bench,enterprise_rag:qst_0199,,
q00068,QMSum,person,train-105-4,https://github.com/Yale-LILY/QMSum,qmsum:train-105,,
q00069,MASSIVE,person,16358,https://github.com/alexa/massive,massive_email:16358,,
q00070,EnterpriseRAG-Bench,benchmark,qst_0269,https://huggingface.co/datasets/onyx-dot-app/EnterpriseRAG-Bench,enterprise_rag:qst_0269,,
q00071,CLINC150,person,12034,https://huggingface.co/datasets/clinc/clinc_oos,clinc_smalltalk:12034,,
q00072,Natural Questions,person,35,https://huggingface.co/datasets/google-research-datasets/nq_open,nq_open:35,,
q00073,Ubuntu help chat,"AI, from a real document",ubuntu-irc-val-9756,https://huggingface.co/datasets/jkkummerfeld/irc_disentangle,ubuntu_irc:ubuntu-irc-val-9756,,
q00074,Natural Questions,person,2003,https://huggingface.co/datasets/google-research-datasets/nq_open,nq_open:2003,,
q00075,MASSIVE,person,14587,https://github.com/alexa/massive,massive_qa:14587,,
q00076,EnterpriseRAG-Bench,benchmark,qst_0317,https://huggingface.co/datasets/onyx-dot-app/EnterpriseRAG-Bench,enterprise_rag:qst_0317,,
q00077,Hard cases (generated),AI-generated,sr-g0372,data/v2/inputs/old_dataset.xlsx,old_generated:sr-g0372,jira,False
q00078,Hard cases (generated),AI-generated,sr-g0432,data/v2/inputs/old_dataset.xlsx,old_generated:sr-g0432,kb,False
q00079,Hard cases (generated),AI-generated,sr-g0578,data/v2/inputs/old_dataset.xlsx,old_generated:sr-g0578,kb,False
q00080,EnterpriseRAG-Bench,benchmark,qst_0437,https://huggingface.co/datasets/onyx-dot-app/EnterpriseRAG-Bench,enterprise_rag:qst_0437,,
q00081,MASSIVE,person,16478,https://github.com/alexa/massive,massive_email:16478,,
q00082,Ubuntu help chat,"AI, from a real document",ubuntu-irc-tes-7344,https://huggingface.co/datasets/jkkummerfeld/irc_disentangle,ubuntu_irc:ubuntu-irc-tes-7344,,
q00083,EnterpriseRAG-Bench,benchmark,qst_0031,https://huggingface.co/datasets/onyx-dot-app/EnterpriseRAG-Bench,enterprise_rag:qst_0031,,
q00084,EnterpriseRAG-Bench,benchmark,qst_0186,https://huggingface.co/datasets/onyx-dot-app/EnterpriseRAG-Bench,enterprise_rag:qst_0186,,
q00085,EnterpriseRAG-Bench,benchmark,qst_0285,https://huggingface.co/datasets/onyx-dot-app/EnterpriseRAG-Bench,enterprise_rag:qst_0285,,
q00086,EnterpriseRAG-Bench,benchmark,qst_0029,https://huggingface.co/datasets/onyx-dot-app/EnterpriseRAG-Bench,enterprise_rag:qst_0029,,
q00087,EnterpriseRAG-Bench,benchmark,qst_0266,https://huggingface.co/datasets/onyx-dot-app/EnterpriseRAG-Bench,enterprise_rag:qst_0266,,
q00088,Hard cases (generated),AI-generated,sr-g0677,data/v2/inputs/old_dataset.xlsx,old_generated:sr-g0677,gmail,False
q00089,Apache Kafka Jira,"AI, from a real document",KAFKA-14745,https://issues.apache.org/jira/browse/KAFKA-14745,kafka_jira:KAFKA-14745,,
q00090,Hard cases (generated),AI-generated,sr-g0839,data/v2/inputs/old_dataset.xlsx,old_generated:sr-g0839,slack|notion,False
q00091,Hard cases (generated),AI-generated,sr-g0635,data/v2/inputs/old_dataset.xlsx,old_generated:sr-g0635,,False
q00092,Hard cases (generated),AI-generated,sr-g0716,data/v2/inputs/old_dataset.xlsx,old_generated:sr-g0716,jira|notion,True
q00093,EnterpriseRAG-Bench,benchmark,qst_0036,https://huggingface.co/datasets/onyx-dot-app/EnterpriseRAG-Bench,enterprise_rag:qst_0036,,
q00094,Hard cases (generated),AI-generated,sr-g0534,data/v2/inputs/old_dataset.xlsx,old_generated:sr-g0534,slack,False
q00095,MASSIVE,person,16343,https://github.com/alexa/massive,massive_email:16343,,
q00096,ConcurrentQA,person,PAIRIDX:33233,https://huggingface.co/datasets/stanfordnlp/concurrentqa,concurrentqa_wiki:PAIRIDX:33233,,
q00097,WixQA,person,196,https://huggingface.co/datasets/Wix/WixQA,wixqa_simulated:196,,
q00098,CLINC150,person,13317,https://huggingface.co/datasets/clinc/clinc_oos,clinc_smalltalk:13317,,
q00099,EnterpriseRAG-Bench,benchmark,qst_0187,https://huggingface.co/datasets/onyx-dot-app/EnterpriseRAG-Bench,enterprise_rag:qst_0187,,
q00100,Hard cases (generated),AI-generated,sr-g0548,data/v2/inputs/old_dataset.xlsx,old_generated:sr-g0548,jira,False
q00101,EnterpriseRAG-Bench,benchmark,qst_0057,https://huggingface.co/datasets/onyx-dot-app/EnterpriseRAG-Bench,enterprise_rag:qst_0057,,
q00102,ConcurrentQA,person,PAIRIDX:21709,https://huggingface.co/datasets/stanfordnlp/concurrentqa,concurrentqa_wiki:PAIRIDX:21709,,
q00103,Ubuntu help chat,"AI, from a real document",ubuntu-irc-tes-10386,https://huggingface.co/datasets/jkkummerfeld/irc_disentangle,ubuntu_irc:ubuntu-irc-tes-10386,,
q00104,Apache Kafka Confluence,"AI, from a real document",cwiki-75972280,https://cwiki.apache.org/confluence/spaces/KAFKA/pages/75972280/KIP-257+-+Configurable+Quota+Management,kafka_kips:cwiki-75972280,,
q00105,WixQA,person,26,https://huggingface.co/datasets/Wix/WixQA,wixqa_simulated:26,,
q00106,QMSum,person,train-152-1,https://github.com/Yale-LILY/QMSum,qmsum:train-152,,
q00107,Ubuntu help chat,"AI, from a real document",ubuntu-irc-val-9906,https://huggingface.co/datasets/jkkummerfeld/irc_disentangle,ubuntu_irc:ubuntu-irc-val-9906,,
q00108,MASSIVE,person,15790,https://github.com/alexa/massive,massive_email:15790,,
q00109,MASSIVE,person,16641,https://github.com/alexa/massive,massive_email:16641,,
q00110,Apache Kafka Jira,"AI, from a real document",KAFKA-14646,https://issues.apache.org/jira/browse/KAFKA-14646,kafka_jira:KAFKA-14646,,
q00111,Apache Kafka Jira,"AI, from a real document",KAFKA-13375,https://issues.apache.org/jira/browse/KAFKA-13375,kafka_jira:KAFKA-13375,,
q00112,Hard cases (generated),AI-generated,sr-g0513,data/v2/inputs/old_dataset.xlsx,old_generated:sr-g0513,kb,False
q00113,CLINC150,person,18660,https://huggingface.co/datasets/clinc/clinc_oos,clinc_public:18660,,
q00114,CLINC150,person,12044,https://huggingface.co/datasets/clinc/clinc_oos,clinc_smalltalk:12044,,
q00115,QMSum,person,val-31-5,https://github.com/Yale-LILY/QMSum,qmsum:val-31,,
q00116,Hard cases (generated),AI-generated,sr-g0724,data/v2/inputs/old_dataset.xlsx,old_generated:sr-g0724,slack|gmail,False
q00117,EnterpriseRAG-Bench,benchmark,qst_0358,https://huggingface.co/datasets/onyx-dot-app/EnterpriseRAG-Bench,enterprise_rag:qst_0358,,
q00118,Hard cases (generated),AI-generated,sr-g0712,data/v2/inputs/old_dataset.xlsx,old_generated:sr-g0712,jira|notion,False
q00119,Hard cases (generated),AI-generated,sr-g0507,data/v2/inputs/old_dataset.xlsx,old_generated:sr-g0507,gmail,False
q00120,WixQA,person,81,https://huggingface.co/datasets/Wix/WixQA,wixqa_simulated:81,,
q00121,QMSum,person,train-119-0,https://github.com/Yale-LILY/QMSum,qmsum:train-119,,
q00122,MASSIVE,person,16274,https://github.com/alexa/massive,massive_email:16274,,
q00123,EnterpriseRAG-Bench,benchmark,qst_0263,https://huggingface.co/datasets/onyx-dot-app/EnterpriseRAG-Bench,enterprise_rag:qst_0263,,
q00124,CLINC150,person,17675,https://huggingface.co/datasets/clinc/clinc_oos,clinc_hr:17675,,
q00125,Natural Questions,person,405,https://huggingface.co/datasets/google-research-datasets/nq_open,nq_open:405,,
q00126,WixQA,person,97,https://huggingface.co/datasets/Wix/WixQA,wixqa_expert:97,,
q00127,Hard cases (generated),AI-generated,sr-g0661,data/v2/inputs/old_dataset.xlsx,old_generated:sr-g0661,jira,False
q00128,WixQA,person,131,https://huggingface.co/datasets/Wix/WixQA,wixqa_expert:131,,
q00129,MASSIVE,person,17178,https://github.com/alexa/massive,massive_email:17178,,
q00130,Hard cases (generated),AI-generated,sr-g0662,data/v2/inputs/old_dataset.xlsx,old_generated:sr-g0662,jira,False
q00131,EnterpriseRAG-Bench,benchmark,qst_0169,https://huggingface.co/datasets/onyx-dot-app/EnterpriseRAG-Bench,enterprise_rag:qst_0169,,
q00132,Apache Kafka Confluence,"AI, from a real document",cwiki-61320744,https://cwiki.apache.org/confluence/spaces/KAFKA/pages/61320744/KIP-35+-+Retrieving+protocol+version,kafka_kips:cwiki-61320744,,
q00133,Hard cases (generated),AI-generated,sr-g0822,data/v2/inputs/old_dataset.xlsx,old_generated:sr-g0822,notion|kb,False
q00134,Ubuntu help chat,"AI, from a real document",ubuntu-irc-tes-13039,https://huggingface.co/datasets/jkkummerfeld/irc_disentangle,ubuntu_irc:ubuntu-irc-tes-13039,,
q00135,CLINC150,person,6520,https://huggingface.co/datasets/clinc/clinc_oos,clinc_smalltalk:6520,,
q00136,MASSIVE,person,16462,https://github.com/alexa/massive,massive_email:16462,,
q00137,Natural Questions,person,3604,https://huggingface.co/datasets/google-research-datasets/nq_open,nq_open:3604,,
q00138,EnterpriseRAG-Bench,benchmark,qst_0398,https://huggingface.co/datasets/onyx-dot-app/EnterpriseRAG-Bench,enterprise_rag:qst_0398,,
q00139,ConcurrentQA,person,PAIRIDX:25169,https://huggingface.co/datasets/stanfordnlp/concurrentqa,concurrentqa_wiki:PAIRIDX:25169,,
q00140,Apache Kafka Confluence,"AI, from a real document",cwiki-66853988,https://cwiki.apache.org/confluence/spaces/KAFKA/pages/66853988/KIP-95+Incremental+Batch+Processing+for+Kafka+Streams,kafka_kips:cwiki-66853988,,
q00141,Apache Kafka Jira,"AI, from a real document",KAFKA-18916,https://issues.apache.org/jira/browse/KAFKA-18916,kafka_jira:KAFKA-18916,,
q00142,EnterpriseRAG-Bench,benchmark,qst_0092,https://huggingface.co/datasets/onyx-dot-app/EnterpriseRAG-Bench,enterprise_rag:qst_0092,,
q00143,Hard cases (generated),AI-generated,sr-g0380,data/v2/inputs/old_dataset.xlsx,old_generated:sr-g0380,jira,False
q00144,Apache Kafka Jira,"AI, from a real document",KAFKA-20394,https://issues.apache.org/jira/browse/KAFKA-20394,kafka_jira:KAFKA-20394,,
q00145,Ubuntu help chat,"AI, from a real document",ubuntu-irc-tes-11337,https://huggingface.co/datasets/jkkummerfeld/irc_disentangle,ubuntu_irc:ubuntu-irc-tes-11337,,
q00146,WixQA,person,178,https://huggingface.co/datasets/Wix/WixQA,wixqa_expert:178,,
q00147,Hard cases (hand-written),hand-written,sr-h0263,data/v2/inputs/old_dataset.xlsx,old_human:sr-h0263,notion,False
q00148,Natural Questions,person,275,https://huggingface.co/datasets/google-research-datasets/nq_open,nq_open:275,,
q00149,Apache Kafka Jira,"AI, from a real document",KAFKA-13391,https://issues.apache.org/jira/browse/KAFKA-13391,kafka_jira:KAFKA-13391,,
q00150,WixQA,person,181,https://huggingface.co/datasets/Wix/WixQA,wixqa_expert:181,,
q00151,Natural Questions,person,137,https://huggingface.co/datasets/google-research-datasets/nq_open,nq_open:137,,
q00152,Hard cases (generated),AI-generated,sr-g0708,data/v2/inputs/old_dataset.xlsx,old_generated:sr-g0708,slack|notion,False
q00153,MASSIVE,person,13615,https://github.com/alexa/massive,massive_qa:13615,,
q00154,Hard cases (generated),AI-generated,sr-g0796,data/v2/inputs/old_dataset.xlsx,old_generated:sr-g0796,slack|jira|kb,False
q00155,Natural Questions,person,1462,https://huggingface.co/datasets/google-research-datasets/nq_open,nq_open:1462,,
q00156,Apache Kafka Jira,"AI, from a real document",KAFKA-14025,https://issues.apache.org/jira/browse/KAFKA-14025,kafka_jira:KAFKA-14025,,
q00157,CLINC150,person,22573,https://huggingface.co/datasets/clinc/clinc_oos,clinc_smalltalk:22573,,
q00158,MASSIVE,person,16543,https://github.com/alexa/massive,massive_email:16543,,
q00159,Apache Kafka Confluence,"AI, from a real document",cwiki-255070195,https://cwiki.apache.org/confluence/spaces/KAFKA/pages/255070195/KIP-930+Rename+ambiguous+Tiered+Storage+Metrics,kafka_kips:cwiki-255070195,,
q00160,Hard cases (generated),AI-generated,sr-g0514,data/v2/inputs/old_dataset.xlsx,old_generated:sr-g0514,kb,False
q00161,CLINC150,person,21962,https://huggingface.co/datasets/clinc/clinc_oos,clinc_smalltalk:21962,,
q00162,EnterpriseRAG-Bench,benchmark,qst_0194,https://huggingface.co/datasets/onyx-dot-app/EnterpriseRAG-Bench,enterprise_rag:qst_0194,,
q00163,Ubuntu help chat,"AI, from a real document",ubuntu-irc-val-8536,https://huggingface.co/datasets/jkkummerfeld/irc_disentangle,ubuntu_irc:ubuntu-irc-val-8536,,
q00164,Hard cases (generated),AI-generated,sr-g0574,data/v2/inputs/old_dataset.xlsx,old_generated:sr-g0574,kb,False
q00165,CLINC150,person,2921,https://huggingface.co/datasets/clinc/clinc_oos,clinc_smalltalk:2921,,
q00166,Apache Kafka Jira,"AI, from a real document",KAFKA-17966,https://issues.apache.org/jira/browse/KAFKA-17966,kafka_jira:KAFKA-17966,,
q00167,WixQA,person,187,https://huggingface.co/datasets/Wix/WixQA,wixqa_simulated:187,,
q00168,Hard cases (generated),AI-generated,sr-g0454,data/v2/inputs/old_dataset.xlsx,old_generated:sr-g0454,slack,False
q00169,Hard cases (generated),AI-generated,sr-g0599,data/v2/inputs/old_dataset.xlsx,old_generated:sr-g0599,,False
q00170,QMSum,person,train-69-0,https://github.com/Yale-LILY/QMSum,qmsum:train-69,,
q00171,Hard cases (hand-written),hand-written,sr-h0229,data/v2/inputs/old_dataset.xlsx,old_human:sr-h0229,slack|jira|gmail|kb,False
q00172,Hard cases (generated),AI-generated,sr-g0429,data/v2/inputs/old_dataset.xlsx,old_generated:sr-g0429,kb,False
q00173,MASSIVE,person,16328,https://github.com/alexa/massive,massive_email:16328,,
q00174,EnterpriseRAG-Bench,benchmark,qst_0378,https://huggingface.co/datasets/onyx-dot-app/EnterpriseRAG-Bench,enterprise_rag:qst_0378,,
q00175,Hard cases (generated),AI-generated,sr-g0606,data/v2/inputs/old_dataset.xlsx,old_generated:sr-g0606,,False
q00176,CLINC150,person,22350,https://huggingface.co/datasets/clinc/clinc_oos,clinc_smalltalk:22350,,
q00177,CLINC150,person,19191,https://huggingface.co/datasets/clinc/clinc_oos,clinc_hr:19191,,
q00178,CLINC150,person,9643,https://huggingface.co/datasets/clinc/clinc_oos,clinc_smalltalk:9643,,
q00179,Apache Kafka Jira,"AI, from a real document",KAFKA-16133,https://issues.apache.org/jira/browse/KAFKA-16133,kafka_jira:KAFKA-16133,,
q00180,MASSIVE,person,16919,https://github.com/alexa/massive,massive_email:16919,,
q00181,CLINC150,person,18059,https://huggingface.co/datasets/clinc/clinc_oos,clinc_smalltalk:18059,,
q00182,Ubuntu help chat,"AI, from a real document",ubuntu-irc-val-12444,https://huggingface.co/datasets/jkkummerfeld/irc_disentangle,ubuntu_irc:ubuntu-irc-val-12444,,
q00183,MASSIVE,person,17003,https://github.com/alexa/massive,massive_email:17003,,
q00184,Hard cases (generated),AI-generated,sr-g0592,data/v2/inputs/old_dataset.xlsx,old_generated:sr-g0592,,False
q00185,QMSum,person,test-16-3,https://github.com/Yale-LILY/QMSum,qmsum:test-16,,
q00186,EnterpriseRAG-Bench,benchmark,qst_0083,https://huggingface.co/datasets/onyx-dot-app/EnterpriseRAG-Bench,enterprise_rag:qst_0083,,
q00187,Hard cases (generated),AI-generated,sr-g0434,data/v2/inputs/old_dataset.xlsx,old_generated:sr-g0434,kb,False
q00188,MASSIVE,person,15988,https://github.com/alexa/massive,massive_email:15988,,
q00189,CLINC150,person,16556,https://huggingface.co/datasets/clinc/clinc_oos,clinc_smalltalk:16556,,
q00190,EnterpriseRAG-Bench,benchmark,qst_0252,https://huggingface.co/datasets/onyx-dot-app/EnterpriseRAG-Bench,enterprise_rag:qst_0252,,
q00191,EnterpriseRAG-Bench,benchmark,qst_0094,https://huggingface.co/datasets/onyx-dot-app/EnterpriseRAG-Bench,enterprise_rag:qst_0094,,
q00192,Apache Kafka Confluence,"AI, from a real document",cwiki-318606836,https://cwiki.apache.org/confluence/spaces/KAFKA/pages/318606836/KIP-1088+Replace+KafkaClientSupplier+with+KafkaClientInterceptor,kafka_kips:cwiki-318606836,,
q00193,Apache Kafka Confluence,"AI, from a real document",cwiki-278465024,https://cwiki.apache.org/confluence/spaces/KAFKA/pages/278465024/KIP-997+update+WindowRangeQuery+and+unify+WindowKeyQuery+and+WindowRangeQuery,kafka_kips:cwiki-278465024,,
q00194,Apache Kafka Confluence,"AI, from a real document",cwiki-132321373,https://cwiki.apache.org/confluence/spaces/KAFKA/pages/132321373/KIP-537+Increase+default+zookeeper+session+timeout,kafka_kips:cwiki-132321373,,
q00195,CLINC150,person,12115,https://huggingface.co/datasets/clinc/clinc_oos,clinc_hr:12115,,
q00196,EnterpriseRAG-Bench,benchmark,qst_0365,https://huggingface.co/datasets/onyx-dot-app/EnterpriseRAG-Bench,enterprise_rag:qst_0365,,
q00197,EnterpriseRAG-Bench,benchmark,qst_0122,https://huggingface.co/datasets/onyx-dot-app/EnterpriseRAG-Bench,enterprise_rag:qst_0122,,
q00198,CLINC150,person,572,https://huggingface.co/datasets/clinc/clinc_oos,clinc_hr:572,,
q00199,Hard cases (generated),AI-generated,sr-g0424,data/v2/inputs/old_dataset.xlsx,old_generated:sr-g0424,kb,False
q00200,MASSIVE,person,13360,https://github.com/alexa/massive,massive_qa:13360,,
q00201,Natural Questions,person,1055,https://huggingface.co/datasets/google-research-datasets/nq_open,nq_open:1055,,
q00202,Natural Questions,person,1449,https://huggingface.co/datasets/google-research-datasets/nq_open,nq_open:1449,,
q00203,Ubuntu help chat,"AI, from a real document",ubuntu-irc-val-6184,https://huggingface.co/datasets/jkkummerfeld/irc_disentangle,ubuntu_irc:ubuntu-irc-val-6184,,
q00204,CLINC150,person,18443,https://huggingface.co/datasets/clinc/clinc_oos,clinc_public:18443,,
q00205,Hard cases (generated),AI-generated,sr-g0807,data/v2/inputs/old_dataset.xlsx,old_generated:sr-g0807,slack|notion,False
q00206,Apache Kafka Confluence,"AI, from a real document",cwiki-120722025,https://cwiki.apache.org/confluence/spaces/KAFKA/pages/120722025/KIP-480+Sticky+Partitioner,kafka_kips:cwiki-120722025,,
q00207,CLINC150,person,357,https://huggingface.co/datasets/clinc/clinc_oos,clinc_public:357,,
q00208,Hard cases (generated),AI-generated,sr-g0528,data/v2/inputs/old_dataset.xlsx,old_generated:sr-g0528,kb,False
q00209,CLINC150,person,7669,https://huggingface.co/datasets/clinc/clinc_oos,clinc_hr:7669,,
q00210,CLINC150,person,1043,https://huggingface.co/datasets/clinc/clinc_oos,clinc_public:1043,,
q00211,MASSIVE,person,16997,https://github.com/alexa/massive,massive_email:16997,,
q00212,Hard cases (generated),AI-generated,sr-g0768,data/v2/inputs/old_dataset.xlsx,old_generated:sr-g0768,gmail|kb,False
q00213,QMSum,person,train-158-8,https://github.com/Yale-LILY/QMSum,qmsum:train-158,,
q00214,Ubuntu help chat,"AI, from a real document",ubuntu-irc-tes-13281,https://huggingface.co/datasets/jkkummerfeld/irc_disentangle,ubuntu_irc:ubuntu-irc-tes-13281,,
q00215,MASSIVE,person,14447,https://github.com/alexa/massive,massive_qa:14447,,
q00216,Hard cases (generated),AI-generated,sr-g0385,data/v2/inputs/old_dataset.xlsx,old_generated:sr-g0385,notion,True
q00217,QMSum,person,train-147-4,https://github.com/Yale-LILY/QMSum,qmsum:train-147,,
q00218,EnterpriseRAG-Bench,benchmark,qst_0012,https://huggingface.co/datasets/onyx-dot-app/EnterpriseRAG-Bench,enterprise_rag:qst_0012,,
q00219,Apache Kafka Jira,"AI, from a real document",KAFKA-12715,https://issues.apache.org/jira/browse/KAFKA-12715,kafka_jira:KAFKA-12715,,
q00220,Hard cases (generated),AI-generated,sr-g0751,data/v2/inputs/old_dataset.xlsx,old_generated:sr-g0751,slack|notion,False
q00221,Hard cases (generated),AI-generated,sr-g0734,data/v2/inputs/old_dataset.xlsx,old_generated:sr-g0734,gmail|kb,False
q00222,EnterpriseRAG-Bench,benchmark,qst_0048,https://huggingface.co/datasets/onyx-dot-app/EnterpriseRAG-Bench,enterprise_rag:qst_0048,,
q00223,WixQA,person,161,https://huggingface.co/datasets/Wix/WixQA,wixqa_simulated:161,,
q00224,Ubuntu help chat,"AI, from a real document",ubuntu-irc-val-8671,https://huggingface.co/datasets/jkkummerfeld/irc_disentangle,ubuntu_irc:ubuntu-irc-val-8671,,
q00225,QMSum,person,train-40-2,https://github.com/Yale-LILY/QMSum,qmsum:train-40,,
q00226,EnterpriseRAG-Bench,benchmark,qst_0469,https://huggingface.co/datasets/onyx-dot-app/EnterpriseRAG-Bench,enterprise_rag:qst_0469,,
q00227,CLINC150,person,14059,https://huggingface.co/datasets/clinc/clinc_oos,clinc_smalltalk:14059,,
q00228,QMSum,person,train-99-0,https://github.com/Yale-LILY/QMSum,qmsum:train-99,,
q00229,ConcurrentQA,person,PAIRIDX:36367,https://huggingface.co/datasets/stanfordnlp/concurrentqa,concurrentqa_wiki:PAIRIDX:36367,,
q00230,Hard cases (generated),AI-generated,sr-g0588,data/v2/inputs/old_dataset.xlsx,old_generated:sr-g0588,,False
q00231,QMSum,person,val-25-4,https://github.com/Yale-LILY/QMSum,qmsum:val-25,,
q00232,EnterpriseRAG-Bench,benchmark,qst_0446,https://huggingface.co/datasets/onyx-dot-app/EnterpriseRAG-Bench,enterprise_rag:qst_0446,,
q00233,Hard cases (generated),AI-generated,sr-g0767,data/v2/inputs/old_dataset.xlsx,old_generated:sr-g0767,jira|kb,False
q00234,Hard cases (generated),AI-generated,sr-g0417,data/v2/inputs/old_dataset.xlsx,old_generated:sr-g0417,gmail,False
q00235,EnterpriseRAG-Bench,benchmark,qst_0465,https://huggingface.co/datasets/onyx-dot-app/EnterpriseRAG-Bench,enterprise_rag:qst_0465,,
q00236,CLINC150,person,20642,https://huggingface.co/datasets/clinc/clinc_oos,clinc_hr:20642,,
q00237,QMSum,person,train-155-6,https://github.com/Yale-LILY/QMSum,qmsum:train-155,,
q00238,Ubuntu help chat,"AI, from a real document",ubuntu-irc-tes-13316,https://huggingface.co/datasets/jkkummerfeld/irc_disentangle,ubuntu_irc:ubuntu-irc-tes-13316,,
q00239,Natural Questions,person,320,https://huggingface.co/datasets/google-research-datasets/nq_open,nq_open:320,,
q00240,ConcurrentQA,person,PAIRIDX:23947,https://huggingface.co/datasets/stanfordnlp/concurrentqa,concurrentqa_wiki:PAIRIDX:23947,,
q00241,Hard cases (generated),AI-generated,sr-g0831,data/v2/inputs/old_dataset.xlsx,old_generated:sr-g0831,notion|kb,False
q00242,ConcurrentQA,person,PAIRIDX:386,https://huggingface.co/datasets/stanfordnlp/concurrentqa,concurrentqa_wiki:PAIRIDX:386,,
q00243,EnterpriseRAG-Bench,benchmark,qst_0171,https://huggingface.co/datasets/onyx-dot-app/EnterpriseRAG-Bench,enterprise_rag:qst_0171,,
q00244,CLINC150,person,2919,https://huggingface.co/datasets/clinc/clinc_oos,clinc_smalltalk:2919,,
q00245,Hard cases (generated),AI-generated,sr-g0704,data/v2/inputs/old_dataset.xlsx,old_generated:sr-g0704,notion|kb,True
q00246,CLINC150,person,2124,https://huggingface.co/datasets/clinc/clinc_oos,clinc_smalltalk:2124,,
q00247,QMSum,person,train-84-5,https://github.com/Yale-LILY/QMSum,qmsum:train-84,,
q00248,CLINC150,person,1032,https://huggingface.co/datasets/clinc/clinc_oos,clinc_public:1032,,
q00249,Ubuntu help chat,"AI, from a real document",ubuntu-irc-tes-8561,https://huggingface.co/datasets/jkkummerfeld/irc_disentangle,ubuntu_irc:ubuntu-irc-tes-8561,,
q00250,Hard cases (generated),AI-generated,sr-g0769,data/v2/inputs/old_dataset.xlsx,old_generated:sr-g0769,gmail|kb,False
q00251,Hard cases (generated),AI-generated,sr-g0825,data/v2/inputs/old_dataset.xlsx,old_generated:sr-g0825,notion|kb,False
q00252,Natural Questions,person,1397,https://huggingface.co/datasets/google-research-datasets/nq_open,nq_open:1397,,
q00253,CLINC150,person,1026,https://huggingface.co/datasets/clinc/clinc_oos,clinc_public:1026,,
q00254,Hard cases (generated),AI-generated,sr-g0537,data/v2/inputs/old_dataset.xlsx,old_generated:sr-g0537,slack,False
q00255,Natural Questions,person,1027,https://huggingface.co/datasets/google-research-datasets/nq_open,nq_open:1027,,
q00256,QMSum,person,train-60-2,https://github.com/Yale-LILY/QMSum,qmsum:train-60,,
q00257,Hard cases (generated),AI-generated,sr-g0648,data/v2/inputs/old_dataset.xlsx,old_generated:sr-g0648,slack,False
q00258,EnterpriseRAG-Bench,benchmark,qst_0175,https://huggingface.co/datasets/onyx-dot-app/EnterpriseRAG-Bench,enterprise_rag:qst_0175,,
q00259,Ubuntu help chat,"AI, from a real document",ubuntu-irc-tes-5591,https://huggingface.co/datasets/jkkummerfeld/irc_disentangle,ubuntu_irc:ubuntu-irc-tes-5591,,
q00260,Ubuntu help chat,"AI, from a real document",ubuntu-irc-tes-5510,https://huggingface.co/datasets/jkkummerfeld/irc_disentangle,ubuntu_irc:ubuntu-irc-tes-5510,,
q00261,CLINC150,person,2843,https://huggingface.co/datasets/clinc/clinc_oos,clinc_hr:2843,,
q00262,Hard cases (generated),AI-generated,sr-g0532,data/v2/inputs/old_dataset.xlsx,old_generated:sr-g0532,slack,False
q00263,EnterpriseRAG-Bench,benchmark,qst_0009,https://huggingface.co/datasets/onyx-dot-app/EnterpriseRAG-Bench,enterprise_rag:qst_0009,,
q00264,Apache Kafka Confluence,"AI, from a real document",cwiki-165224794,https://cwiki.apache.org/confluence/spaces/KAFKA/pages/165224794/KIP-685+Loosen+permission+for+listing+reassignments,kafka_kips:cwiki-165224794,,
q00265,Apache Kafka Jira,"AI, from a real document",KAFKA-14746,https://issues.apache.org/jira/browse/KAFKA-14746,kafka_jira:KAFKA-14746,,
q00266,Apache Kafka Confluence,"AI, from a real document",cwiki-87297159,https://cwiki.apache.org/confluence/spaces/KAFKA/pages/87297159/KIP-332+Update+AclCommand+to+use+AdminClient+API,kafka_kips:cwiki-87297159,,
q00267,Hard cases (generated),AI-generated,sr-g0634,data/v2/inputs/old_dataset.xlsx,old_generated:sr-g0634,,False
q00268,EnterpriseRAG-Bench,benchmark,qst_0414,https://huggingface.co/datasets/onyx-dot-app/EnterpriseRAG-Bench,enterprise_rag:qst_0414,,
q00269,Apache Kafka Jira,"AI, from a real document",KAFKA-14686,https://issues.apache.org/jira/browse/KAFKA-14686,kafka_jira:KAFKA-14686,,
q00270,ConcurrentQA,person,PAIRIDX:37357,https://huggingface.co/datasets/stanfordnlp/concurrentqa,concurrentqa_wiki:PAIRIDX:37357,,
q00271,CLINC150,person,18440,https://huggingface.co/datasets/clinc/clinc_oos,clinc_public:18440,,
q00272,QMSum,person,test-16-5,https://github.com/Yale-LILY/QMSum,qmsum:test-16,,
q00273,Hard cases (generated),AI-generated,sr-g0473,data/v2/inputs/old_dataset.xlsx,old_generated:sr-g0473,jira,False
q00274,EnterpriseRAG-Bench,benchmark,qst_0156,https://huggingface.co/datasets/onyx-dot-app/EnterpriseRAG-Bench,enterprise_rag:qst_0156,,
q00275,Hard cases (generated),AI-generated,sr-g0368,data/v2/inputs/old_dataset.xlsx,old_generated:sr-g0368,jira,False
q00276,Natural Questions,person,1390,https://huggingface.co/datasets/google-research-datasets/nq_open,nq_open:1390,,
q00277,Hard cases (generated),AI-generated,sr-g0357,data/v2/inputs/old_dataset.xlsx,old_generated:sr-g0357,slack,False
q00278,Hard cases (generated),AI-generated,sr-g0783,data/v2/inputs/old_dataset.xlsx,old_generated:sr-g0783,notion|jira|kb,False
q00279,MASSIVE,person,16101,https://github.com/alexa/massive,massive_email:16101,,
q00280,Hard cases (generated),AI-generated,sr-g0689,data/v2/inputs/old_dataset.xlsx,old_generated:sr-g0689,kb,False
q00281,Hard cases (generated),AI-generated,sr-g0474,data/v2/inputs/old_dataset.xlsx,old_generated:sr-g0474,jira,False
q00282,Natural Questions,person,1232,https://huggingface.co/datasets/google-research-datasets/nq_open,nq_open:1232,,
q00283,EnterpriseRAG-Bench,benchmark,qst_0183,https://huggingface.co/datasets/onyx-dot-app/EnterpriseRAG-Bench,enterprise_rag:qst_0183,,
q00284,WixQA,person,179,https://huggingface.co/datasets/Wix/WixQA,wixqa_expert:179,,
q00285,CLINC150,person,2800,https://huggingface.co/datasets/clinc/clinc_oos,clinc_hr:2800,,
q00286,EnterpriseRAG-Bench,benchmark,qst_0221,https://huggingface.co/datasets/onyx-dot-app/EnterpriseRAG-Bench,enterprise_rag:qst_0221,,
q00287,MASSIVE,person,16842,https://github.com/alexa/massive,massive_email:16842,,
q00288,Natural Questions,person,29,https://huggingface.co/datasets/google-research-datasets/nq_open,nq_open:29,,
q00289,QMSum,person,train-101-3,https://github.com/Yale-LILY/QMSum,qmsum:train-101,,
q00290,Natural Questions,person,3109,https://huggingface.co/datasets/google-research-datasets/nq_open,nq_open:3109,,
q00291,CLINC150,person,2101,https://huggingface.co/datasets/clinc/clinc_oos,clinc_smalltalk:2101,,
q00292,EnterpriseRAG-Bench,benchmark,qst_0248,https://huggingface.co/datasets/onyx-dot-app/EnterpriseRAG-Bench,enterprise_rag:qst_0248,,
q00293,WixQA,person,23,https://huggingface.co/datasets/Wix/WixQA,wixqa_simulated:23,,
q00294,MASSIVE,person,16913,https://github.com/alexa/massive,massive_email:16913,,
q00295,EnterpriseRAG-Bench,benchmark,qst_0043,https://huggingface.co/datasets/onyx-dot-app/EnterpriseRAG-Bench,enterprise_rag:qst_0043,,
q00296,Hard cases (generated),AI-generated,sr-g0756,data/v2/inputs/old_dataset.xlsx,old_generated:sr-g0756,gmail|notion,False
q00297,QMSum,person,train-137-0,https://github.com/Yale-LILY/QMSum,qmsum:train-137,,
q00298,QMSum,person,train-8-3,https://github.com/Yale-LILY/QMSum,qmsum:train-8,,
q00299,CLINC150,person,1939,https://huggingface.co/datasets/clinc/clinc_oos,clinc_smalltalk:1939,,
q00300,MASSIVE,person,16340,https://github.com/alexa/massive,massive_email:16340,,
q00301,EnterpriseRAG-Bench,benchmark,qst_0320,https://huggingface.co/datasets/onyx-dot-app/EnterpriseRAG-Bench,enterprise_rag:qst_0320,,
q00302,WixQA,person,73,https://huggingface.co/datasets/Wix/WixQA,wixqa_simulated:73,,
q00303,CLINC150,person,19804,https://huggingface.co/datasets/clinc/clinc_oos,clinc_hr:19804,,
q00304,Natural Questions,person,2713,https://huggingface.co/datasets/google-research-datasets/nq_open,nq_open:2713,,
q00305,Ubuntu help chat,"AI, from a real document",ubuntu-irc-tes-5412,https://huggingface.co/datasets/jkkummerfeld/irc_disentangle,ubuntu_irc:ubuntu-irc-tes-5412,,
q00306,Hard cases (generated),AI-generated,sr-g0384,data/v2/inputs/old_dataset.xlsx,old_generated:sr-g0384,notion,True
q00307,CLINC150,person,1200,https://huggingface.co/datasets/clinc/clinc_oos,clinc_hr:1200,,
q00308,MASSIVE,person,16731,https://github.com/alexa/massive,massive_email:16731,,
q00309,CLINC150,person,344,https://huggingface.co/datasets/clinc/clinc_oos,clinc_public:344,,
q00310,Hard cases (generated),AI-generated,sr-g0551,data/v2/inputs/old_dataset.xlsx,old_generated:sr-g0551,notion,True
q00311,Ubuntu help chat,"AI, from a real document",ubuntu-irc-val-12287,https://huggingface.co/datasets/jkkummerfeld/irc_disentangle,ubuntu_irc:ubuntu-irc-val-12287,,
q00312,Hard cases (generated),AI-generated,sr-g0877,data/v2/inputs/old_dataset.xlsx,old_generated:sr-g0877,jira,False
q00313,Ubuntu help chat,"AI, from a real document",ubuntu-irc-val-12473,https://huggingface.co/datasets/jkkummerfeld/irc_disentangle,ubuntu_irc:ubuntu-irc-val-12473,,
q00314,Hard cases (generated),AI-generated,sr-g0439,data/v2/inputs/old_dataset.xlsx,old_generated:sr-g0439,slack,False
q00315,CLINC150,person,9691,https://huggingface.co/datasets/clinc/clinc_oos,clinc_smalltalk:9691,,
q00316,MASSIVE,person,16897,https://github.com/alexa/massive,massive_email:16897,,
q00317,Apache Kafka Jira,"AI, from a real document",KAFKA-13419,https://issues.apache.org/jira/browse/KAFKA-13419,kafka_jira:KAFKA-13419,,
q00318,QMSum,person,test-13-3,https://github.com/Yale-LILY/QMSum,qmsum:test-13,,
q00319,EnterpriseRAG-Bench,benchmark,qst_0231,https://huggingface.co/datasets/onyx-dot-app/EnterpriseRAG-Bench,enterprise_rag:qst_0231,,
q00320,Ubuntu help chat,"AI, from a real document",ubuntu-irc-val-12396,https://huggingface.co/datasets/jkkummerfeld/irc_disentangle,ubuntu_irc:ubuntu-irc-val-12396,,
q00321,Apache Kafka Jira,"AI, from a real document",KAFKA-15409,https://issues.apache.org/jira/browse/KAFKA-15409,kafka_jira:KAFKA-15409,,
q00322,Natural Questions,person,1038,https://huggingface.co/datasets/google-research-datasets/nq_open,nq_open:1038,,
q00323,Hard cases (generated),AI-generated,sr-g0741,data/v2/inputs/old_dataset.xlsx,old_generated:sr-g0741,slack|jira,False
q00324,Hard cases (generated),AI-generated,sr-g0526,data/v2/inputs/old_dataset.xlsx,old_generated:sr-g0526,kb,False
q00325,QMSum,person,val-15-1,https://github.com/Yale-LILY/QMSum,qmsum:val-15,,
q00326,Hard cases (generated),AI-generated,sr-g0408,data/v2/inputs/old_dataset.xlsx,old_generated:sr-g0408,gmail,False
q00327,Hard cases (hand-written),hand-written,sr-h0242,data/v2/inputs/old_dataset.xlsx,old_human:sr-h0242,notion,True
q00328,Apache Kafka Jira,"AI, from a real document",KAFKA-20396,https://issues.apache.org/jira/browse/KAFKA-20396,kafka_jira:KAFKA-20396,,
q00329,QMSum,person,train-3-3,https://github.com/Yale-LILY/QMSum,qmsum:train-3,,
q00330,Hard cases (generated),AI-generated,sr-g0564,data/v2/inputs/old_dataset.xlsx,old_generated:sr-g0564,gmail,False
q00331,EnterpriseRAG-Bench,benchmark,qst_0357,https://huggingface.co/datasets/onyx-dot-app/EnterpriseRAG-Bench,enterprise_rag:qst_0357,,
q00332,Apache Kafka Confluence,"AI, from a real document",cwiki-89068660,https://cwiki.apache.org/confluence/spaces/KAFKA/pages/89068660/KIP-359+Verify+leader+epoch+in+produce+requests,kafka_kips:cwiki-89068660,,
q00333,Hard cases (generated),AI-generated,sr-g0615,data/v2/inputs/old_dataset.xlsx,old_generated:sr-g0615,,False
q00334,Ubuntu help chat,"AI, from a real document",ubuntu-irc-val-6171,https://huggingface.co/datasets/jkkummerfeld/irc_disentangle,ubuntu_irc:ubuntu-irc-val-6171,,
q00335,EnterpriseRAG-Bench,benchmark,qst_0246,https://huggingface.co/datasets/onyx-dot-app/EnterpriseRAG-Bench,enterprise_rag:qst_0246,,
q00336,Ubuntu help chat,"AI, from a real document",ubuntu-irc-tes-14930,https://huggingface.co/datasets/jkkummerfeld/irc_disentangle,ubuntu_irc:ubuntu-irc-tes-14930,,
q00337,Hard cases (generated),AI-generated,sr-g0834,data/v2/inputs/old_dataset.xlsx,old_generated:sr-g0834,slack|jira,False
q00338,Hard cases (generated),AI-generated,sr-g0468,data/v2/inputs/old_dataset.xlsx,old_generated:sr-g0468,jira,False
q00339,Apache Kafka Jira,"AI, from a real document",KAFKA-12720,https://issues.apache.org/jira/browse/KAFKA-12720,kafka_jira:KAFKA-12720,,
q00340,Apache Kafka Confluence,"AI, from a real document",cwiki-345377884,https://cwiki.apache.org/confluence/spaces/KAFKA/pages/345377884/KIP-1148+Remove+log.cleaner.enable+and+set+lower+bound+1+to+log.cleaner.threads,kafka_kips:cwiki-345377884,,
q00341,CLINC150,person,17024,https://huggingface.co/datasets/clinc/clinc_oos,clinc_hr:17024,,
q00342,QMSum,person,train-20-1,https://github.com/Yale-LILY/QMSum,qmsum:train-20,,
q00343,CLINC150,person,19204,https://huggingface.co/datasets/clinc/clinc_oos,clinc_hr:19204,,
q00344,EnterpriseRAG-Bench,benchmark,qst_0448,https://huggingface.co/datasets/onyx-dot-app/EnterpriseRAG-Bench,enterprise_rag:qst_0448,,
q00345,CLINC150,person,1972,https://huggingface.co/datasets/clinc/clinc_oos,clinc_smalltalk:1972,,
q00346,CLINC150,person,9637,https://huggingface.co/datasets/clinc/clinc_oos,clinc_smalltalk:9637,,
q00347,Hard cases (generated),AI-generated,sr-g0460,data/v2/inputs/old_dataset.xlsx,old_generated:sr-g0460,jira,False
q00348,Ubuntu help chat,"AI, from a real document",ubuntu-irc-tes-14545,https://huggingface.co/datasets/jkkummerfeld/irc_disentangle,ubuntu_irc:ubuntu-irc-tes-14545,,
q00349,ConcurrentQA,person,PAIRIDX:33863,https://huggingface.co/datasets/stanfordnlp/concurrentqa,concurrentqa_wiki:PAIRIDX:33863,,
q00350,EnterpriseRAG-Bench,benchmark,qst_0330,https://huggingface.co/datasets/onyx-dot-app/EnterpriseRAG-Bench,enterprise_rag:qst_0330,,
q00351,EnterpriseRAG-Bench,benchmark,qst_0375,https://huggingface.co/datasets/onyx-dot-app/EnterpriseRAG-Bench,enterprise_rag:qst_0375,,
q00352,Hard cases (generated),AI-generated,sr-g0565,data/v2/inputs/old_dataset.xlsx,old_generated:sr-g0565,gmail,False
q00353,Natural Questions,person,3295,https://huggingface.co/datasets/google-research-datasets/nq_open,nq_open:3295,,
q00354,Hard cases (hand-written),hand-written,sr-h0249,data/v2/inputs/old_dataset.xlsx,old_human:sr-h0249,slack|notion,False
q00355,EnterpriseRAG-Bench,benchmark,qst_0276,https://huggingface.co/datasets/onyx-dot-app/EnterpriseRAG-Bench,enterprise_rag:qst_0276,,
q00356,Ubuntu help chat,"AI, from a real document",ubuntu-irc-tes-13011,https://huggingface.co/datasets/jkkummerfeld/irc_disentangle,ubuntu_irc:ubuntu-irc-tes-13011,,
q00357,Apache Kafka Jira,"AI, from a real document",KAFKA-18913,https://issues.apache.org/jira/browse/KAFKA-18913,kafka_jira:KAFKA-18913,,
q00358,EnterpriseRAG-Bench,benchmark,qst_0196,https://huggingface.co/datasets/onyx-dot-app/EnterpriseRAG-Bench,enterprise_rag:qst_0196,,
q00359,MASSIVE,person,16746,https://github.com/alexa/massive,massive_email:16746,,
q00360,WixQA,person,5,https://huggingface.co/datasets/Wix/WixQA,wixqa_simulated:5,,
q00361,Ubuntu help chat,"AI, from a real document",ubuntu-irc-tes-7398,https://huggingface.co/datasets/jkkummerfeld/irc_disentangle,ubuntu_irc:ubuntu-irc-tes-7398,,
q00362,CLINC150,person,15635,https://huggingface.co/datasets/clinc/clinc_oos,clinc_smalltalk:15635,,
q00363,CLINC150,person,2137,https://huggingface.co/datasets/clinc/clinc_oos,clinc_smalltalk:2137,,
q00364,Apache Kafka Confluence,"AI, from a real document",cwiki-184617612,https://cwiki.apache.org/confluence/spaces/KAFKA/pages/184617612/KIP-763+Range+queries+with+open+endpoints,kafka_kips:cwiki-184617612,,
q00365,WixQA,person,137,https://huggingface.co/datasets/Wix/WixQA,wixqa_simulated:137,,
q00366,CLINC150,person,8803,https://huggingface.co/datasets/clinc/clinc_oos,clinc_hr:8803,,
q00367,EnterpriseRAG-Bench,benchmark,qst_0132,https://huggingface.co/datasets/onyx-dot-app/EnterpriseRAG-Bench,enterprise_rag:qst_0132,,
q00368,CLINC150,person,1238,https://huggingface.co/datasets/clinc/clinc_oos,clinc_hr:1238,,
q00369,Apache Kafka Jira,"AI, from a real document",KAFKA-14041,https://issues.apache.org/jira/browse/KAFKA-14041,kafka_jira:KAFKA-14041,,
q00370,Ubuntu help chat,"AI, from a real document",ubuntu-irc-val-5950,https://huggingface.co/datasets/jkkummerfeld/irc_disentangle,ubuntu_irc:ubuntu-irc-val-5950,,
q00371,MASSIVE,person,16669,https://github.com/alexa/massive,massive_email:16669,,
q00372,Hard cases (generated),AI-generated,sr-g0361,data/v2/inputs/old_dataset.xlsx,old_generated:sr-g0361,slack,False
q00373,EnterpriseRAG-Bench,benchmark,qst_0348,https://huggingface.co/datasets/onyx-dot-app/EnterpriseRAG-Bench,enterprise_rag:qst_0348,,
q00374,CLINC150,person,15321,https://huggingface.co/datasets/clinc/clinc_oos,clinc_public:15321,,
q00375,Ubuntu help chat,"AI, from a real document",ubuntu-irc-tes-10029,https://huggingface.co/datasets/jkkummerfeld/irc_disentangle,ubuntu_irc:ubuntu-irc-tes-10029,,
q00376,Natural Questions,person,1687,https://huggingface.co/datasets/google-research-datasets/nq_open,nq_open:1687,,
q00377,CLINC150,person,7682,https://huggingface.co/datasets/clinc/clinc_oos,clinc_hr:7682,,
q00378,QMSum,person,train-83-2,https://github.com/Yale-LILY/QMSum,qmsum:train-83,,
q00379,CLINC150,person,9617,https://huggingface.co/datasets/clinc/clinc_oos,clinc_smalltalk:9617,,
q00380,CLINC150,person,12023,https://huggingface.co/datasets/clinc/clinc_oos,clinc_smalltalk:12023,,
q00381,Natural Questions,person,1049,https://huggingface.co/datasets/google-research-datasets/nq_open,nq_open:1049,,
q00382,Hard cases (generated),AI-generated,sr-g0359,data/v2/inputs/old_dataset.xlsx,old_generated:sr-g0359,slack,False
q00383,Apache Kafka Jira,"AI, from a real document",KAFKA-18950,https://issues.apache.org/jira/browse/KAFKA-18950,kafka_jira:KAFKA-18950,,
q00384,Hard cases (generated),AI-generated,sr-g0792,data/v2/inputs/old_dataset.xlsx,old_generated:sr-g0792,slack|notion|gmail,True
q00385,QMSum,person,val-23-0,https://github.com/Yale-LILY/QMSum,qmsum:val-23,,
q00386,Hard cases (generated),AI-generated,sr-g0876,data/v2/inputs/old_dataset.xlsx,old_generated:sr-g0876,jira,False
q00387,WixQA,person,39,https://huggingface.co/datasets/Wix/WixQA,wixqa_expert:39,,
q00388,Apache Kafka Confluence,"AI, from a real document",cwiki-406624122,https://cwiki.apache.org/confluence/spaces/KAFKA/pages/406624122/KIP-1315+Split+Connector+Listing+and+Expanded+Views+in+the+Connect+REST+API,kafka_kips:cwiki-406624122,,
q00389,Hard cases (generated),AI-generated,sr-g0842,data/v2/inputs/old_dataset.xlsx,old_generated:sr-g0842,jira|notion,False
q00390,Hard cases (generated),AI-generated,sr-g0487,data/v2/inputs/old_dataset.xlsx,old_generated:sr-g0487,notion,True
q00391,Natural Questions,person,28,https://huggingface.co/datasets/google-research-datasets/nq_open,nq_open:28,,
q00392,CLINC150,person,4874,https://huggingface.co/datasets/clinc/clinc_oos,clinc_hr:4874,,
q00393,CLINC150,person,12086,https://huggingface.co/datasets/clinc/clinc_oos,clinc_smalltalk:12086,,
q00394,Hard cases (generated),AI-generated,sr-g0377,data/v2/inputs/old_dataset.xlsx,old_generated:sr-g0377,jira,False
q00395,CLINC150,person,12082,https://huggingface.co/datasets/clinc/clinc_oos,clinc_smalltalk:12082,,
q00396,EnterpriseRAG-Bench,benchmark,qst_0235,https://huggingface.co/datasets/onyx-dot-app/EnterpriseRAG-Bench,enterprise_rag:qst_0235,,
q00397,QMSum,person,test-33-6,https://github.com/Yale-LILY/QMSum,qmsum:test-33,,
q00398,Hard cases (generated),AI-generated,sr-g0480,data/v2/inputs/old_dataset.xlsx,old_generated:sr-g0480,notion,True
q00399,Ubuntu help chat,"AI, from a real document",ubuntu-irc-tes-11985,https://huggingface.co/datasets/jkkummerfeld/irc_disentangle,ubuntu_irc:ubuntu-irc-tes-11985,,
q00400,Hard cases (generated),AI-generated,sr-g0603,data/v2/inputs/old_dataset.xlsx,old_generated:sr-g0603,,False
q00401,QMSum,person,train-6-2,https://github.com/Yale-LILY/QMSum,qmsum:train-6,,
q00402,Hard cases (generated),AI-generated,sr-g0804,data/v2/inputs/old_dataset.xlsx,old_generated:sr-g0804,slack|notion,False
q00403,QMSum,person,test-34-3,https://github.com/Yale-LILY/QMSum,qmsum:test-34,,
q00404,Apache Kafka Confluence,"AI, from a real document",cwiki-340036132,https://cwiki.apache.org/confluence/spaces/KAFKA/pages/340036132/KIP-1127+Flexible+Windows+for+Late+Arriving+Data,kafka_kips:cwiki-340036132,,
q00405,WixQA,person,194,https://huggingface.co/datasets/Wix/WixQA,wixqa_simulated:194,,
q00406,Apache Kafka Jira,"AI, from a real document",KAFKA-20457,https://issues.apache.org/jira/browse/KAFKA-20457,kafka_jira:KAFKA-20457,,
q00407,Hard cases (generated),AI-generated,sr-g0896,data/v2/inputs/old_dataset.xlsx,old_generated:sr-g0896,jira|kb,False
q00408,CLINC150,person,2109,https://huggingface.co/datasets/clinc/clinc_oos,clinc_smalltalk:2109,,
q00409,EnterpriseRAG-Bench,benchmark,qst_0278,https://huggingface.co/datasets/onyx-dot-app/EnterpriseRAG-Bench,enterprise_rag:qst_0278,,
q00410,CLINC150,person,8809,https://huggingface.co/datasets/clinc/clinc_oos,clinc_hr:8809,,
q00411,CLINC150,person,19791,https://huggingface.co/datasets/clinc/clinc_oos,clinc_hr:19791,,
q00412,Hard cases (generated),AI-generated,sr-g0440,data/v2/inputs/old_dataset.xlsx,old_generated:sr-g0440,slack,False
q00413,Hard cases (generated),AI-generated,sr-g0873,data/v2/inputs/old_dataset.xlsx,old_generated:sr-g0873,slack,False
q00414,Apache Kafka Jira,"AI, from a real document",KAFKA-21140,https://issues.apache.org/jira/browse/KAFKA-21140,kafka_jira:KAFKA-21140,,
q00415,Hard cases (generated),AI-generated,sr-g0771,data/v2/inputs/old_dataset.xlsx,old_generated:sr-g0771,gmail|kb,False
q00416,EnterpriseRAG-Bench,benchmark,qst_0397,https://huggingface.co/datasets/onyx-dot-app/EnterpriseRAG-Bench,enterprise_rag:qst_0397,,
q00417,EnterpriseRAG-Bench,benchmark,qst_0458,https://huggingface.co/datasets/onyx-dot-app/EnterpriseRAG-Bench,enterprise_rag:qst_0458,,
q00418,MASSIVE,person,16587,https://github.com/alexa/massive,massive_email:16587,,
q00419,Hard cases (generated),AI-generated,sr-g0409,data/v2/inputs/old_dataset.xlsx,old_generated:sr-g0409,gmail,False
q00420,Apache Kafka Jira,"AI, from a real document",KAFKA-14637,https://issues.apache.org/jira/browse/KAFKA-14637,kafka_jira:KAFKA-14637,,
q00421,ConcurrentQA,person,PAIRIDX:26276,https://huggingface.co/datasets/stanfordnlp/concurrentqa,concurrentqa_wiki:PAIRIDX:26276,,
q00422,Hard cases (generated),AI-generated,sr-g0678,data/v2/inputs/old_dataset.xlsx,old_generated:sr-g0678,gmail,False
q00423,Ubuntu help chat,"AI, from a real document",ubuntu-irc-val-4913,https://huggingface.co/datasets/jkkummerfeld/irc_disentangle,ubuntu_irc:ubuntu-irc-val-4913,,
q00424,WixQA,person,105,https://huggingface.co/datasets/Wix/WixQA,wixqa_simulated:105,,
q00425,WixQA,person,85,https://huggingface.co/datasets/Wix/WixQA,wixqa_expert:85,,
q00426,Hard cases (generated),AI-generated,sr-g0413,data/v2/inputs/old_dataset.xlsx,old_generated:sr-g0413,gmail,False
q00427,QMSum,person,test-17-1,https://github.com/Yale-LILY/QMSum,qmsum:test-17,,
q00428,MASSIVE,person,13984,https://github.com/alexa/massive,massive_qa:13984,,
q00429,MASSIVE,person,13563,https://github.com/alexa/massive,massive_qa:13563,,
q00430,MASSIVE,person,16620,https://github.com/alexa/massive,massive_email:16620,,
q00431,Apache Kafka Confluence,"AI, from a real document",cwiki-373886750,https://cwiki.apache.org/confluence/spaces/KAFKA/pages/373886750/KIP-1197+Introduce+new+method+to+improve+the+TopicBasedRemoteLogMetadataManager+s+initialization,kafka_kips:cwiki-373886750,,
q00432,Hard cases (generated),AI-generated,sr-g0730,data/v2/inputs/old_dataset.xlsx,old_generated:sr-g0730,jira|kb,False
q00433,MASSIVE,person,16392,https://github.com/alexa/massive,massive_email:16392,,
q00434,Hard cases (generated),AI-generated,sr-g0878,data/v2/inputs/old_dataset.xlsx,old_generated:sr-g0878,notion,True
q00435,Apache Kafka Confluence,"AI, from a real document",cwiki-148638811,https://cwiki.apache.org/confluence/spaces/KAFKA/pages/148638811/KIP-573+Enable+TLSv1.3+by+default,kafka_kips:cwiki-148638811,,
q00436,CLINC150,person,13862,https://huggingface.co/datasets/clinc/clinc_oos,clinc_smalltalk:13862,,
q00437,Ubuntu help chat,"AI, from a real document",ubuntu-irc-val-9804,https://huggingface.co/datasets/jkkummerfeld/irc_disentangle,ubuntu_irc:ubuntu-irc-val-9804,,
q00438,MASSIVE,person,14317,https://github.com/alexa/massive,massive_qa:14317,,
q00439,QMSum,person,train-33-3,https://github.com/Yale-LILY/QMSum,qmsum:train-33,,
q00440,QMSum,person,train-9-5,https://github.com/Yale-LILY/QMSum,qmsum:train-9,,
q00441,MASSIVE,person,13777,https://github.com/alexa/massive,massive_qa:13777,,
q00442,Ubuntu help chat,"AI, from a real document",ubuntu-irc-tes-10458,https://huggingface.co/datasets/jkkummerfeld/irc_disentangle,ubuntu_irc:ubuntu-irc-tes-10458,,
q00443,Natural Questions,person,2030,https://huggingface.co/datasets/google-research-datasets/nq_open,nq_open:2030,,
q00444,Hard cases (generated),AI-generated,sr-g0795,data/v2/inputs/old_dataset.xlsx,old_generated:sr-g0795,slack|jira|kb,True
q00445,ConcurrentQA,person,PAIRIDX:39974,https://huggingface.co/datasets/stanfordnlp/concurrentqa,concurrentqa_wiki:PAIRIDX:39974,,
q00446,CLINC150,person,1081,https://huggingface.co/datasets/clinc/clinc_oos,clinc_public:1081,,
q00447,Hard cases (hand-written),hand-written,sr-h0250,data/v2/inputs/old_dataset.xlsx,old_human:sr-h0250,notion,True
q00448,EnterpriseRAG-Bench,benchmark,qst_0452,https://huggingface.co/datasets/onyx-dot-app/EnterpriseRAG-Bench,enterprise_rag:qst_0452,,
q00449,Hard cases (generated),AI-generated,sr-g0365,data/v2/inputs/old_dataset.xlsx,old_generated:sr-g0365,jira,False
q00450,Hard cases (generated),AI-generated,sr-g0558,data/v2/inputs/old_dataset.xlsx,old_generated:sr-g0558,gmail,False
q00451,Natural Questions,person,2035,https://huggingface.co/datasets/google-research-datasets/nq_open,nq_open:2035,,
q00452,Hard cases (hand-written),hand-written,sr-h0255,data/v2/inputs/old_dataset.xlsx,old_human:sr-h0255,slack|jira,False
q00453,CLINC150,person,4805,https://huggingface.co/datasets/clinc/clinc_oos,clinc_hr:4805,,
q00454,WixQA,person,197,https://huggingface.co/datasets/Wix/WixQA,wixqa_simulated:197,,
q00455,Ubuntu help chat,"AI, from a real document",ubuntu-irc-val-1231,https://huggingface.co/datasets/jkkummerfeld/irc_disentangle,ubuntu_irc:ubuntu-irc-val-1231,,
q00456,MASSIVE,person,16786,https://github.com/alexa/massive,massive_email:16786,,
q00457,MASSIVE,person,17137,https://github.com/alexa/massive,massive_email:17137,,
q00458,EnterpriseRAG-Bench,benchmark,qst_0219,https://huggingface.co/datasets/onyx-dot-app/EnterpriseRAG-Bench,enterprise_rag:qst_0219,,
q00459,MASSIVE,person,15965,https://github.com/alexa/massive,massive_email:15965,,
q00460,Apache Kafka Confluence,"AI, from a real document",cwiki-188746244,https://cwiki.apache.org/confluence/spaces/KAFKA/pages/188746244/KIP-776+Add+Consumer+peek+for+debugging+tuning,kafka_kips:cwiki-188746244,,
q00461,WixQA,person,20,https://huggingface.co/datasets/Wix/WixQA,wixqa_expert:20,,
q00462,QMSum,person,train-110-0,https://github.com/Yale-LILY/QMSum,qmsum:train-110,,
q00463,CLINC150,person,18028,https://huggingface.co/datasets/clinc/clinc_oos,clinc_smalltalk:18028,,
q00464,MASSIVE,person,16724,https://github.com/alexa/massive,massive_email:16724,,
q00465,WixQA,person,36,https://huggingface.co/datasets/Wix/WixQA,wixqa_expert:36,,
q00466,MASSIVE,person,16289,https://github.com/alexa/massive,massive_email:16289,,
q00467,ConcurrentQA,person,PAIRIDX:298,https://huggingface.co/datasets/stanfordnlp/concurrentqa,concurrentqa_wiki:PAIRIDX:298,,
q00468,Apache Kafka Confluence,"AI, from a real document",cwiki-255068973,https://cwiki.apache.org/confluence/spaces/KAFKA/pages/255068973/KIP-922+Add+the+traffic+metric+of+the+partition+dimension,kafka_kips:cwiki-255068973,,
q00469,Hard cases (generated),AI-generated,sr-g0354,data/v2/inputs/old_dataset.xlsx,old_generated:sr-g0354,slack,False
q00470,Apache Kafka Confluence,"AI, from a real document",cwiki-68718046,https://cwiki.apache.org/confluence/spaces/KAFKA/pages/68718046/KIP-131+-+Add+access+to+OffsetStorageReader+from+SourceConnector,kafka_kips:cwiki-68718046,,
q00471,QMSum,person,train-106-1,https://github.com/Yale-LILY/QMSum,qmsum:train-106,,
q00472,Natural Questions,person,2494,https://huggingface.co/datasets/google-research-datasets/nq_open,nq_open:2494,,
q00473,CLINC150,person,12059,https://huggingface.co/datasets/clinc/clinc_oos,clinc_smalltalk:12059,,
q00474,Hard cases (generated),AI-generated,sr-g0516,data/v2/inputs/old_dataset.xlsx,old_generated:sr-g0516,kb,False
q00475,CLINC150,person,398,https://huggingface.co/datasets/clinc/clinc_oos,clinc_public:398,,
q00476,Natural Questions,person,1762,https://huggingface.co/datasets/google-research-datasets/nq_open,nq_open:1762,,
q00477,Hard cases (generated),AI-generated,sr-g0464,data/v2/inputs/old_dataset.xlsx,old_generated:sr-g0464,jira,False
q00478,WixQA,person,109,https://huggingface.co/datasets/Wix/WixQA,wixqa_simulated:109,,
q00479,EnterpriseRAG-Bench,benchmark,qst_0177,https://huggingface.co/datasets/onyx-dot-app/EnterpriseRAG-Bench,enterprise_rag:qst_0177,,
q00480,Apache Kafka Confluence,"AI, from a real document",cwiki-421957815,https://cwiki.apache.org/confluence/spaces/KAFKA/pages/421957815/KIP-1333+Support+log+segments+larger+than+2+GB,kafka_kips:cwiki-421957815,,
q00481,Hard cases (generated),AI-generated,sr-g0510,data/v2/inputs/old_dataset.xlsx,old_generated:sr-g0510,gmail,False
q00482,Ubuntu help chat,"AI, from a real document",ubuntu-irc-tes-2554,https://huggingface.co/datasets/jkkummerfeld/irc_disentangle,ubuntu_irc:ubuntu-irc-tes-2554,,
q00483,Hard cases (generated),AI-generated,sr-g0713,data/v2/inputs/old_dataset.xlsx,old_generated:sr-g0713,jira|notion,True
q00484,Hard cases (generated),AI-generated,sr-g0810,data/v2/inputs/old_dataset.xlsx,old_generated:sr-g0810,slack|notion,False
q00485,CLINC150,person,22497,https://huggingface.co/datasets/clinc/clinc_oos,clinc_smalltalk:22497,,
q00486,EnterpriseRAG-Bench,benchmark,qst_0040,https://huggingface.co/datasets/onyx-dot-app/EnterpriseRAG-Bench,enterprise_rag:qst_0040,,
q00487,MASSIVE,person,14878,https://github.com/alexa/massive,massive_qa:14878,,
q00488,Hard cases (generated),AI-generated,sr-g0790,data/v2/inputs/old_dataset.xlsx,old_generated:sr-g0790,slack|notion|gmail,False
q00489,MASSIVE,person,14664,https://github.com/alexa/massive,massive_qa:14664,,
q00490,WixQA,person,130,https://huggingface.co/datasets/Wix/WixQA,wixqa_simulated:130,,
q00491,Natural Questions,person,1655,https://huggingface.co/datasets/google-research-datasets/nq_open,nq_open:1655,,
q00492,CLINC150,person,18467,https://huggingface.co/datasets/clinc/clinc_oos,clinc_public:18467,,
q00493,Apache Kafka Confluence,"AI, from a real document",cwiki-75977618,https://cwiki.apache.org/confluence/spaces/KAFKA/pages/75977618/KIP-276+Add+StreamsConfig+prefix+for+different+consumers,kafka_kips:cwiki-75977618,,
q00494,EnterpriseRAG-Bench,benchmark,qst_0344,https://huggingface.co/datasets/onyx-dot-app/EnterpriseRAG-Bench,enterprise_rag:qst_0344,,
q00495,WixQA,person,176,https://huggingface.co/datasets/Wix/WixQA,wixqa_simulated:176,,
q00496,Ubuntu help chat,"AI, from a real document",ubuntu-irc-val-8655,https://huggingface.co/datasets/jkkummerfeld/irc_disentangle,ubuntu_irc:ubuntu-irc-val-8655,,
q00497,Natural Questions,person,3103,https://huggingface.co/datasets/google-research-datasets/nq_open,nq_open:3103,,
q00498,EnterpriseRAG-Bench,benchmark,qst_0371,https://huggingface.co/datasets/onyx-dot-app/EnterpriseRAG-Bench,enterprise_rag:qst_0371,,
q00499,WixQA,person,50,https://huggingface.co/datasets/Wix/WixQA,wixqa_simulated:50,,
q00500,Hard cases (generated),AI-generated,sr-g0586,data/v2/inputs/old_dataset.xlsx,old_generated:sr-g0586,,False
q00501,EnterpriseRAG-Bench,benchmark,qst_0005,https://huggingface.co/datasets/onyx-dot-app/EnterpriseRAG-Bench,enterprise_rag:qst_0005,,
q00502,MASSIVE,person,15924,https://github.com/alexa/massive,massive_email:15924,,
q00503,EnterpriseRAG-Bench,benchmark,qst_0106,https://huggingface.co/datasets/onyx-dot-app/EnterpriseRAG-Bench,enterprise_rag:qst_0106,,
q00504,QMSum,person,test-14-0,https://github.com/Yale-LILY/QMSum,qmsum:test-14,,
q00505,Hard cases (generated),AI-generated,sr-g0577,data/v2/inputs/old_dataset.xlsx,old_generated:sr-g0577,kb,False
q00506,Hard cases (hand-written),hand-written,sr-h0231,data/v2/inputs/old_dataset.xlsx,old_human:sr-h0231,notion,True
q00507,QMSum,person,train-124-0,https://github.com/Yale-LILY/QMSum,qmsum:train-124,,
q00508,MASSIVE,person,16923,https://github.com/alexa/massive,massive_email:16923,,
q00509,Ubuntu help chat,"AI, from a real document",ubuntu-irc-val-4972,https://huggingface.co/datasets/jkkummerfeld/irc_disentangle,ubuntu_irc:ubuntu-irc-val-4972,,
q00510,EnterpriseRAG-Bench,benchmark,qst_0455,https://huggingface.co/datasets/onyx-dot-app/EnterpriseRAG-Bench,enterprise_rag:qst_0455,,
q00511,WixQA,person,16,https://huggingface.co/datasets/Wix/WixQA,wixqa_expert:16,,
q00512,EnterpriseRAG-Bench,benchmark,qst_0304,https://huggingface.co/datasets/onyx-dot-app/EnterpriseRAG-Bench,enterprise_rag:qst_0304,,
q00513,CLINC150,person,9613,https://huggingface.co/datasets/clinc/clinc_oos,clinc_smalltalk:9613,,
q00514,Hard cases (generated),AI-generated,sr-g0675,data/v2/inputs/old_dataset.xlsx,old_generated:sr-g0675,gmail,False
q00515,MASSIVE,person,15891,https://github.com/alexa/massive,massive_email:15891,,
q00516,Hard cases (hand-written),hand-written,sr-h0243,data/v2/inputs/old_dataset.xlsx,old_human:sr-h0243,kb,False
q00517,Hard cases (generated),AI-generated,sr-g0517,data/v2/inputs/old_dataset.xlsx,old_generated:sr-g0517,kb,False
q00518,Hard cases (generated),AI-generated,sr-g0582,data/v2/inputs/old_dataset.xlsx,old_generated:sr-g0582,kb,False
q00519,WixQA,person,114,https://huggingface.co/datasets/Wix/WixQA,wixqa_simulated:114,,
q00520,EnterpriseRAG-Bench,benchmark,qst_0172,https://huggingface.co/datasets/onyx-dot-app/EnterpriseRAG-Bench,enterprise_rag:qst_0172,,
q00521,Ubuntu help chat,"AI, from a real document",ubuntu-irc-tes-6475,https://huggingface.co/datasets/jkkummerfeld/irc_disentangle,ubuntu_irc:ubuntu-irc-tes-6475,,
q00522,Apache Kafka Confluence,"AI, from a real document",cwiki-399279117,https://cwiki.apache.org/confluence/spaces/KAFKA/pages/399279117/KIP-1247+Make+Bytes+utils+class+part+of+the+public+API,kafka_kips:cwiki-399279117,,
q00523,CLINC150,person,13838,https://huggingface.co/datasets/clinc/clinc_oos,clinc_smalltalk:13838,,
q00524,EnterpriseRAG-Bench,benchmark,qst_0310,https://huggingface.co/datasets/onyx-dot-app/EnterpriseRAG-Bench,enterprise_rag:qst_0310,,
q00525,Apache Kafka Confluence,"AI, from a real document",cwiki-75979691,https://cwiki.apache.org/confluence/spaces/KAFKA/pages/75979691/KIP-283+Efficient+Memory+Usage+for+Down-Conversion,kafka_kips:cwiki-75979691,,
q00526,Hard cases (generated),AI-generated,sr-g0584,data/v2/inputs/old_dataset.xlsx,old_generated:sr-g0584,kb,False
q00527,Hard cases (generated),AI-generated,sr-g0727,data/v2/inputs/old_dataset.xlsx,old_generated:sr-g0727,jira|kb,False
q00528,EnterpriseRAG-Bench,benchmark,qst_0385,https://huggingface.co/datasets/onyx-dot-app/EnterpriseRAG-Bench,enterprise_rag:qst_0385,,
q00529,Hard cases (generated),AI-generated,sr-g0813,data/v2/inputs/old_dataset.xlsx,old_generated:sr-g0813,slack|jira,False
q00530,Hard cases (generated),AI-generated,sr-g0682,data/v2/inputs/old_dataset.xlsx,old_generated:sr-g0682,gmail,False
q00531,EnterpriseRAG-Bench,benchmark,qst_0298,https://huggingface.co/datasets/onyx-dot-app/EnterpriseRAG-Bench,enterprise_rag:qst_0298,,
q00532,QMSum,person,test-18-2,https://github.com/Yale-LILY/QMSum,qmsum:test-18,,
q00533,Apache Kafka Jira,"AI, from a real document",KAFKA-20456,https://issues.apache.org/jira/browse/KAFKA-20456,kafka_jira:KAFKA-20456,,
q00534,Ubuntu help chat,"AI, from a real document",ubuntu-irc-val-1051,https://huggingface.co/datasets/jkkummerfeld/irc_disentangle,ubuntu_irc:ubuntu-irc-val-1051,,
q00535,Natural Questions,person,240,https://huggingface.co/datasets/google-research-datasets/nq_open,nq_open:240,,
q00536,EnterpriseRAG-Bench,benchmark,qst_0100,https://huggingface.co/datasets/onyx-dot-app/EnterpriseRAG-Bench,enterprise_rag:qst_0100,,
q00537,EnterpriseRAG-Bench,benchmark,qst_0011,https://huggingface.co/datasets/onyx-dot-app/EnterpriseRAG-Bench,enterprise_rag:qst_0011,,
q00538,MASSIVE,person,16750,https://github.com/alexa/massive,massive_email:16750,,
q00539,CLINC150,person,7672,https://huggingface.co/datasets/clinc/clinc_oos,clinc_hr:7672,,
q00540,Ubuntu help chat,"AI, from a real document",ubuntu-irc-tes-14760,https://huggingface.co/datasets/jkkummerfeld/irc_disentangle,ubuntu_irc:ubuntu-irc-tes-14760,,
q00541,CLINC150,person,18669,https://huggingface.co/datasets/clinc/clinc_oos,clinc_public:18669,,
q00542,Apache Kafka Confluence,"AI, from a real document",cwiki-61325633,https://cwiki.apache.org/confluence/spaces/KAFKA/pages/61325633/KIP-40+ListGroups+and+DescribeGroup,kafka_kips:cwiki-61325633,,
q00543,Hard cases (generated),AI-generated,sr-g0854,data/v2/inputs/old_dataset.xlsx,old_generated:sr-g0854,slack,False
q00544,MASSIVE,person,17135,https://github.com/alexa/massive,massive_email:17135,,
q00545,CLINC150,person,13882,https://huggingface.co/datasets/clinc/clinc_oos,clinc_smalltalk:13882,,
q00546,Hard cases (hand-written),hand-written,sr-h0251,data/v2/inputs/old_dataset.xlsx,old_human:sr-h0251,slack,False
q00547,Hard cases (generated),AI-generated,sr-g0774,data/v2/inputs/old_dataset.xlsx,old_generated:sr-g0774,slack|jira|notion,True
q00548,Natural Questions,person,3398,https://huggingface.co/datasets/google-research-datasets/nq_open,nq_open:3398,,
q00549,Apache Kafka Jira,"AI, from a real document",KAFKA-13354,https://issues.apache.org/jira/browse/KAFKA-13354,kafka_jira:KAFKA-13354,,
q00550,Hard cases (generated),AI-generated,sr-g0488,data/v2/inputs/old_dataset.xlsx,old_generated:sr-g0488,notion,True
q00551,Apache Kafka Confluence,"AI, from a real document",cwiki-142641934,https://cwiki.apache.org/confluence/spaces/KAFKA/pages/142641934/KIP-552+Suppress+unused+config+warning,kafka_kips:cwiki-142641934,,
q00552,CLINC150,person,15847,https://huggingface.co/datasets/clinc/clinc_oos,clinc_smalltalk:15847,,
q00553,EnterpriseRAG-Bench,benchmark,qst_0321,https://huggingface.co/datasets/onyx-dot-app/EnterpriseRAG-Bench,enterprise_rag:qst_0321,,
q00554,EnterpriseRAG-Bench,benchmark,qst_0050,https://huggingface.co/datasets/onyx-dot-app/EnterpriseRAG-Bench,enterprise_rag:qst_0050,,
q00555,CLINC150,person,1966,https://huggingface.co/datasets/clinc/clinc_oos,clinc_smalltalk:1966,,
q00556,CLINC150,person,11839,https://huggingface.co/datasets/clinc/clinc_oos,clinc_smalltalk:11839,,
q00557,MASSIVE,person,16843,https://github.com/alexa/massive,massive_email:16843,,
q00558,Natural Questions,person,2828,https://huggingface.co/datasets/google-research-datasets/nq_open,nq_open:2828,,
q00559,Apache Kafka Confluence,"AI, from a real document",cwiki-51806236,https://cwiki.apache.org/confluence/spaces/KAFKA/pages/51806236/KIP-7+-+Security+-+IP+Filtering,kafka_kips:cwiki-51806236,,
q00560,Apache Kafka Confluence,"AI, from a real document",cwiki-240884389,https://cwiki.apache.org/confluence/spaces/KAFKA/pages/240884389/KIP-907+Add+Boolean+Serde+to+public+interface,kafka_kips:cwiki-240884389,,
q00561,Apache Kafka Jira,"AI, from a real document",KAFKA-14008,https://issues.apache.org/jira/browse/KAFKA-14008,kafka_jira:KAFKA-14008,,
q00562,Hard cases (hand-written),hand-written,sr-h0222,data/v2/inputs/old_dataset.xlsx,old_human:sr-h0222,notion,True
q00563,EnterpriseRAG-Bench,benchmark,qst_0339,https://huggingface.co/datasets/onyx-dot-app/EnterpriseRAG-Bench,enterprise_rag:qst_0339,,
q00564,EnterpriseRAG-Bench,benchmark,qst_0396,https://huggingface.co/datasets/onyx-dot-app/EnterpriseRAG-Bench,enterprise_rag:qst_0396,,
q00565,Apache Kafka Jira,"AI, from a real document",KAFKA-12755,https://issues.apache.org/jira/browse/KAFKA-12755,kafka_jira:KAFKA-12755,,
q00566,Hard cases (generated),AI-generated,sr-g0509,data/v2/inputs/old_dataset.xlsx,old_generated:sr-g0509,gmail,False
q00567,Natural Questions,person,1347,https://huggingface.co/datasets/google-research-datasets/nq_open,nq_open:1347,,
q00568,EnterpriseRAG-Bench,benchmark,qst_0312,https://huggingface.co/datasets/onyx-dot-app/EnterpriseRAG-Bench,enterprise_rag:qst_0312,,
q00569,CLINC150,person,9609,https://huggingface.co/datasets/clinc/clinc_oos,clinc_smalltalk:9609,,
q00570,Hard cases (generated),AI-generated,sr-g0431,data/v2/inputs/old_dataset.xlsx,old_generated:sr-g0431,kb,False
q00571,Apache Kafka Jira,"AI, from a real document",KAFKA-18926,https://issues.apache.org/jira/browse/KAFKA-18926,kafka_jira:KAFKA-18926,,
q00572,EnterpriseRAG-Bench,benchmark,qst_0237,https://huggingface.co/datasets/onyx-dot-app/EnterpriseRAG-Bench,enterprise_rag:qst_0237,,
q00573,QMSum,person,test-20-7,https://github.com/Yale-LILY/QMSum,qmsum:test-20,,
q00574,Apache Kafka Confluence,"AI, from a real document",cwiki-399279190,https://cwiki.apache.org/confluence/spaces/KAFKA/pages/399279190/KIP-1249+Better+offset+reset+for+the+new+consumer+group+rebalance+protocol,kafka_kips:cwiki-399279190,,
q00575,Hard cases (generated),AI-generated,sr-g0404,data/v2/inputs/old_dataset.xlsx,old_generated:sr-g0404,gmail,False
q00576,CLINC150,person,1928,https://huggingface.co/datasets/clinc/clinc_oos,clinc_smalltalk:1928,,
q00577,MASSIVE,person,16113,https://github.com/alexa/massive,massive_email:16113,,
q00578,EnterpriseRAG-Bench,benchmark,qst_0410,https://huggingface.co/datasets/onyx-dot-app/EnterpriseRAG-Bench,enterprise_rag:qst_0410,,
q00579,WixQA,person,2,https://huggingface.co/datasets/Wix/WixQA,wixqa_simulated:2,,
q00580,Hard cases (generated),AI-generated,sr-g0659,data/v2/inputs/old_dataset.xlsx,old_generated:sr-g0659,jira,False
q00581,QMSum,person,val-19-3,https://github.com/Yale-LILY/QMSum,qmsum:val-19,,
q00582,WixQA,person,62,https://huggingface.co/datasets/Wix/WixQA,wixqa_simulated:62,,
q00583,Hard cases (generated),AI-generated,sr-g0389,data/v2/inputs/old_dataset.xlsx,old_generated:sr-g0389,notion,True
q00584,Hard cases (generated),AI-generated,sr-g0785,data/v2/inputs/old_dataset.xlsx,old_generated:sr-g0785,notion|jira|kb,True
q00585,CLINC150,person,1070,https://huggingface.co/datasets/clinc/clinc_oos,clinc_public:1070,,
q00586,EnterpriseRAG-Bench,benchmark,qst_0105,https://huggingface.co/datasets/onyx-dot-app/EnterpriseRAG-Bench,enterprise_rag:qst_0105,,
q00587,CLINC150,person,2829,https://huggingface.co/datasets/clinc/clinc_oos,clinc_hr:2829,,
q00588,WixQA,person,191,https://huggingface.co/datasets/Wix/WixQA,wixqa_simulated:191,,
q00589,Hard cases (generated),AI-generated,sr-g0784,data/v2/inputs/old_dataset.xlsx,old_generated:sr-g0784,notion|jira|kb,True
q00590,CLINC150,person,4809,https://huggingface.co/datasets/clinc/clinc_oos,clinc_hr:4809,,
q00591,QMSum,person,train-92-4,https://github.com/Yale-LILY/QMSum,qmsum:train-92,,
q00592,Apache Kafka Jira,"AI, from a real document",KAFKA-18024,https://issues.apache.org/jira/browse/KAFKA-18024,kafka_jira:KAFKA-18024,,
q00593,WixQA,person,121,https://huggingface.co/datasets/Wix/WixQA,wixqa_expert:121,,
q00594,CLINC150,person,6528,https://huggingface.co/datasets/clinc/clinc_oos,clinc_smalltalk:6528,,
q00595,QMSum,person,train-146-7,https://github.com/Yale-LILY/QMSum,qmsum:train-146,,
q00596,QMSum,person,train-38-3,https://github.com/Yale-LILY/QMSum,qmsum:train-38,,
q00597,Hard cases (generated),AI-generated,sr-g0549,data/v2/inputs/old_dataset.xlsx,old_generated:sr-g0549,jira,False
q00598,Hard cases (generated),AI-generated,sr-g0441,data/v2/inputs/old_dataset.xlsx,old_generated:sr-g0441,slack,False
q00599,WixQA,person,46,https://huggingface.co/datasets/Wix/WixQA,wixqa_simulated:46,,
q00600,Hard cases (generated),AI-generated,sr-g0608,data/v2/inputs/old_dataset.xlsx,old_generated:sr-g0608,,False
q00601,CLINC150,person,17689,https://huggingface.co/datasets/clinc/clinc_oos,clinc_hr:17689,,
q00602,EnterpriseRAG-Bench,benchmark,qst_0439,https://huggingface.co/datasets/onyx-dot-app/EnterpriseRAG-Bench,enterprise_rag:qst_0439,,
q00603,MASSIVE,person,16277,https://github.com/alexa/massive,massive_email:16277,,
q00604,Hard cases (generated),AI-generated,sr-g0479,data/v2/inputs/old_dataset.xlsx,old_generated:sr-g0479,notion,True
q00605,CLINC150,person,18656,https://huggingface.co/datasets/clinc/clinc_oos,clinc_public:18656,,
q00606,Hard cases (generated),AI-generated,sr-g0631,data/v2/inputs/old_dataset.xlsx,old_generated:sr-g0631,,False
q00607,WixQA,person,192,https://huggingface.co/datasets/Wix/WixQA,wixqa_expert:192,,
q00608,Apache Kafka Jira,"AI, from a real document",KAFKA-16971,https://issues.apache.org/jira/browse/KAFKA-16971,kafka_jira:KAFKA-16971,,
q00609,QMSum,person,train-148-3,https://github.com/Yale-LILY/QMSum,qmsum:train-148,,
q00610,WixQA,person,139,https://huggingface.co/datasets/Wix/WixQA,wixqa_expert:139,,
q00611,EnterpriseRAG-Bench,benchmark,qst_0325,https://huggingface.co/datasets/onyx-dot-app/EnterpriseRAG-Bench,enterprise_rag:qst_0325,,
q00612,QMSum,person,train-35-4,https://github.com/Yale-LILY/QMSum,qmsum:train-35,,
q00613,MASSIVE,person,14657,https://github.com/alexa/massive,massive_qa:14657,,
q00614,Hard cases (generated),AI-generated,sr-g0616,data/v2/inputs/old_dataset.xlsx,old_generated:sr-g0616,,False
q00615,Natural Questions,person,2355,https://huggingface.co/datasets/google-research-datasets/nq_open,nq_open:2355,,
q00616,Apache Kafka Jira,"AI, from a real document",KAFKA-16196,https://issues.apache.org/jira/browse/KAFKA-16196,kafka_jira:KAFKA-16196,,
q00617,Ubuntu help chat,"AI, from a real document",ubuntu-irc-tes-7096,https://huggingface.co/datasets/jkkummerfeld/irc_disentangle,ubuntu_irc:ubuntu-irc-tes-7096,,
q00618,Natural Questions,person,3477,https://huggingface.co/datasets/google-research-datasets/nq_open,nq_open:3477,,
q00619,EnterpriseRAG-Bench,benchmark,qst_0121,https://huggingface.co/datasets/onyx-dot-app/EnterpriseRAG-Bench,enterprise_rag:qst_0121,,
q00620,WixQA,person,30,https://huggingface.co/datasets/Wix/WixQA,wixqa_simulated:30,,
q00621,Hard cases (generated),AI-generated,sr-g0848,data/v2/inputs/old_dataset.xlsx,old_generated:sr-g0848,jira|kb,False
q00622,Natural Questions,person,2938,https://huggingface.co/datasets/google-research-datasets/nq_open,nq_open:2938,,
q00623,CLINC150,person,358,https://huggingface.co/datasets/clinc/clinc_oos,clinc_public:358,,
q00624,Apache Kafka Jira,"AI, from a real document",KAFKA-19663,https://issues.apache.org/jira/browse/KAFKA-19663,kafka_jira:KAFKA-19663,,
q00625,Apache Kafka Confluence,"AI, from a real document",cwiki-278466693,https://cwiki.apache.org/confluence/spaces/KAFKA/pages/278466693/KIP-1009+Add+Broker-level+Throttle+Configurations,kafka_kips:cwiki-278466693,,
q00626,ConcurrentQA,person,PAIRIDX:18723,https://huggingface.co/datasets/stanfordnlp/concurrentqa,concurrentqa_wiki:PAIRIDX:18723,,
q00627,Hard cases (hand-written),hand-written,sr-h0236,data/v2/inputs/old_dataset.xlsx,old_human:sr-h0236,notion|kb,True
q00628,Apache Kafka Jira,"AI, from a real document",KAFKA-13387,https://issues.apache.org/jira/browse/KAFKA-13387,kafka_jira:KAFKA-13387,,
q00629,Apache Kafka Jira,"AI, from a real document",KAFKA-16191,https://issues.apache.org/jira/browse/KAFKA-16191,kafka_jira:KAFKA-16191,,
q00630,QMSum,person,train-127-2,https://github.com/Yale-LILY/QMSum,qmsum:train-127,,
q00631,Ubuntu help chat,"AI, from a real document",ubuntu-irc-val-4897,https://huggingface.co/datasets/jkkummerfeld/irc_disentangle,ubuntu_irc:ubuntu-irc-val-4897,,
q00632,QMSum,person,train-109-2,https://github.com/Yale-LILY/QMSum,qmsum:train-109,,
q00633,Apache Kafka Jira,"AI, from a real document",KAFKA-16143,https://issues.apache.org/jira/browse/KAFKA-16143,kafka_jira:KAFKA-16143,,
q00634,CLINC150,person,1916,https://huggingface.co/datasets/clinc/clinc_oos,clinc_smalltalk:1916,,
q00635,QMSum,person,val-32-1,https://github.com/Yale-LILY/QMSum,qmsum:val-32,,
q00636,Ubuntu help chat,"AI, from a real document",ubuntu-irc-tes-11759,https://huggingface.co/datasets/jkkummerfeld/irc_disentangle,ubuntu_irc:ubuntu-irc-tes-11759,,
q00637,Hard cases (generated),AI-generated,sr-g0892,data/v2/inputs/old_dataset.xlsx,old_generated:sr-g0892,slack|notion,False
q00638,MASSIVE,person,13958,https://github.com/alexa/massive,massive_qa:13958,,
q00639,CLINC150,person,1949,https://huggingface.co/datasets/clinc/clinc_oos,clinc_smalltalk:1949,,
q00640,MASSIVE,person,16063,https://github.com/alexa/massive,massive_email:16063,,
q00641,EnterpriseRAG-Bench,benchmark,qst_0223,https://huggingface.co/datasets/onyx-dot-app/EnterpriseRAG-Bench,enterprise_rag:qst_0223,,
q00642,QMSum,person,train-76-5,https://github.com/Yale-LILY/QMSum,qmsum:train-76,,
q00643,Apache Kafka Confluence,"AI, from a real document",cwiki-235834793,https://cwiki.apache.org/confluence/spaces/KAFKA/pages/235834793/KIP-891+Running+multiple+versions+of+Connector+plugins,kafka_kips:cwiki-235834793,,
q00644,Hard cases (generated),AI-generated,sr-g0512,data/v2/inputs/old_dataset.xlsx,old_generated:sr-g0512,kb,False
q00645,QMSum,person,train-14-1,https://github.com/Yale-LILY/QMSum,qmsum:train-14,,
q00646,MASSIVE,person,16495,https://github.com/alexa/massive,massive_email:16495,,
q00647,WixQA,person,121,https://huggingface.co/datasets/Wix/WixQA,wixqa_simulated:121,,
q00648,Natural Questions,person,310,https://huggingface.co/datasets/google-research-datasets/nq_open,nq_open:310,,
q00649,MASSIVE,person,16663,https://github.com/alexa/massive,massive_email:16663,,
q00650,Hard cases (generated),AI-generated,sr-g0780,data/v2/inputs/old_dataset.xlsx,old_generated:sr-g0780,notion|jira|kb,True
q00651,Hard cases (generated),AI-generated,sr-g0889,data/v2/inputs/old_dataset.xlsx,old_generated:sr-g0889,slack|jira,False
q00652,QMSum,person,train-39-0,https://github.com/Yale-LILY/QMSum,qmsum:train-39,,
q00653,EnterpriseRAG-Bench,benchmark,qst_0060,https://huggingface.co/datasets/onyx-dot-app/EnterpriseRAG-Bench,enterprise_rag:qst_0060,,
q00654,MASSIVE,person,15762,https://github.com/alexa/massive,massive_email:15762,,
q00655,CLINC150,person,21990,https://huggingface.co/datasets/clinc/clinc_oos,clinc_hr:21990,,
q00656,CLINC150,person,6561,https://huggingface.co/datasets/clinc/clinc_oos,clinc_smalltalk:6561,,
q00657,MASSIVE,person,13018,https://github.com/alexa/massive,massive_qa:13018,,
q00658,Hard cases (generated),AI-generated,sr-g0643,data/v2/inputs/old_dataset.xlsx,old_generated:sr-g0643,slack,False
q00659,CLINC150,person,13316,https://huggingface.co/datasets/clinc/clinc_oos,clinc_smalltalk:13316,,
q00660,CLINC150,person,19247,https://huggingface.co/datasets/clinc/clinc_oos,clinc_smalltalk:19247,,
q00661,Hard cases (generated),AI-generated,sr-g0371,data/v2/inputs/old_dataset.xlsx,old_generated:sr-g0371,jira,False
q00662,EnterpriseRAG-Bench,benchmark,qst_0182,https://huggingface.co/datasets/onyx-dot-app/EnterpriseRAG-Bench,enterprise_rag:qst_0182,,
q00663,EnterpriseRAG-Bench,benchmark,qst_0026,https://huggingface.co/datasets/onyx-dot-app/EnterpriseRAG-Bench,enterprise_rag:qst_0026,,
q00664,ConcurrentQA,person,PAIRIDX:32386,https://huggingface.co/datasets/stanfordnlp/concurrentqa,concurrentqa_wiki:PAIRIDX:32386,,
q00665,Hard cases (generated),AI-generated,sr-g0411,data/v2/inputs/old_dataset.xlsx,old_generated:sr-g0411,gmail,False
q00666,CLINC150,person,13323,https://huggingface.co/datasets/clinc/clinc_oos,clinc_smalltalk:13323,,
q00667,WixQA,person,183,https://huggingface.co/datasets/Wix/WixQA,wixqa_expert:183,,
q00668,Apache Kafka Confluence,"AI, from a real document",cwiki-349637034,https://cwiki.apache.org/confluence/spaces/KAFKA/pages/349637034/KIP-1159+Large+message+reference+based+Serializer,kafka_kips:cwiki-349637034,,
q00669,Hard cases (generated),AI-generated,sr-g0430,data/v2/inputs/old_dataset.xlsx,old_generated:sr-g0430,kb,False
q00670,EnterpriseRAG-Bench,benchmark,qst_0082,https://huggingface.co/datasets/onyx-dot-app/EnterpriseRAG-Bench,enterprise_rag:qst_0082,,
q00671,CLINC150,person,12097,https://huggingface.co/datasets/clinc/clinc_oos,clinc_smalltalk:12097,,
q00672,Hard cases (generated),AI-generated,sr-g0419,data/v2/inputs/old_dataset.xlsx,old_generated:sr-g0419,gmail,False
q00673,MASSIVE,person,13385,https://github.com/alexa/massive,massive_qa:13385,,
q00674,CLINC150,person,6560,https://huggingface.co/datasets/clinc/clinc_oos,clinc_smalltalk:6560,,
q00675,Apache Kafka Jira,"AI, from a real document",KAFKA-16988,https://issues.apache.org/jira/browse/KAFKA-16988,kafka_jira:KAFKA-16988,,
q00676,EnterpriseRAG-Bench,benchmark,qst_0115,https://huggingface.co/datasets/onyx-dot-app/EnterpriseRAG-Bench,enterprise_rag:qst_0115,,
q00677,Hard cases (generated),AI-generated,sr-g0732,data/v2/inputs/old_dataset.xlsx,old_generated:sr-g0732,gmail|kb,False
q00678,CLINC150,person,15499,https://huggingface.co/datasets/clinc/clinc_oos,clinc_hr:15499,,
q00679,Apache Kafka Confluence,"AI, from a real document",cwiki-406619710,https://cwiki.apache.org/confluence/spaces/KAFKA/pages/406619710/KIP-1274+Deprecate+and+remove+support+for+Classic+rebalance+protocol+in+KafkaConsumer,kafka_kips:cwiki-406619710,,
q00680,Hard cases (generated),AI-generated,sr-g0435,data/v2/inputs/old_dataset.xlsx,old_generated:sr-g0435,kb,False
q00681,Apache Kafka Confluence,"AI, from a real document",cwiki-247827387,https://cwiki.apache.org/confluence/spaces/KAFKA/pages/247827387/KIP-915+Txn+and+Group+Coordinator+Downgrade+Foundation,kafka_kips:cwiki-247827387,,
q00682,Hard cases (generated),AI-generated,sr-g0719,data/v2/inputs/old_dataset.xlsx,old_generated:sr-g0719,gmail|notion,True
q00683,QMSum,person,test-19-1,https://github.com/Yale-LILY/QMSum,qmsum:test-19,,
q00684,Ubuntu help chat,"AI, from a real document",ubuntu-irc-tes-1043,https://huggingface.co/datasets/jkkummerfeld/irc_disentangle,ubuntu_irc:ubuntu-irc-tes-1043,,
q00685,EnterpriseRAG-Bench,benchmark,qst_0350,https://huggingface.co/datasets/onyx-dot-app/EnterpriseRAG-Bench,enterprise_rag:qst_0350,,
q00686,Ubuntu help chat,"AI, from a real document",ubuntu-irc-tes-11740,https://huggingface.co/datasets/jkkummerfeld/irc_disentangle,ubuntu_irc:ubuntu-irc-tes-11740,,
q00687,Apache Kafka Jira,"AI, from a real document",KAFKA-20523,https://issues.apache.org/jira/browse/KAFKA-20523,kafka_jira:KAFKA-20523,,
q00688,Ubuntu help chat,"AI, from a real document",ubuntu-irc-val-8586,https://huggingface.co/datasets/jkkummerfeld/irc_disentangle,ubuntu_irc:ubuntu-irc-val-8586,,
q00689,Ubuntu help chat,"AI, from a real document",ubuntu-irc-tes-11771,https://huggingface.co/datasets/jkkummerfeld/irc_disentangle,ubuntu_irc:ubuntu-irc-tes-11771,,
q00690,Hard cases (generated),AI-generated,sr-g0814,data/v2/inputs/old_dataset.xlsx,old_generated:sr-g0814,slack|jira,False
q00691,Ubuntu help chat,"AI, from a real document",ubuntu-irc-tes-14941,https://huggingface.co/datasets/jkkummerfeld/irc_disentangle,ubuntu_irc:ubuntu-irc-tes-14941,,
q00692,Hard cases (generated),AI-generated,sr-g0521,data/v2/inputs/old_dataset.xlsx,old_generated:sr-g0521,kb,False
q00693,Hard cases (generated),AI-generated,sr-g0529,data/v2/inputs/old_dataset.xlsx,old_generated:sr-g0529,slack,False
q00694,MASSIVE,person,16365,https://github.com/alexa/massive,massive_email:16365,,
q00695,CLINC150,person,15326,https://huggingface.co/datasets/clinc/clinc_oos,clinc_public:15326,,
q00696,QMSum,person,train-160-9,https://github.com/Yale-LILY/QMSum,qmsum:train-160,,
q00697,CLINC150,person,4853,https://huggingface.co/datasets/clinc/clinc_oos,clinc_hr:4853,,
q00698,Ubuntu help chat,"AI, from a real document",ubuntu-irc-tes-13331,https://huggingface.co/datasets/jkkummerfeld/irc_disentangle,ubuntu_irc:ubuntu-irc-tes-13331,,
q00699,Apache Kafka Jira,"AI, from a real document",KAFKA-18028,https://issues.apache.org/jira/browse/KAFKA-18028,kafka_jira:KAFKA-18028,,
q00700,ConcurrentQA,person,PAIRIDX:32856,https://huggingface.co/datasets/stanfordnlp/concurrentqa,concurrentqa_wiki:PAIRIDX:32856,,
q00701,Hard cases (hand-written),hand-written,sr-h0256,data/v2/inputs/old_dataset.xlsx,old_human:sr-h0256,jira,False
q00702,Apache Kafka Jira,"AI, from a real document",KAFKA-13398,https://issues.apache.org/jira/browse/KAFKA-13398,kafka_jira:KAFKA-13398,,
q00703,Ubuntu help chat,"AI, from a real document",ubuntu-irc-tes-14646,https://huggingface.co/datasets/jkkummerfeld/irc_disentangle,ubuntu_irc:ubuntu-irc-tes-14646,,
q00704,Apache Kafka Jira,"AI, from a real document",KAFKA-14656,https://issues.apache.org/jira/browse/KAFKA-14656,kafka_jira:KAFKA-14656,,
q00705,Apache Kafka Confluence,"AI, from a real document",cwiki-421958823,https://cwiki.apache.org/confluence/spaces/KAFKA/pages/421958823/KIP-1344+Add+Transaction+Coordinator+Metrics+for+Transaction+State+Log+Appends+and+Marker+Completion,kafka_kips:cwiki-421958823,,
q00706,Hard cases (hand-written),hand-written,sr-h0235,data/v2/inputs/old_dataset.xlsx,old_human:sr-h0235,notion|kb,True
q00707,Hard cases (generated),AI-generated,sr-g0816,data/v2/inputs/old_dataset.xlsx,old_generated:sr-g0816,slack|jira,False
q00708,QMSum,person,test-24-4,https://github.com/Yale-LILY/QMSum,qmsum:test-24,,
q00709,EnterpriseRAG-Bench,benchmark,qst_0326,https://huggingface.co/datasets/onyx-dot-app/EnterpriseRAG-Bench,enterprise_rag:qst_0326,,
q00710,Hard cases (generated),AI-generated,sr-g0772,data/v2/inputs/old_dataset.xlsx,old_generated:sr-g0772,slack|jira|notion,True
q00711,Natural Questions,person,729,https://huggingface.co/datasets/google-research-datasets/nq_open,nq_open:729,,
q00712,CLINC150,person,2958,https://huggingface.co/datasets/clinc/clinc_oos,clinc_smalltalk:2958,,
q00713,MASSIVE,person,16370,https://github.com/alexa/massive,massive_email:16370,,
q00714,CLINC150,person,6584,https://huggingface.co/datasets/clinc/clinc_oos,clinc_smalltalk:6584,,
q00715,EnterpriseRAG-Bench,benchmark,qst_0436,https://huggingface.co/datasets/onyx-dot-app/EnterpriseRAG-Bench,enterprise_rag:qst_0436,,
q00716,Hard cases (hand-written),hand-written,sr-h0246,data/v2/inputs/old_dataset.xlsx,old_human:sr-h0246,slack|notion,False
q00717,MASSIVE,person,17099,https://github.com/alexa/massive,massive_email:17099,,
q00718,Natural Questions,person,2366,https://huggingface.co/datasets/google-research-datasets/nq_open,nq_open:2366,,
q00719,EnterpriseRAG-Bench,benchmark,qst_0423,https://huggingface.co/datasets/onyx-dot-app/EnterpriseRAG-Bench,enterprise_rag:qst_0423,,
q00720,MASSIVE,person,16636,https://github.com/alexa/massive,massive_email:16636,,
q00721,Apache Kafka Confluence,"AI, from a real document",cwiki-181308623,https://cwiki.apache.org/confluence/spaces/KAFKA/pages/181308623/KIP-745+Connect+API+to+restart+connector+and+tasks,kafka_kips:cwiki-181308623,,
q00722,WixQA,person,12,https://huggingface.co/datasets/Wix/WixQA,wixqa_expert:12,,
q00723,Apache Kafka Confluence,"AI, from a real document",cwiki-158872837,https://cwiki.apache.org/confluence/spaces/KAFKA/pages/158872837/KIP-660+Pluggable+ReplicaPlacer,kafka_kips:cwiki-158872837,,
q00724,Ubuntu help chat,"AI, from a real document",ubuntu-irc-val-9775,https://huggingface.co/datasets/jkkummerfeld/irc_disentangle,ubuntu_irc:ubuntu-irc-val-9775,,
q00725,EnterpriseRAG-Bench,benchmark,qst_0096,https://huggingface.co/datasets/onyx-dot-app/EnterpriseRAG-Bench,enterprise_rag:qst_0096,,
q00726,Ubuntu help chat,"AI, from a real document",ubuntu-irc-val-9948,https://huggingface.co/datasets/jkkummerfeld/irc_disentangle,ubuntu_irc:ubuntu-irc-val-9948,,
q00727,Hard cases (generated),AI-generated,sr-g0787,data/v2/inputs/old_dataset.xlsx,old_generated:sr-g0787,notion|jira|kb,True
q00728,Hard cases (generated),AI-generated,sr-g0506,data/v2/inputs/old_dataset.xlsx,old_generated:sr-g0506,gmail,False
q00729,Natural Questions,person,2140,https://huggingface.co/datasets/google-research-datasets/nq_open,nq_open:2140,,
q00730,Apache Kafka Jira,"AI, from a real document",KAFKA-17954,https://issues.apache.org/jira/browse/KAFKA-17954,kafka_jira:KAFKA-17954,,
q00731,Hard cases (generated),AI-generated,sr-g0788,data/v2/inputs/old_dataset.xlsx,old_generated:sr-g0788,slack|notion|gmail,False
q00732,Hard cases (generated),AI-generated,sr-g0743,data/v2/inputs/old_dataset.xlsx,old_generated:sr-g0743,notion|kb,False
q00733,Hard cases (generated),AI-generated,sr-g0381,data/v2/inputs/old_dataset.xlsx,old_generated:sr-g0381,jira,False
q00734,MASSIVE,person,16772,https://github.com/alexa/massive,massive_email:16772,,
q00735,MASSIVE,person,15972,https://github.com/alexa/massive,massive_email:15972,,
q00736,Apache Kafka Confluence,"AI, from a real document",cwiki-110694793,https://cwiki.apache.org/confluence/spaces/KAFKA/pages/110694793/KIP-451+Make+TopologyTestDriver+output+iterable,kafka_kips:cwiki-110694793,,
q00737,QMSum,person,val-27-2,https://github.com/Yale-LILY/QMSum,qmsum:val-27,,
q00738,CLINC150,person,14016,https://huggingface.co/datasets/clinc/clinc_oos,clinc_smalltalk:14016,,
q00739,EnterpriseRAG-Bench,benchmark,qst_0238,https://huggingface.co/datasets/onyx-dot-app/EnterpriseRAG-Bench,enterprise_rag:qst_0238,,
q00740,Hard cases (generated),AI-generated,sr-g0849,data/v2/inputs/old_dataset.xlsx,old_generated:sr-g0849,jira|kb,False
q00741,Hard cases (generated),AI-generated,sr-g0472,data/v2/inputs/old_dataset.xlsx,old_generated:sr-g0472,jira,False
q00742,Hard cases (generated),AI-generated,sr-g0373,data/v2/inputs/old_dataset.xlsx,old_generated:sr-g0373,jira,False
q00743,Apache Kafka Jira,"AI, from a real document",KAFKA-16146,https://issues.apache.org/jira/browse/KAFKA-16146,kafka_jira:KAFKA-16146,,
q00744,MASSIVE,person,16815,https://github.com/alexa/massive,massive_email:16815,,
q00745,Apache Kafka Jira,"AI, from a real document",KAFKA-21167,https://issues.apache.org/jira/browse/KAFKA-21167,kafka_jira:KAFKA-21167,,
q00746,Hard cases (generated),AI-generated,sr-g0604,data/v2/inputs/old_dataset.xlsx,old_generated:sr-g0604,,False
q00747,MASSIVE,person,16260,https://github.com/alexa/massive,massive_email:16260,,
q00748,QMSum,person,train-69-1,https://github.com/Yale-LILY/QMSum,qmsum:train-69,,
q00749,QMSum,person,train-2-0,https://github.com/Yale-LILY/QMSum,qmsum:train-2,,
q00750,MASSIVE,person,16010,https://github.com/alexa/massive,massive_email:16010,,
q00751,Apache Kafka Jira,"AI, from a real document",KAFKA-16252,https://issues.apache.org/jira/browse/KAFKA-16252,kafka_jira:KAFKA-16252,,
q00752,EnterpriseRAG-Bench,benchmark,qst_0335,https://huggingface.co/datasets/onyx-dot-app/EnterpriseRAG-Bench,enterprise_rag:qst_0335,,
q00753,Ubuntu help chat,"AI, from a real document",ubuntu-irc-tes-10086,https://huggingface.co/datasets/jkkummerfeld/irc_disentangle,ubuntu_irc:ubuntu-irc-tes-10086,,
q00754,WixQA,person,131,https://huggingface.co/datasets/Wix/WixQA,wixqa_simulated:131,,
q00755,MASSIVE,person,16192,https://github.com/alexa/massive,massive_email:16192,,
q00756,Apache Kafka Jira,"AI, from a real document",KAFKA-13991,https://issues.apache.org/jira/browse/KAFKA-13991,kafka_jira:KAFKA-13991,,
q00757,Natural Questions,person,1652,https://huggingface.co/datasets/google-research-datasets/nq_open,nq_open:1652,,
q00758,CLINC150,person,13365,https://huggingface.co/datasets/clinc/clinc_oos,clinc_smalltalk:13365,,
q00759,Apache Kafka Confluence,"AI, from a real document",cwiki-132320686,https://cwiki.apache.org/confluence/spaces/KAFKA/pages/132320686/KIP-X+Introduce+a+cooperative+consumer+processing+semantic,kafka_kips:cwiki-132320686,,
q00760,Natural Questions,person,3083,https://huggingface.co/datasets/google-research-datasets/nq_open,nq_open:3083,,
q00761,Ubuntu help chat,"AI, from a real document",ubuntu-irc-val-11113,https://huggingface.co/datasets/jkkummerfeld/irc_disentangle,ubuntu_irc:ubuntu-irc-val-11113,,
q00762,Hard cases (generated),AI-generated,sr-g0355,data/v2/inputs/old_dataset.xlsx,old_generated:sr-g0355,slack,False
q00763,EnterpriseRAG-Bench,benchmark,qst_0364,https://huggingface.co/datasets/onyx-dot-app/EnterpriseRAG-Bench,enterprise_rag:qst_0364,,
q00764,QMSum,person,train-75-2,https://github.com/Yale-LILY/QMSum,qmsum:train-75,,
q00765,QMSum,person,test-11-3,https://github.com/Yale-LILY/QMSum,qmsum:test-11,,
q00766,WixQA,person,104,https://huggingface.co/datasets/Wix/WixQA,wixqa_simulated:104,,
q00767,CLINC150,person,21003,https://huggingface.co/datasets/clinc/clinc_oos,clinc_hr:21003,,
q00768,MASSIVE,person,16585,https://github.com/alexa/massive,massive_email:16585,,
q00769,MASSIVE,person,13504,https://github.com/alexa/massive,massive_qa:13504,,
q00770,EnterpriseRAG-Bench,benchmark,qst_0197,https://huggingface.co/datasets/onyx-dot-app/EnterpriseRAG-Bench,enterprise_rag:qst_0197,,
q00771,QMSum,person,train-130-6,https://github.com/Yale-LILY/QMSum,qmsum:train-130,,
q00772,WixQA,person,164,https://huggingface.co/datasets/Wix/WixQA,wixqa_simulated:164,,
q00773,Hard cases (generated),AI-generated,sr-g0700,data/v2/inputs/old_dataset.xlsx,old_generated:sr-g0700,slack|jira,False
q00774,Hard cases (generated),AI-generated,sr-g0665,data/v2/inputs/old_dataset.xlsx,old_generated:sr-g0665,notion,False
q00775,EnterpriseRAG-Bench,benchmark,qst_0299,https://huggingface.co/datasets/onyx-dot-app/EnterpriseRAG-Bench,enterprise_rag:qst_0299,,
q00776,QMSum,person,train-43-11,https://github.com/Yale-LILY/QMSum,qmsum:train-43,,
q00777,ConcurrentQA,person,PAIRIDX:22433,https://huggingface.co/datasets/stanfordnlp/concurrentqa,concurrentqa_wiki:PAIRIDX:22433,,
q00778,Hard cases (generated),AI-generated,sr-g0870,data/v2/inputs/old_dataset.xlsx,old_generated:sr-g0870,slack,False
q00779,EnterpriseRAG-Bench,benchmark,qst_0345,https://huggingface.co/datasets/onyx-dot-app/EnterpriseRAG-Bench,enterprise_rag:qst_0345,,
q00780,MASSIVE,person,16364,https://github.com/alexa/massive,massive_email:16364,,
q00781,Hard cases (generated),AI-generated,sr-g0559,data/v2/inputs/old_dataset.xlsx,old_generated:sr-g0559,gmail,False
q00782,Hard cases (hand-written),hand-written,sr-h0259,data/v2/inputs/old_dataset.xlsx,old_human:sr-h0259,,False
q00783,QMSum,person,train-40-0,https://github.com/Yale-LILY/QMSum,qmsum:train-40,,
q00784,Ubuntu help chat,"AI, from a real document",ubuntu-irc-tes-14683,https://huggingface.co/datasets/jkkummerfeld/irc_disentangle,ubuntu_irc:ubuntu-irc-tes-14683,,
q00785,Hard cases (generated),AI-generated,sr-g0667,data/v2/inputs/old_dataset.xlsx,old_generated:sr-g0667,notion,False
q00786,EnterpriseRAG-Bench,benchmark,qst_0242,https://huggingface.co/datasets/onyx-dot-app/EnterpriseRAG-Bench,enterprise_rag:qst_0242,,
q00787,Hard cases (generated),AI-generated,sr-g0862,data/v2/inputs/old_dataset.xlsx,old_generated:sr-g0862,gmail,False
q00788,MASSIVE,person,16077,https://github.com/alexa/massive,massive_email:16077,,
q00789,EnterpriseRAG-Bench,benchmark,qst_0034,https://huggingface.co/datasets/onyx-dot-app/EnterpriseRAG-Bench,enterprise_rag:qst_0034,,
q00790,WixQA,person,79,https://huggingface.co/datasets/Wix/WixQA,wixqa_expert:79,,
q00791,MASSIVE,person,16758,https://github.com/alexa/massive,massive_email:16758,,
q00792,CLINC150,person,15646,https://huggingface.co/datasets/clinc/clinc_oos,clinc_smalltalk:15646,,
q00793,Natural Questions,person,904,https://huggingface.co/datasets/google-research-datasets/nq_open,nq_open:904,,
q00794,WixQA,person,17,https://huggingface.co/datasets/Wix/WixQA,wixqa_expert:17,,
q00795,Hard cases (generated),AI-generated,sr-g0632,data/v2/inputs/old_dataset.xlsx,old_generated:sr-g0632,,False
q00796,CLINC150,person,9663,https://huggingface.co/datasets/clinc/clinc_oos,clinc_smalltalk:9663,,
q00797,Hard cases (generated),AI-generated,sr-g0386,data/v2/inputs/old_dataset.xlsx,old_generated:sr-g0386,notion,True
q00798,Apache Kafka Confluence,"AI, from a real document",cwiki-155749118,https://cwiki.apache.org/confluence/spaces/KAFKA/pages/155749118/KIP-620+Deprecate+ConsumerConfig+addDeserializerToConfig+and+ProducerConfig+addSerializerToConfig,kafka_kips:cwiki-155749118,,
q00799,CLINC150,person,18063,https://huggingface.co/datasets/clinc/clinc_oos,clinc_smalltalk:18063,,
q00800,Apache Kafka Confluence,"AI, from a real document",cwiki-113708957,https://cwiki.apache.org/confluence/spaces/KAFKA/pages/113708957/KIP-307+implementation+tracking,kafka_kips:cwiki-113708957,,
q00801,CLINC150,person,21250,https://huggingface.co/datasets/clinc/clinc_oos,clinc_smalltalk:21250,,
q00802,Hard cases (generated),AI-generated,sr-g0542,data/v2/inputs/old_dataset.xlsx,old_generated:sr-g0542,jira,False
q00803,MASSIVE,person,15782,https://github.com/alexa/massive,massive_email:15782,,
q00804,Hard cases (generated),AI-generated,sr-g0605,data/v2/inputs/old_dataset.xlsx,old_generated:sr-g0605,,False
q00805,Apache Kafka Jira,"AI, from a real document",KAFKA-19691,https://issues.apache.org/jira/browse/KAFKA-19691,kafka_jira:KAFKA-19691,,
q00806,Apache Kafka Confluence,"AI, from a real document",cwiki-308152959,https://cwiki.apache.org/confluence/spaces/KAFKA/pages/308152959/KIP-1049+Add+config+log.summary.interval.ms+to+Kafka+Streams,kafka_kips:cwiki-308152959,,
q00807,Hard cases (generated),AI-generated,sr-g0402,data/v2/inputs/old_dataset.xlsx,old_generated:sr-g0402,notion,True
q00808,MASSIVE,person,16695,https://github.com/alexa/massive,massive_email:16695,,
q00809,Hard cases (generated),AI-generated,sr-g0426,data/v2/inputs/old_dataset.xlsx,old_generated:sr-g0426,kb,False
q00810,MASSIVE,person,16331,https://github.com/alexa/massive,massive_email:16331,,
q00811,CLINC150,person,6559,https://huggingface.co/datasets/clinc/clinc_oos,clinc_smalltalk:6559,,
q00812,WixQA,person,63,https://huggingface.co/datasets/Wix/WixQA,wixqa_expert:63,,
q00813,Hard cases (generated),AI-generated,sr-g0736,data/v2/inputs/old_dataset.xlsx,old_generated:sr-g0736,gmail|kb,False
q00814,Natural Questions,person,1635,https://huggingface.co/datasets/google-research-datasets/nq_open,nq_open:1635,,
q00815,Apache Kafka Confluence,"AI, from a real document",cwiki-393677856,https://cwiki.apache.org/confluence/spaces/KAFKA/pages/393677856/KIP-1233+Maximum+lengths+for+resource+names+and+IDs,kafka_kips:cwiki-393677856,,
q00816,Hard cases (generated),AI-generated,sr-g0544,data/v2/inputs/old_dataset.xlsx,old_generated:sr-g0544,jira,False
q00817,EnterpriseRAG-Bench,benchmark,qst_0352,https://huggingface.co/datasets/onyx-dot-app/EnterpriseRAG-Bench,enterprise_rag:qst_0352,,
q00818,MASSIVE,person,13811,https://github.com/alexa/massive,massive_qa:13811,,
q00819,Hard cases (generated),AI-generated,sr-g0428,data/v2/inputs/old_dataset.xlsx,old_generated:sr-g0428,kb,False
q00820,Apache Kafka Jira,"AI, from a real document",KAFKA-13397,https://issues.apache.org/jira/browse/KAFKA-13397,kafka_jira:KAFKA-13397,,
q00821,Apache Kafka Confluence,"AI, from a real document",cwiki-61321904,https://cwiki.apache.org/confluence/spaces/KAFKA/pages/61321904/KIP-37+-+Add+Namespaces+to+Kafka,kafka_kips:cwiki-61321904,,
q00822,EnterpriseRAG-Bench,benchmark,qst_0314,https://huggingface.co/datasets/onyx-dot-app/EnterpriseRAG-Bench,enterprise_rag:qst_0314,,
q00823,QMSum,person,train-68-4,https://github.com/Yale-LILY/QMSum,qmsum:train-68,,
q00824,Ubuntu help chat,"AI, from a real document",ubuntu-irc-val-4960,https://huggingface.co/datasets/jkkummerfeld/irc_disentangle,ubuntu_irc:ubuntu-irc-val-4960,,
q00825,Apache Kafka Confluence,"AI, from a real document",cwiki-347933361,https://cwiki.apache.org/confluence/spaces/KAFKA/pages/347933361/KIP-1155+Metadata+Version+Downgrades,kafka_kips:cwiki-347933361,,
q00826,CLINC150,person,1997,https://huggingface.co/datasets/clinc/clinc_oos,clinc_smalltalk:1997,,
q00827,Hard cases (generated),AI-generated,sr-g0527,data/v2/inputs/old_dataset.xlsx,old_generated:sr-g0527,kb,False
q00828,Apache Kafka Jira,"AI, from a real document",KAFKA-21212,https://issues.apache.org/jira/browse/KAFKA-21212,kafka_jira:KAFKA-21212,,
q00829,MASSIVE,person,16249,https://github.com/alexa/massive,massive_email:16249,,
q00830,WixQA,person,56,https://huggingface.co/datasets/Wix/WixQA,wixqa_simulated:56,,
q00831,CLINC150,person,18941,https://huggingface.co/datasets/clinc/clinc_oos,clinc_smalltalk:18941,,
q00832,WixQA,person,162,https://huggingface.co/datasets/Wix/WixQA,wixqa_simulated:162,,
q00833,Hard cases (generated),AI-generated,sr-g0789,data/v2/inputs/old_dataset.xlsx,old_generated:sr-g0789,slack|notion|gmail,True
q00834,MASSIVE,person,16432,https://github.com/alexa/massive,massive_email:16432,,
q00835,EnterpriseRAG-Bench,benchmark,qst_0272,https://huggingface.co/datasets/onyx-dot-app/EnterpriseRAG-Bench,enterprise_rag:qst_0272,,
q00836,QMSum,person,train-128-0,https://github.com/Yale-LILY/QMSum,qmsum:train-128,,
q00837,Hard cases (generated),AI-generated,sr-g0650,data/v2/inputs/old_dataset.xlsx,old_generated:sr-g0650,slack,False
q00838,CLINC150,person,13846,https://huggingface.co/datasets/clinc/clinc_oos,clinc_smalltalk:13846,,
q00839,Hard cases (generated),AI-generated,sr-g0721,data/v2/inputs/old_dataset.xlsx,old_generated:sr-g0721,gmail|notion,True
q00840,Hard cases (hand-written),hand-written,sr-h0260,data/v2/inputs/old_dataset.xlsx,old_human:sr-h0260,,False
q00841,QMSum,person,train-7-1,https://github.com/Yale-LILY/QMSum,qmsum:train-7,,
q00842,MASSIVE,person,15125,https://github.com/alexa/massive,massive_qa:15125,,
q00843,Apache Kafka Confluence,"AI, from a real document",cwiki-293047057,https://cwiki.apache.org/confluence/spaces/KAFKA/pages/293047057/KIP-1022+Formatting+and+Updating+Features,kafka_kips:cwiki-293047057,,
q00844,Hard cases (generated),AI-generated,sr-g0504,data/v2/inputs/old_dataset.xlsx,old_generated:sr-g0504,gmail,False
q00845,Natural Questions,person,3376,https://huggingface.co/datasets/google-research-datasets/nq_open,nq_open:3376,,
q00846,EnterpriseRAG-Bench,benchmark,qst_0429,https://huggingface.co/datasets/onyx-dot-app/EnterpriseRAG-Bench,enterprise_rag:qst_0429,,
q00847,Natural Questions,person,3402,https://huggingface.co/datasets/google-research-datasets/nq_open,nq_open:3402,,
q00848,WixQA,person,106,https://huggingface.co/datasets/Wix/WixQA,wixqa_expert:106,,
q00849,ConcurrentQA,person,PAIRIDX:40092,https://huggingface.co/datasets/stanfordnlp/concurrentqa,concurrentqa_wiki:PAIRIDX:40092,,
q00850,EnterpriseRAG-Bench,benchmark,qst_0032,https://huggingface.co/datasets/onyx-dot-app/EnterpriseRAG-Bench,enterprise_rag:qst_0032,,
q00851,Hard cases (generated),AI-generated,sr-g0885,data/v2/inputs/old_dataset.xlsx,old_generated:sr-g0885,kb,False
q00852,Natural Questions,person,1016,https://huggingface.co/datasets/google-research-datasets/nq_open,nq_open:1016,,
q00853,Hard cases (generated),AI-generated,sr-g0497,data/v2/inputs/old_dataset.xlsx,old_generated:sr-g0497,gmail,False
q00854,CLINC150,person,2939,https://huggingface.co/datasets/clinc/clinc_oos,clinc_smalltalk:2939,,
q00855,WixQA,person,105,https://huggingface.co/datasets/Wix/WixQA,wixqa_expert:105,,
q00856,Hard cases (generated),AI-generated,sr-g0826,data/v2/inputs/old_dataset.xlsx,old_generated:sr-g0826,notion|kb,False
q00857,Apache Kafka Jira,"AI, from a real document",KAFKA-19703,https://issues.apache.org/jira/browse/KAFKA-19703,kafka_jira:KAFKA-19703,,
q00858,Hard cases (generated),AI-generated,sr-g0720,data/v2/inputs/old_dataset.xlsx,old_generated:sr-g0720,gmail|notion,True
q00859,CLINC150,person,1019,https://huggingface.co/datasets/clinc/clinc_oos,clinc_public:1019,,
q00860,CLINC150,person,8875,https://huggingface.co/datasets/clinc/clinc_oos,clinc_hr:8875,,
q00861,Hard cases (generated),AI-generated,sr-g0758,data/v2/inputs/old_dataset.xlsx,old_generated:sr-g0758,gmail|notion,False
q00862,Hard cases (generated),AI-generated,sr-g0695,data/v2/inputs/old_dataset.xlsx,old_generated:sr-g0695,kb,False
q00863,QMSum,person,val-11-8,https://github.com/Yale-LILY/QMSum,qmsum:val-11,,
q00864,MASSIVE,person,16704,https://github.com/alexa/massive,massive_email:16704,,
q00865,Apache Kafka Jira,"AI, from a real document",KAFKA-14725,https://issues.apache.org/jira/browse/KAFKA-14725,kafka_jira:KAFKA-14725,,
q00866,Apache Kafka Confluence,"AI, from a real document",cwiki-350783948,https://cwiki.apache.org/confluence/spaces/KAFKA/pages/350783948/KIP-1162+Redesign+ClientQuotaCallback+updateClusterMetadata,kafka_kips:cwiki-350783948,,
q00867,CLINC150,person,19244,https://huggingface.co/datasets/clinc/clinc_oos,clinc_smalltalk:19244,,
q00868,EnterpriseRAG-Bench,benchmark,qst_0117,https://huggingface.co/datasets/onyx-dot-app/EnterpriseRAG-Bench,enterprise_rag:qst_0117,,
q00869,EnterpriseRAG-Bench,benchmark,qst_0024,https://huggingface.co/datasets/onyx-dot-app/EnterpriseRAG-Bench,enterprise_rag:qst_0024,,
q00870,Ubuntu help chat,"AI, from a real document",ubuntu-irc-tes-2969,https://huggingface.co/datasets/jkkummerfeld/irc_disentangle,ubuntu_irc:ubuntu-irc-tes-2969,,
q00871,EnterpriseRAG-Bench,benchmark,qst_0384,https://huggingface.co/datasets/onyx-dot-app/EnterpriseRAG-Bench,enterprise_rag:qst_0384,,
q00872,CLINC150,person,13831,https://huggingface.co/datasets/clinc/clinc_oos,clinc_smalltalk:13831,,
q00873,Natural Questions,person,3544,https://huggingface.co/datasets/google-research-datasets/nq_open,nq_open:3544,,
q00874,WixQA,person,98,https://huggingface.co/datasets/Wix/WixQA,wixqa_simulated:98,,
q00875,WixQA,person,162,https://huggingface.co/datasets/Wix/WixQA,wixqa_expert:162,,
q00876,Ubuntu help chat,"AI, from a real document",ubuntu-irc-val-6006,https://huggingface.co/datasets/jkkummerfeld/irc_disentangle,ubuntu_irc:ubuntu-irc-val-6006,,
q00877,Hard cases (generated),AI-generated,sr-g0609,data/v2/inputs/old_dataset.xlsx,old_generated:sr-g0609,,False
q00878,EnterpriseRAG-Bench,benchmark,qst_0463,https://huggingface.co/datasets/onyx-dot-app/EnterpriseRAG-Bench,enterprise_rag:qst_0463,,
q00879,Hard cases (generated),AI-generated,sr-g0620,data/v2/inputs/old_dataset.xlsx,old_generated:sr-g0620,,False
q00880,EnterpriseRAG-Bench,benchmark,qst_0220,https://huggingface.co/datasets/onyx-dot-app/EnterpriseRAG-Bench,enterprise_rag:qst_0220,,
q00881,Apache Kafka Jira,"AI, from a real document",KAFKA-21104,https://issues.apache.org/jira/browse/KAFKA-21104,kafka_jira:KAFKA-21104,,
q00882,Ubuntu help chat,"AI, from a real document",ubuntu-irc-val-3673,https://huggingface.co/datasets/jkkummerfeld/irc_disentangle,ubuntu_irc:ubuntu-irc-val-3673,,
q00883,Apache Kafka Jira,"AI, from a real document",KAFKA-13378,https://issues.apache.org/jira/browse/KAFKA-13378,kafka_jira:KAFKA-13378,,
q00884,EnterpriseRAG-Bench,benchmark,qst_0053,https://huggingface.co/datasets/onyx-dot-app/EnterpriseRAG-Bench,enterprise_rag:qst_0053,,
q00885,EnterpriseRAG-Bench,benchmark,qst_0234,https://huggingface.co/datasets/onyx-dot-app/EnterpriseRAG-Bench,enterprise_rag:qst_0234,,
q00886,MASSIVE,person,16850,https://github.com/alexa/massive,massive_email:16850,,
q00887,Apache Kafka Confluence,"AI, from a real document",cwiki-451974516,https://cwiki.apache.org/confluence/spaces/KAFKA/pages/451974516/KIP-1376+Support+setting+TLS+named+groups,kafka_kips:cwiki-451974516,,
q00888,Apache Kafka Jira,"AI, from a real document",KAFKA-21183,https://issues.apache.org/jira/browse/KAFKA-21183,kafka_jira:KAFKA-21183,,
q00889,MASSIVE,person,13297,https://github.com/alexa/massive,massive_qa:13297,,
q00890,EnterpriseRAG-Bench,benchmark,qst_0460,https://huggingface.co/datasets/onyx-dot-app/EnterpriseRAG-Bench,enterprise_rag:qst_0460,,
q00891,Natural Questions,person,2296,https://huggingface.co/datasets/google-research-datasets/nq_open,nq_open:2296,,
q00892,Natural Questions,person,802,https://huggingface.co/datasets/google-research-datasets/nq_open,nq_open:802,,
q00893,Apache Kafka Jira,"AI, from a real document",KAFKA-21122,https://issues.apache.org/jira/browse/KAFKA-21122,kafka_jira:KAFKA-21122,,
q00894,EnterpriseRAG-Bench,benchmark,qst_0407,https://huggingface.co/datasets/onyx-dot-app/EnterpriseRAG-Bench,enterprise_rag:qst_0407,,
q00895,Natural Questions,person,2310,https://huggingface.co/datasets/google-research-datasets/nq_open,nq_open:2310,,
q00896,Apache Kafka Jira,"AI, from a real document",KAFKA-15471,https://issues.apache.org/jira/browse/KAFKA-15471,kafka_jira:KAFKA-15471,,
q00897,Apache Kafka Jira,"AI, from a real document",KAFKA-12759,https://issues.apache.org/jira/browse/KAFKA-12759,kafka_jira:KAFKA-12759,,
q00898,Hard cases (generated),AI-generated,sr-g0863,data/v2/inputs/old_dataset.xlsx,old_generated:sr-g0863,gmail,False
q00899,WixQA,person,19,https://huggingface.co/datasets/Wix/WixQA,wixqa_expert:19,,
q00900,Hard cases (generated),AI-generated,sr-g0346,data/v2/inputs/old_dataset.xlsx,old_generated:sr-g0346,slack,False
q00901,Ubuntu help chat,"AI, from a real document",ubuntu-irc-val-1181,https://huggingface.co/datasets/jkkummerfeld/irc_disentangle,ubuntu_irc:ubuntu-irc-val-1181,,
q00902,MASSIVE,person,13277,https://github.com/alexa/massive,massive_qa:13277,,
q00903,Hard cases (generated),AI-generated,sr-g0761,data/v2/inputs/old_dataset.xlsx,old_generated:sr-g0761,slack|gmail,False
q00904,QMSum,person,train-12-0,https://github.com/Yale-LILY/QMSum,qmsum:train-12,,
q00905,WixQA,person,122,https://huggingface.co/datasets/Wix/WixQA,wixqa_expert:122,,
q00906,Hard cases (generated),AI-generated,sr-g0579,data/v2/inputs/old_dataset.xlsx,old_generated:sr-g0579,kb,False
q00907,Hard cases (hand-written),hand-written,sr-h0227,data/v2/inputs/old_dataset.xlsx,old_human:sr-h0227,slack|jira|notion|kb,True
q00908,MASSIVE,person,13667,https://github.com/alexa/massive,massive_qa:13667,,
q00909,Natural Questions,person,769,https://huggingface.co/datasets/google-research-datasets/nq_open,nq_open:769,,
q00910,MASSIVE,person,14845,https://github.com/alexa/massive,massive_qa:14845,,
q00911,Hard cases (generated),AI-generated,sr-g0817,data/v2/inputs/old_dataset.xlsx,old_generated:sr-g0817,slack|jira,False
q00912,Ubuntu help chat,"AI, from a real document",ubuntu-irc-val-9921,https://huggingface.co/datasets/jkkummerfeld/irc_disentangle,ubuntu_irc:ubuntu-irc-val-9921,,
q00913,EnterpriseRAG-Bench,benchmark,qst_0401,https://huggingface.co/datasets/onyx-dot-app/EnterpriseRAG-Bench,enterprise_rag:qst_0401,,
q00914,WixQA,person,135,https://huggingface.co/datasets/Wix/WixQA,wixqa_expert:135,,
q00915,Ubuntu help chat,"AI, from a real document",ubuntu-irc-tes-8886,https://huggingface.co/datasets/jkkummerfeld/irc_disentangle,ubuntu_irc:ubuntu-irc-tes-8886,,
q00916,Hard cases (generated),AI-generated,sr-g0815,data/v2/inputs/old_dataset.xlsx,old_generated:sr-g0815,slack|jira,False
q00917,Hard cases (generated),AI-generated,sr-g0418,data/v2/inputs/old_dataset.xlsx,old_generated:sr-g0418,gmail,False
q00918,MASSIVE,person,16647,https://github.com/alexa/massive,massive_email:16647,,
q00919,EnterpriseRAG-Bench,benchmark,qst_0331,https://huggingface.co/datasets/onyx-dot-app/EnterpriseRAG-Bench,enterprise_rag:qst_0331,,
q00920,Apache Kafka Confluence,"AI, from a real document",cwiki-177045548,https://cwiki.apache.org/confluence/spaces/KAFKA/pages/177045548/KIP-719+Deprecate+Log4J+Appender,kafka_kips:cwiki-177045548,,
q00921,Hard cases (generated),AI-generated,sr-g0865,data/v2/inputs/old_dataset.xlsx,old_generated:sr-g0865,kb,False
q00922,Hard cases (generated),AI-generated,sr-g0809,data/v2/inputs/old_dataset.xlsx,old_generated:sr-g0809,slack|notion,False
q00923,Hard cases (generated),AI-generated,sr-g0352,data/v2/inputs/old_dataset.xlsx,old_generated:sr-g0352,slack,False
q00924,EnterpriseRAG-Bench,benchmark,qst_0147,https://huggingface.co/datasets/onyx-dot-app/EnterpriseRAG-Bench,enterprise_rag:qst_0147,,
q00925,MASSIVE,person,15945,https://github.com/alexa/massive,massive_email:15945,,
q00926,QMSum,person,train-38-7,https://github.com/Yale-LILY/QMSum,qmsum:train-38,,
q00927,MASSIVE,person,17052,https://github.com/alexa/massive,massive_email:17052,,
q00928,Hard cases (generated),AI-generated,sr-g0414,data/v2/inputs/old_dataset.xlsx,old_generated:sr-g0414,gmail,False
q00929,CLINC150,person,4802,https://huggingface.co/datasets/clinc/clinc_oos,clinc_hr:4802,,
q00930,QMSum,person,train-82-2,https://github.com/Yale-LILY/QMSum,qmsum:train-82,,
q00931,Hard cases (generated),AI-generated,sr-g0598,data/v2/inputs/old_dataset.xlsx,old_generated:sr-g0598,,False
q00932,EnterpriseRAG-Bench,benchmark,qst_0434,https://huggingface.co/datasets/onyx-dot-app/EnterpriseRAG-Bench,enterprise_rag:qst_0434,,
q00933,ConcurrentQA,person,PAIRIDX:23956,https://huggingface.co/datasets/stanfordnlp/concurrentqa,concurrentqa_wiki:PAIRIDX:23956,,
q00934,WixQA,person,5,https://huggingface.co/datasets/Wix/WixQA,wixqa_expert:5,,
q00935,CLINC150,person,11825,https://huggingface.co/datasets/clinc/clinc_oos,clinc_smalltalk:11825,,
q00936,CLINC150,person,12169,https://huggingface.co/datasets/clinc/clinc_oos,clinc_hr:12169,,
q00937,Apache Kafka Confluence,"AI, from a real document",cwiki-188746840,https://cwiki.apache.org/confluence/spaces/KAFKA/pages/188746840/KIP-778+KRaft+to+KRaft+Upgrades,kafka_kips:cwiki-188746840,,
q00938,Hard cases (generated),AI-generated,sr-g0360,data/v2/inputs/old_dataset.xlsx,old_generated:sr-g0360,slack,False
q00939,MASSIVE,person,16603,https://github.com/alexa/massive,massive_email:16603,,
q00940,WixQA,person,171,https://huggingface.co/datasets/Wix/WixQA,wixqa_simulated:171,,
q00941,Natural Questions,person,3554,https://huggingface.co/datasets/google-research-datasets/nq_open,nq_open:3554,,
q00942,Natural Questions,person,1665,https://huggingface.co/datasets/google-research-datasets/nq_open,nq_open:1665,,
q00943,Hard cases (generated),AI-generated,sr-g0393,data/v2/inputs/old_dataset.xlsx,old_generated:sr-g0393,notion,True
q00944,QMSum,person,train-6-5,https://github.com/Yale-LILY/QMSum,qmsum:train-6,,
q00945,EnterpriseRAG-Bench,benchmark,qst_0362,https://huggingface.co/datasets/onyx-dot-app/EnterpriseRAG-Bench,enterprise_rag:qst_0362,,
q00946,MASSIVE,person,15751,https://github.com/alexa/massive,massive_email:15751,,
q00947,Hard cases (generated),AI-generated,sr-g0654,data/v2/inputs/old_dataset.xlsx,old_generated:sr-g0654,jira,False
q00948,Apache Kafka Confluence,"AI, from a real document",cwiki-148643582,https://cwiki.apache.org/confluence/spaces/KAFKA/pages/148643582/KIP-585+Filter+and+Conditional+SMTs,kafka_kips:cwiki-148643582,,
q00949,QMSum,person,train-94-4,https://github.com/Yale-LILY/QMSum,qmsum:train-94,,
q00950,Hard cases (generated),AI-generated,sr-g0886,data/v2/inputs/old_dataset.xlsx,old_generated:sr-g0886,kb,False
q00951,Natural Questions,person,2580,https://huggingface.co/datasets/google-research-datasets/nq_open,nq_open:2580,,
q00952,Hard cases (generated),AI-generated,sr-g0856,data/v2/inputs/old_dataset.xlsx,old_generated:sr-g0856,jira,False
q00953,Hard cases (generated),AI-generated,sr-g0744,data/v2/inputs/old_dataset.xlsx,old_generated:sr-g0744,notion|kb,False
q00954,Hard cases (generated),AI-generated,sr-g0717,data/v2/inputs/old_dataset.xlsx,old_generated:sr-g0717,gmail|notion,True
q00955,Hard cases (generated),AI-generated,sr-g0776,data/v2/inputs/old_dataset.xlsx,old_generated:sr-g0776,slack|jira|notion,True
q00956,CLINC150,person,15846,https://huggingface.co/datasets/clinc/clinc_oos,clinc_smalltalk:15846,,
q00957,WixQA,person,6,https://huggingface.co/datasets/Wix/WixQA,wixqa_simulated:6,,
q00958,Ubuntu help chat,"AI, from a real document",ubuntu-irc-tes-5487,https://huggingface.co/datasets/jkkummerfeld/irc_disentangle,ubuntu_irc:ubuntu-irc-tes-5487,,
q00959,Hard cases (generated),AI-generated,sr-g0652,data/v2/inputs/old_dataset.xlsx,old_generated:sr-g0652,slack,False
q00960,EnterpriseRAG-Bench,benchmark,qst_0222,https://huggingface.co/datasets/onyx-dot-app/EnterpriseRAG-Bench,enterprise_rag:qst_0222,,
q00961,CLINC150,person,15681,https://huggingface.co/datasets/clinc/clinc_oos,clinc_smalltalk:15681,,
q00962,Hard cases (generated),AI-generated,sr-g0894,data/v2/inputs/old_dataset.xlsx,old_generated:sr-g0894,gmail|notion,False
q00963,WixQA,person,174,https://huggingface.co/datasets/Wix/WixQA,wixqa_simulated:174,,
q00964,EnterpriseRAG-Bench,benchmark,qst_0363,https://huggingface.co/datasets/onyx-dot-app/EnterpriseRAG-Bench,enterprise_rag:qst_0363,,
q00965,Natural Questions,person,2569,https://huggingface.co/datasets/google-research-datasets/nq_open,nq_open:2569,,
q00966,Hard cases (generated),AI-generated,sr-g0794,data/v2/inputs/old_dataset.xlsx,old_generated:sr-g0794,slack|notion|gmail,False
q00967,CLINC150,person,22517,https://huggingface.co/datasets/clinc/clinc_oos,clinc_smalltalk:22517,,
q00968,Hard cases (generated),AI-generated,sr-g0476,data/v2/inputs/old_dataset.xlsx,old_generated:sr-g0476,notion,True
q00969,EnterpriseRAG-Bench,benchmark,qst_0399,https://huggingface.co/datasets/onyx-dot-app/EnterpriseRAG-Bench,enterprise_rag:qst_0399,,
q00970,Hard cases (generated),AI-generated,sr-g0493,data/v2/inputs/old_dataset.xlsx,old_generated:sr-g0493,notion,True
q00971,Hard cases (generated),AI-generated,sr-g0568,data/v2/inputs/old_dataset.xlsx,old_generated:sr-g0568,gmail,False
q00972,Ubuntu help chat,"AI, from a real document",ubuntu-irc-tes-10242,https://huggingface.co/datasets/jkkummerfeld/irc_disentangle,ubuntu_irc:ubuntu-irc-tes-10242,,
q00973,Natural Questions,person,1599,https://huggingface.co/datasets/google-research-datasets/nq_open,nq_open:1599,,
q00974,QMSum,person,val-17-1,https://github.com/Yale-LILY/QMSum,qmsum:val-17,,
q00975,Apache Kafka Jira,"AI, from a real document",KAFKA-18876,https://issues.apache.org/jira/browse/KAFKA-18876,kafka_jira:KAFKA-18876,,
q00976,CLINC150,person,1909,https://huggingface.co/datasets/clinc/clinc_oos,clinc_smalltalk:1909,,
q00977,QMSum,person,train-118-4,https://github.com/Yale-LILY/QMSum,qmsum:train-118,,
q00978,EnterpriseRAG-Bench,benchmark,qst_0280,https://huggingface.co/datasets/onyx-dot-app/EnterpriseRAG-Bench,enterprise_rag:qst_0280,,
q00979,Natural Questions,person,1579,https://huggingface.co/datasets/google-research-datasets/nq_open,nq_open:1579,,
q00980,Hard cases (generated),AI-generated,sr-g0485,data/v2/inputs/old_dataset.xlsx,old_generated:sr-g0485,notion,False
q00981,Apache Kafka Confluence,"AI, from a real document",cwiki-177047930,https://cwiki.apache.org/confluence/spaces/KAFKA/pages/177047930/KIP-725+Streamlining+configurations+for+WindowedSerializer+and+WindowedDeserializer.,kafka_kips:cwiki-177047930,,
q00982,Hard cases (generated),AI-generated,sr-g0884,data/v2/inputs/old_dataset.xlsx,old_generated:sr-g0884,gmail,False
q00983,QMSum,person,train-31-5,https://github.com/Yale-LILY/QMSum,qmsum:train-31,,
q00984,Hard cases (generated),AI-generated,sr-g0777,data/v2/inputs/old_dataset.xlsx,old_generated:sr-g0777,slack|jira|notion,True
q00985,Apache Kafka Confluence,"AI, from a real document",cwiki-421954910,https://cwiki.apache.org/confluence/spaces/KAFKA/pages/421954910/KIP-20461+Support+Infinite+Retention+for+Consumer+Group+Offsets,kafka_kips:cwiki-421954910,,
q00986,Apache Kafka Jira,"AI, from a real document",KAFKA-20518,https://issues.apache.org/jira/browse/KAFKA-20518,kafka_jira:KAFKA-20518,,
q00987,WixQA,person,170,https://huggingface.co/datasets/Wix/WixQA,wixqa_expert:170,,
q00988,MASSIVE,person,16900,https://github.com/alexa/massive,massive_email:16900,,
q00989,EnterpriseRAG-Bench,benchmark,qst_0454,https://huggingface.co/datasets/onyx-dot-app/EnterpriseRAG-Bench,enterprise_rag:qst_0454,,
q00990,Apache Kafka Confluence,"AI, from a real document",cwiki-235834368,https://cwiki.apache.org/confluence/spaces/KAFKA/pages/235834368/KIP-889+Versioned+State+Stores,kafka_kips:cwiki-235834368,,
q00991,Apache Kafka Confluence,"AI, from a real document",cwiki-240884615,https://cwiki.apache.org/confluence/spaces/KAFKA/pages/240884615/KIP-911+Add+source+tag+to+MirrorSourceConnector+metrics,kafka_kips:cwiki-240884615,,
q00992,QMSum,person,train-116-3,https://github.com/Yale-LILY/QMSum,qmsum:train-116,,
q00993,CLINC150,person,16561,https://huggingface.co/datasets/clinc/clinc_oos,clinc_smalltalk:16561,,
q00994,QMSum,person,train-145-3,https://github.com/Yale-LILY/QMSum,qmsum:train-145,,
q00995,CLINC150,person,2903,https://huggingface.co/datasets/clinc/clinc_oos,clinc_smalltalk:2903,,
q00996,QMSum,person,train-97-5,https://github.com/Yale-LILY/QMSum,qmsum:train-97,,
q00997,Ubuntu help chat,"AI, from a real document",ubuntu-irc-tes-1106,https://huggingface.co/datasets/jkkummerfeld/irc_disentangle,ubuntu_irc:ubuntu-irc-tes-1106,,
q00998,QMSum,person,test-3-0,https://github.com/Yale-LILY/QMSum,qmsum:test-3,,
q00999,EnterpriseRAG-Bench,benchmark,qst_0264,https://huggingface.co/datasets/onyx-dot-app/EnterpriseRAG-Bench,enterprise_rag:qst_0264,,
q01000,EnterpriseRAG-Bench,benchmark,qst_0462,https://huggingface.co/datasets/onyx-dot-app/EnterpriseRAG-Bench,enterprise_rag:qst_0462,,
q01001,MASSIVE,person,17173,https://github.com/alexa/massive,massive_email:17173,,
q01002,MASSIVE,person,16521,https://github.com/alexa/massive,massive_email:16521,,
q01003,EnterpriseRAG-Bench,benchmark,qst_0135,https://huggingface.co/datasets/onyx-dot-app/EnterpriseRAG-Bench,enterprise_rag:qst_0135,,
q01004,QMSum,person,train-133-2,https://github.com/Yale-LILY/QMSum,qmsum:train-133,,
q01005,Hard cases (generated),AI-generated,sr-g0538,data/v2/inputs/old_dataset.xlsx,old_generated:sr-g0538,slack,False
q01006,Hard cases (generated),AI-generated,sr-g0696,data/v2/inputs/old_dataset.xlsx,old_generated:sr-g0696,gmail,False
q01007,EnterpriseRAG-Bench,benchmark,qst_0140,https://huggingface.co/datasets/onyx-dot-app/EnterpriseRAG-Bench,enterprise_rag:qst_0140,,
q01008,EnterpriseRAG-Bench,benchmark,qst_0306,https://huggingface.co/datasets/onyx-dot-app/EnterpriseRAG-Bench,enterprise_rag:qst_0306,,
q01009,EnterpriseRAG-Bench,benchmark,qst_0157,https://huggingface.co/datasets/onyx-dot-app/EnterpriseRAG-Bench,enterprise_rag:qst_0157,,
q01010,Hard cases (generated),AI-generated,sr-g0669,data/v2/inputs/old_dataset.xlsx,old_generated:sr-g0669,notion,False
q01011,Apache Kafka Confluence,"AI, from a real document",cwiki-65864833,https://cwiki.apache.org/confluence/spaces/KAFKA/pages/65864833/KIP-73+Replication+Quotas,kafka_kips:cwiki-65864833,,
q01012,Hard cases (generated),AI-generated,sr-g0747,data/v2/inputs/old_dataset.xlsx,old_generated:sr-g0747,slack|notion,False
q01013,EnterpriseRAG-Bench,benchmark,qst_0292,https://huggingface.co/datasets/onyx-dot-app/EnterpriseRAG-Bench,enterprise_rag:qst_0292,,
q01014,Natural Questions,person,2502,https://huggingface.co/datasets/google-research-datasets/nq_open,nq_open:2502,,
q01015,Hard cases (hand-written),hand-written,sr-h0221,data/v2/inputs/old_dataset.xlsx,old_human:sr-h0221,,False
q01016,Hard cases (generated),AI-generated,sr-g0478,data/v2/inputs/old_dataset.xlsx,old_generated:sr-g0478,notion,False
q01017,Natural Questions,person,2195,https://huggingface.co/datasets/google-research-datasets/nq_open,nq_open:2195,,
q01018,CLINC150,person,17611,https://huggingface.co/datasets/clinc/clinc_oos,clinc_smalltalk:17611,,
q01019,EnterpriseRAG-Bench,benchmark,qst_0211,https://huggingface.co/datasets/onyx-dot-app/EnterpriseRAG-Bench,enterprise_rag:qst_0211,,
q01020,MASSIVE,person,14891,https://github.com/alexa/massive,massive_qa:14891,,
q01021,Hard cases (generated),AI-generated,sr-g0597,data/v2/inputs/old_dataset.xlsx,old_generated:sr-g0597,,False
q01022,Natural Questions,person,3578,https://huggingface.co/datasets/google-research-datasets/nq_open,nq_open:3578,,
q01023,MASSIVE,person,16802,https://github.com/alexa/massive,massive_email:16802,,
q01024,Apache Kafka Confluence,"AI, from a real document",cwiki-211884296,https://cwiki.apache.org/confluence/spaces/KAFKA/pages/211884296/KIP-838+Simulate+batching+and+compression,kafka_kips:cwiki-211884296,,
q01025,MASSIVE,person,16814,https://github.com/alexa/massive,massive_email:16814,,
q01026,QMSum,person,val-24-1,https://github.com/Yale-LILY/QMSum,qmsum:val-24,,
q01027,ConcurrentQA,person,PAIRIDX:22991,https://huggingface.co/datasets/stanfordnlp/concurrentqa,concurrentqa_wiki:PAIRIDX:22991,,
q01028,Hard cases (generated),AI-generated,sr-g0519,data/v2/inputs/old_dataset.xlsx,old_generated:sr-g0519,kb,False
q01029,Apache Kafka Jira,"AI, from a real document",KAFKA-13376,https://issues.apache.org/jira/browse/KAFKA-13376,kafka_jira:KAFKA-13376,,
q01030,Apache Kafka Confluence,"AI, from a real document",cwiki-217392092,https://cwiki.apache.org/confluence/spaces/KAFKA/pages/217392092/KIP-854+Separate+configuration+for+producer+ID+expiry,kafka_kips:cwiki-217392092,,
q01031,Apache Kafka Confluence,"AI, from a real document",cwiki-103090207,https://cwiki.apache.org/confluence/spaces/KAFKA/pages/103090207/KIP-430+-+Return+Authorized+Operations+in+Describe+Responses,kafka_kips:cwiki-103090207,,
q01032,Ubuntu help chat,"AI, from a real document",ubuntu-irc-tes-8549,https://huggingface.co/datasets/jkkummerfeld/irc_disentangle,ubuntu_irc:ubuntu-irc-tes-8549,,
q01033,CLINC150,person,11851,https://huggingface.co/datasets/clinc/clinc_oos,clinc_smalltalk:11851,,
q01034,QMSum,person,val-21-6,https://github.com/Yale-LILY/QMSum,qmsum:val-21,,
q01035,Natural Questions,person,1879,https://huggingface.co/datasets/google-research-datasets/nq_open,nq_open:1879,,
q01036,EnterpriseRAG-Bench,benchmark,qst_0367,https://huggingface.co/datasets/onyx-dot-app/EnterpriseRAG-Bench,enterprise_rag:qst_0367,,
q01037,QMSum,person,test-9-0,https://github.com/Yale-LILY/QMSum,qmsum:test-9,,
q01038,Ubuntu help chat,"AI, from a real document",ubuntu-irc-tes-13031,https://huggingface.co/datasets/jkkummerfeld/irc_disentangle,ubuntu_irc:ubuntu-irc-tes-13031,,
q01039,Hard cases (generated),AI-generated,sr-g0530,data/v2/inputs/old_dataset.xlsx,old_generated:sr-g0530,slack,False
q01040,Apache Kafka Confluence,"AI, from a real document",cwiki-278466565,https://cwiki.apache.org/confluence/spaces/KAFKA/pages/278466565/KIP-1006+Remove+SecurityManager+Support,kafka_kips:cwiki-278466565,,
q01041,QMSum,person,train-80-4,https://github.com/Yale-LILY/QMSum,qmsum:train-80,,
q01042,EnterpriseRAG-Bench,benchmark,qst_0403,https://huggingface.co/datasets/onyx-dot-app/EnterpriseRAG-Bench,enterprise_rag:qst_0403,,
q01043,Hard cases (generated),AI-generated,sr-g0866,data/v2/inputs/old_dataset.xlsx,old_generated:sr-g0866,jira,False
q01044,Hard cases (generated),AI-generated,sr-g0489,data/v2/inputs/old_dataset.xlsx,old_generated:sr-g0489,notion,False
q01045,Hard cases (generated),AI-generated,sr-g0499,data/v2/inputs/old_dataset.xlsx,old_generated:sr-g0499,gmail,False
q01046,MASSIVE,person,16854,https://github.com/alexa/massive,massive_email:16854,,
q01047,QMSum,person,train-78-4,https://github.com/Yale-LILY/QMSum,qmsum:train-78,,
q01048,MASSIVE,person,15776,https://github.com/alexa/massive,massive_email:15776,,
q01049,QMSum,person,test-1-0,https://github.com/Yale-LILY/QMSum,qmsum:test-1,,
q01050,Hard cases (generated),AI-generated,sr-g0459,data/v2/inputs/old_dataset.xlsx,old_generated:sr-g0459,jira,False
q01051,QMSum,person,train-52-1,https://github.com/Yale-LILY/QMSum,qmsum:train-52,,
q01052,Ubuntu help chat,"AI, from a real document",ubuntu-irc-tes-4187,https://huggingface.co/datasets/jkkummerfeld/irc_disentangle,ubuntu_irc:ubuntu-irc-tes-4187,,
q01053,Ubuntu help chat,"AI, from a real document",ubuntu-irc-tes-1204,https://huggingface.co/datasets/jkkummerfeld/irc_disentangle,ubuntu_irc:ubuntu-irc-tes-1204,,
q01054,Apache Kafka Jira,"AI, from a real document",KAFKA-16126,https://issues.apache.org/jira/browse/KAFKA-16126,kafka_jira:KAFKA-16126,,
q01055,WixQA,person,148,https://huggingface.co/datasets/Wix/WixQA,wixqa_simulated:148,,
q01056,Hard cases (generated),AI-generated,sr-g0390,data/v2/inputs/old_dataset.xlsx,old_generated:sr-g0390,notion,False
q01057,Hard cases (hand-written),hand-written,sr-h0233,data/v2/inputs/old_dataset.xlsx,old_human:sr-h0233,notion,False
q01058,Ubuntu help chat,"AI, from a real document",ubuntu-irc-tes-8758,https://huggingface.co/datasets/jkkummerfeld/irc_disentangle,ubuntu_irc:ubuntu-irc-tes-8758,,
q01059,WixQA,person,128,https://huggingface.co/datasets/Wix/WixQA,wixqa_expert:128,,
q01060,EnterpriseRAG-Bench,benchmark,qst_0427,https://huggingface.co/datasets/onyx-dot-app/EnterpriseRAG-Bench,enterprise_rag:qst_0427,,
q01061,MASSIVE,person,14008,https://github.com/alexa/massive,massive_qa:14008,,
q01062,Hard cases (generated),AI-generated,sr-g0746,data/v2/inputs/old_dataset.xlsx,old_generated:sr-g0746,notion|kb,False
q01063,Hard cases (generated),AI-generated,sr-g0691,data/v2/inputs/old_dataset.xlsx,old_generated:sr-g0691,kb,False
q01064,EnterpriseRAG-Bench,benchmark,qst_0432,https://huggingface.co/datasets/onyx-dot-app/EnterpriseRAG-Bench,enterprise_rag:qst_0432,,
q01065,WixQA,person,59,https://huggingface.co/datasets/Wix/WixQA,wixqa_expert:59,,
q01066,Apache Kafka Jira,"AI, from a real document",KAFKA-18010,https://issues.apache.org/jira/browse/KAFKA-18010,kafka_jira:KAFKA-18010,,
q01067,QMSum,person,train-41-4,https://github.com/Yale-LILY/QMSum,qmsum:train-41,,
q01068,Ubuntu help chat,"AI, from a real document",ubuntu-irc-tes-5716,https://huggingface.co/datasets/jkkummerfeld/irc_disentangle,ubuntu_irc:ubuntu-irc-tes-5716,,
q01069,Hard cases (generated),AI-generated,sr-g0533,data/v2/inputs/old_dataset.xlsx,old_generated:sr-g0533,slack,False
q01070,CLINC150,person,2162,https://huggingface.co/datasets/clinc/clinc_oos,clinc_smalltalk:2162,,
q01071,EnterpriseRAG-Bench,benchmark,qst_0067,https://huggingface.co/datasets/onyx-dot-app/EnterpriseRAG-Bench,enterprise_rag:qst_0067,,
q01072,EnterpriseRAG-Bench,benchmark,qst_0464,https://huggingface.co/datasets/onyx-dot-app/EnterpriseRAG-Bench,enterprise_rag:qst_0464,,
q01073,Hard cases (generated),AI-generated,sr-g0596,data/v2/inputs/old_dataset.xlsx,old_generated:sr-g0596,,False
q01074,MASSIVE,person,16927,https://github.com/alexa/massive,massive_email:16927,,
q01075,Natural Questions,person,2350,https://huggingface.co/datasets/google-research-datasets/nq_open,nq_open:2350,,
q01076,Natural Questions,person,2914,https://huggingface.co/datasets/google-research-datasets/nq_open,nq_open:2914,,
q01077,MASSIVE,person,16931,https://github.com/alexa/massive,massive_email:16931,,
q01078,CLINC150,person,15838,https://huggingface.co/datasets/clinc/clinc_oos,clinc_smalltalk:15838,,
q01079,WixQA,person,4,https://huggingface.co/datasets/Wix/WixQA,wixqa_expert:4,,
q01080,EnterpriseRAG-Bench,benchmark,qst_0426,https://huggingface.co/datasets/onyx-dot-app/EnterpriseRAG-Bench,enterprise_rag:qst_0426,,
q01081,Ubuntu help chat,"AI, from a real document",ubuntu-irc-tes-13117,https://huggingface.co/datasets/jkkummerfeld/irc_disentangle,ubuntu_irc:ubuntu-irc-tes-13117,,
q01082,Hard cases (generated),AI-generated,sr-g0505,data/v2/inputs/old_dataset.xlsx,old_generated:sr-g0505,gmail,False
q01083,Hard cases (generated),AI-generated,sr-g0702,data/v2/inputs/old_dataset.xlsx,old_generated:sr-g0702,notion|kb,True
q01084,Apache Kafka Confluence,"AI, from a real document",cwiki-231115581,https://cwiki.apache.org/confluence/spaces/KAFKA/pages/231115581/KIP-873+ExceptionHandlingDeserializer+RetryDeserializer+PipeSerializer+PipeDeserializer,kafka_kips:cwiki-231115581,,
q01085,Apache Kafka Confluence,"AI, from a real document",cwiki-382175832,https://cwiki.apache.org/confluence/spaces/KAFKA/pages/382175832/KIP-1211+Align+the+behavior+of+num.partitions+and+default.replication.factor+for+topic+creation,kafka_kips:cwiki-382175832,,
q01086,QMSum,person,train-102-0,https://github.com/Yale-LILY/QMSum,qmsum:train-102,,
q01087,Hard cases (generated),AI-generated,sr-g0838,data/v2/inputs/old_dataset.xlsx,old_generated:sr-g0838,slack|notion,True
q01088,Hard cases (generated),AI-generated,sr-g0656,data/v2/inputs/old_dataset.xlsx,old_generated:sr-g0656,jira,False
q01089,EnterpriseRAG-Bench,benchmark,qst_0014,https://huggingface.co/datasets/onyx-dot-app/EnterpriseRAG-Bench,enterprise_rag:qst_0014,,
q01090,WixQA,person,189,https://huggingface.co/datasets/Wix/WixQA,wixqa_simulated:189,,
q01091,Natural Questions,person,2161,https://huggingface.co/datasets/google-research-datasets/nq_open,nq_open:2161,,
q01092,EnterpriseRAG-Bench,benchmark,qst_0110,https://huggingface.co/datasets/onyx-dot-app/EnterpriseRAG-Bench,enterprise_rag:qst_0110,,
q01093,Hard cases (generated),AI-generated,sr-g0857,data/v2/inputs/old_dataset.xlsx,old_generated:sr-g0857,notion,False
q01094,Hard cases (generated),AI-generated,sr-g0396,data/v2/inputs/old_dataset.xlsx,old_generated:sr-g0396,notion,True
q01095,Hard cases (generated),AI-generated,sr-g0401,data/v2/inputs/old_dataset.xlsx,old_generated:sr-g0401,notion,True
q01096,QMSum,person,train-87-1,https://github.com/Yale-LILY/QMSum,qmsum:train-87,,
q01097,EnterpriseRAG-Bench,benchmark,qst_0114,https://huggingface.co/datasets/onyx-dot-app/EnterpriseRAG-Bench,enterprise_rag:qst_0114,,
q01098,Apache Kafka Confluence,"AI, from a real document",cwiki-369166805,https://cwiki.apache.org/confluence/spaces/KAFKA/pages/369166805/KIP-1186+Update+AddRaftVoterRequest+RPC+to+support+auto-join,kafka_kips:cwiki-369166805,,
q01099,Hard cases (hand-written),hand-written,sr-h0220,data/v2/inputs/old_dataset.xlsx,old_human:sr-h0220,,False
q01100,QMSum,person,test-25-3,https://github.com/Yale-LILY/QMSum,qmsum:test-25,,
q01101,MASSIVE,person,16421,https://github.com/alexa/massive,massive_email:16421,,
q01102,WixQA,person,124,https://huggingface.co/datasets/Wix/WixQA,wixqa_expert:124,,
q01103,Hard cases (generated),AI-generated,sr-g0627,data/v2/inputs/old_dataset.xlsx,old_generated:sr-g0627,,False
q01104,Hard cases (generated),AI-generated,sr-g0883,data/v2/inputs/old_dataset.xlsx,old_generated:sr-g0883,gmail,False
q01105,QMSum,person,val-16-0,https://github.com/Yale-LILY/QMSum,qmsum:val-16,,
q01106,QMSum,person,train-117-0,https://github.com/Yale-LILY/QMSum,qmsum:train-117,,
q01107,Apache Kafka Jira,"AI, from a real document",KAFKA-13430,https://issues.apache.org/jira/browse/KAFKA-13430,kafka_jira:KAFKA-13430,,
q01108,CLINC150,person,15679,https://huggingface.co/datasets/clinc/clinc_oos,clinc_smalltalk:15679,,
q01109,Hard cases (hand-written),hand-written,sr-h0257,data/v2/inputs/old_dataset.xlsx,old_human:sr-h0257,slack,False
q01110,EnterpriseRAG-Bench,benchmark,qst_0136,https://huggingface.co/datasets/onyx-dot-app/EnterpriseRAG-Bench,enterprise_rag:qst_0136,,
q01111,MASSIVE,person,16825,https://github.com/alexa/massive,massive_email:16825,,
q01112,Apache Kafka Confluence,"AI, from a real document",cwiki-103089124,https://cwiki.apache.org/confluence/spaces/KAFKA/pages/103089124/KIP-426+Persist+Broker+Id+to+Zookeeper,kafka_kips:cwiki-103089124,,
q01113,Ubuntu help chat,"AI, from a real document",ubuntu-irc-tes-1242,https://huggingface.co/datasets/jkkummerfeld/irc_disentangle,ubuntu_irc:ubuntu-irc-tes-1242,,
q01114,Hard cases (generated),AI-generated,sr-g0503,data/v2/inputs/old_dataset.xlsx,old_generated:sr-g0503,gmail,False
q01115,Hard cases (generated),AI-generated,sr-g0644,data/v2/inputs/old_dataset.xlsx,old_generated:sr-g0644,slack,False
q01116,Apache Kafka Jira,"AI, from a real document",KAFKA-14655,https://issues.apache.org/jira/browse/KAFKA-14655,kafka_jira:KAFKA-14655,,
q01117,Hard cases (generated),AI-generated,sr-g0672,data/v2/inputs/old_dataset.xlsx,old_generated:sr-g0672,notion,False
q01118,Hard cases (hand-written),hand-written,sr-h0240,data/v2/inputs/old_dataset.xlsx,old_human:sr-h0240,notion|kb,True
q01119,CLINC150,person,2926,https://huggingface.co/datasets/clinc/clinc_oos,clinc_smalltalk:2926,,
q01120,EnterpriseRAG-Bench,benchmark,qst_0188,https://huggingface.co/datasets/onyx-dot-app/EnterpriseRAG-Bench,enterprise_rag:qst_0188,,
q01121,QMSum,person,train-81-0,https://github.com/Yale-LILY/QMSum,qmsum:train-81,,
q01122,Natural Questions,person,2636,https://huggingface.co/datasets/google-research-datasets/nq_open,nq_open:2636,,
q01123,Hard cases (generated),AI-generated,sr-g0587,data/v2/inputs/old_dataset.xlsx,old_generated:sr-g0587,,False
q01124,Hard cases (generated),AI-generated,sr-g0547,data/v2/inputs/old_dataset.xlsx,old_generated:sr-g0547,jira,False
q01125,MASSIVE,person,14794,https://github.com/alexa/massive,massive_qa:14794,,
q01126,Apache Kafka Confluence,"AI, from a real document",cwiki-406623662,https://cwiki.apache.org/confluence/spaces/KAFKA/pages/406623662/KIP-1304+Add+consumer+metric+about+paused+partitions,kafka_kips:cwiki-406623662,,
q01127,QMSum,person,train-63-2,https://github.com/Yale-LILY/QMSum,qmsum:train-63,,
q01128,EnterpriseRAG-Bench,benchmark,qst_0103,https://huggingface.co/datasets/onyx-dot-app/EnterpriseRAG-Bench,enterprise_rag:qst_0103,,
q01129,Hard cases (generated),AI-generated,sr-g0881,data/v2/inputs/old_dataset.xlsx,old_generated:sr-g0881,notion,False
q01130,EnterpriseRAG-Bench,benchmark,qst_0347,https://huggingface.co/datasets/onyx-dot-app/EnterpriseRAG-Bench,enterprise_rag:qst_0347,,
q01131,EnterpriseRAG-Bench,benchmark,qst_0007,https://huggingface.co/datasets/onyx-dot-app/EnterpriseRAG-Bench,enterprise_rag:qst_0007,,
q01132,QMSum,person,test-3-2,https://github.com/Yale-LILY/QMSum,qmsum:test-3,,
q01133,Hard cases (generated),AI-generated,sr-g0871,data/v2/inputs/old_dataset.xlsx,old_generated:sr-g0871,slack,False
q01134,Hard cases (generated),AI-generated,sr-g0555,data/v2/inputs/old_dataset.xlsx,old_generated:sr-g0555,notion,True
q01135,MASSIVE,person,16718,https://github.com/alexa/massive,massive_email:16718,,
q01136,QMSum,person,test-26-11,https://github.com/Yale-LILY/QMSum,qmsum:test-26,,
q01137,MASSIVE,person,13904,https://github.com/alexa/massive,massive_qa:13904,,
q01138,CLINC150,person,11874,https://huggingface.co/datasets/clinc/clinc_oos,clinc_smalltalk:11874,,
q01139,ConcurrentQA,person,PAIRIDX:36621,https://huggingface.co/datasets/stanfordnlp/concurrentqa,concurrentqa_wiki:PAIRIDX:36621,,
q01140,Apache Kafka Confluence,"AI, from a real document",cwiki-311627992,https://cwiki.apache.org/confluence/spaces/KAFKA/pages/311627992/KIP-1071+Streams+Rebalance+Protocol,kafka_kips:cwiki-311627992,,
q01141,CLINC150,person,2909,https://huggingface.co/datasets/clinc/clinc_oos,clinc_smalltalk:2909,,
q01142,WixQA,person,38,https://huggingface.co/datasets/Wix/WixQA,wixqa_expert:38,,
q01143,Natural Questions,person,1778,https://huggingface.co/datasets/google-research-datasets/nq_open,nq_open:1778,,
q01144,MASSIVE,person,16562,https://github.com/alexa/massive,massive_email:16562,,
q01145,Apache Kafka Jira,"AI, from a real document",KAFKA-17093,https://issues.apache.org/jira/browse/KAFKA-17093,kafka_jira:KAFKA-17093,,
q01146,Apache Kafka Confluence,"AI, from a real document",cwiki-332499402,https://cwiki.apache.org/confluence/spaces/KAFKA/pages/332499402/KIP-1117+Support+keystore+with+multiple+alias+entries,kafka_kips:cwiki-332499402,,
q01147,Apache Kafka Jira,"AI, from a real document",KAFKA-15447,https://issues.apache.org/jira/browse/KAFKA-15447,kafka_jira:KAFKA-15447,,
q01148,MASSIVE,person,13095,https://github.com/alexa/massive,massive_qa:13095,,
q01149,Natural Questions,person,1479,https://huggingface.co/datasets/google-research-datasets/nq_open,nq_open:1479,,
q01150,CLINC150,person,12016,https://huggingface.co/datasets/clinc/clinc_oos,clinc_smalltalk:12016,,
q01151,EnterpriseRAG-Bench,benchmark,qst_0155,https://huggingface.co/datasets/onyx-dot-app/EnterpriseRAG-Bench,enterprise_rag:qst_0155,,
q01152,ConcurrentQA,person,PAIRIDX:15846,https://huggingface.co/datasets/stanfordnlp/concurrentqa,concurrentqa_wiki:PAIRIDX:15846,,
q01153,Natural Questions,person,1376,https://huggingface.co/datasets/google-research-datasets/nq_open,nq_open:1376,,
q01154,Hard cases (generated),AI-generated,sr-g0515,data/v2/inputs/old_dataset.xlsx,old_generated:sr-g0515,kb,False
q01155,Hard cases (generated),AI-generated,sr-g0847,data/v2/inputs/old_dataset.xlsx,old_generated:sr-g0847,slack|gmail,False
q01156,Natural Questions,person,2214,https://huggingface.co/datasets/google-research-datasets/nq_open,nq_open:2214,,
q01157,Apache Kafka Jira,"AI, from a real document",KAFKA-21156,https://issues.apache.org/jira/browse/KAFKA-21156,kafka_jira:KAFKA-21156,,
q01158,CLINC150,person,7622,https://huggingface.co/datasets/clinc/clinc_oos,clinc_hr:7622,,
q01159,CLINC150,person,19790,https://huggingface.co/datasets/clinc/clinc_oos,clinc_hr:19790,,
q01160,ConcurrentQA,person,PAIRIDX:35204,https://huggingface.co/datasets/stanfordnlp/concurrentqa,concurrentqa_wiki:PAIRIDX:35204,,
q01161,Apache Kafka Jira,"AI, from a real document",KAFKA-14674,https://issues.apache.org/jira/browse/KAFKA-14674,kafka_jira:KAFKA-14674,,
q01162,Natural Questions,person,67,https://huggingface.co/datasets/google-research-datasets/nq_open,nq_open:67,,
q01163,WixQA,person,97,https://huggingface.co/datasets/Wix/WixQA,wixqa_simulated:97,,
q01164,Hard cases (generated),AI-generated,sr-g0798,data/v2/inputs/old_dataset.xlsx,old_generated:sr-g0798,slack|jira|kb,False
q01165,QMSum,person,test-4-1,https://github.com/Yale-LILY/QMSum,qmsum:test-4,,
q01166,Hard cases (generated),AI-generated,sr-g0569,data/v2/inputs/old_dataset.xlsx,old_generated:sr-g0569,gmail,False
q01167,Hard cases (generated),AI-generated,sr-g0850,data/v2/inputs/old_dataset.xlsx,old_generated:sr-g0850,gmail|kb,False
q01168,Hard cases (hand-written),hand-written,sr-h0237,data/v2/inputs/old_dataset.xlsx,old_human:sr-h0237,notion|kb,True
q01169,QMSum,person,train-156-0,https://github.com/Yale-LILY/QMSum,qmsum:train-156,,
q01170,CLINC150,person,20653,https://huggingface.co/datasets/clinc/clinc_oos,clinc_hr:20653,,
q01171,Hard cases (generated),AI-generated,sr-g0723,data/v2/inputs/old_dataset.xlsx,old_generated:sr-g0723,slack|gmail,False
q01172,Apache Kafka Confluence,"AI, from a real document",cwiki-191335433,https://cwiki.apache.org/confluence/spaces/KAFKA/pages/191335433/KIP-789+Use+localhost+9092+as+default+bootstrap-server+broker-list+in+client+tools,kafka_kips:cwiki-191335433,,
q01173,QMSum,person,train-149-1,https://github.com/Yale-LILY/QMSum,qmsum:train-149,,
q01174,Apache Kafka Confluence,"AI, from a real document",cwiki-406623620,https://cwiki.apache.org/confluence/spaces/KAFKA/pages/406623620/KIP-1303+Deprioritize+Tiered+Storage+Followers+In+Leader+Election,kafka_kips:cwiki-406623620,,
q01175,EnterpriseRAG-Bench,benchmark,qst_0296,https://huggingface.co/datasets/onyx-dot-app/EnterpriseRAG-Bench,enterprise_rag:qst_0296,,
q01176,MASSIVE,person,16136,https://github.com/alexa/massive,massive_email:16136,,
q01177,Natural Questions,person,1395,https://huggingface.co/datasets/google-research-datasets/nq_open,nq_open:1395,,
q01178,EnterpriseRAG-Bench,benchmark,qst_0212,https://huggingface.co/datasets/onyx-dot-app/EnterpriseRAG-Bench,enterprise_rag:qst_0212,,
q01179,Hard cases (generated),AI-generated,sr-g0347,data/v2/inputs/old_dataset.xlsx,old_generated:sr-g0347,slack,False
q01180,Hard cases (generated),AI-generated,sr-g0350,data/v2/inputs/old_dataset.xlsx,old_generated:sr-g0350,slack,False
q01181,MASSIVE,person,13716,https://github.com/alexa/massive,massive_qa:13716,,
q01182,WixQA,person,40,https://huggingface.co/datasets/Wix/WixQA,wixqa_expert:40,,
q01183,EnterpriseRAG-Bench,benchmark,qst_0467,https://huggingface.co/datasets/onyx-dot-app/EnterpriseRAG-Bench,enterprise_rag:qst_0467,,
q01184,EnterpriseRAG-Bench,benchmark,qst_0337,https://huggingface.co/datasets/onyx-dot-app/EnterpriseRAG-Bench,enterprise_rag:qst_0337,,
q01185,ConcurrentQA,person,PAIRIDX:30018,https://huggingface.co/datasets/stanfordnlp/concurrentqa,concurrentqa_wiki:PAIRIDX:30018,,
q01186,Hard cases (generated),AI-generated,sr-g0445,data/v2/inputs/old_dataset.xlsx,old_generated:sr-g0445,slack,False
q01187,WixQA,person,108,https://huggingface.co/datasets/Wix/WixQA,wixqa_simulated:108,,
q01188,Hard cases (generated),AI-generated,sr-g0693,data/v2/inputs/old_dataset.xlsx,old_generated:sr-g0693,kb,False
q01189,MASSIVE,person,17156,https://github.com/alexa/massive,massive_email:17156,,
q01190,Apache Kafka Jira,"AI, from a real document",KAFKA-12686,https://issues.apache.org/jira/browse/KAFKA-12686,kafka_jira:KAFKA-12686,,
q01191,Ubuntu help chat,"AI, from a real document",ubuntu-irc-tes-5524,https://huggingface.co/datasets/jkkummerfeld/irc_disentangle,ubuntu_irc:ubuntu-irc-tes-5524,,
q01192,MASSIVE,person,13230,https://github.com/alexa/massive,massive_qa:13230,,
q01193,WixQA,person,14,https://huggingface.co/datasets/Wix/WixQA,wixqa_expert:14,,
q01194,Apache Kafka Jira,"AI, from a real document",KAFKA-19658,https://issues.apache.org/jira/browse/KAFKA-19658,kafka_jira:KAFKA-19658,,
q01195,Hard cases (generated),AI-generated,sr-g0585,data/v2/inputs/old_dataset.xlsx,old_generated:sr-g0585,kb,False
q01196,EnterpriseRAG-Bench,benchmark,qst_0370,https://huggingface.co/datasets/onyx-dot-app/EnterpriseRAG-Bench,enterprise_rag:qst_0370,,
q01197,Apache Kafka Confluence,"AI, from a real document",cwiki-278465373,https://cwiki.apache.org/confluence/spaces/KAFKA/pages/278465373/KIP-1000+List+Client+Metrics+Configuration+Resources,kafka_kips:cwiki-278465373,,
q01198,Apache Kafka Confluence,"AI, from a real document",cwiki-373885516,https://cwiki.apache.org/confluence/spaces/KAFKA/pages/373885516/KIP-1190+Add+a+metric+for+controller+thread+idleness,kafka_kips:cwiki-373885516,,
q01199,Natural Questions,person,1100,https://huggingface.co/datasets/google-research-datasets/nq_open,nq_open:1100,,
q01200,WixQA,person,130,https://huggingface.co/datasets/Wix/WixQA,wixqa_expert:130,,
q01201,MASSIVE,person,14092,https://github.com/alexa/massive,massive_qa:14092,,
q01202,MASSIVE,person,16730,https://github.com/alexa/massive,massive_email:16730,,
q01203,QMSum,person,train-24-0,https://github.com/Yale-LILY/QMSum,qmsum:train-24,,
q01204,WixQA,person,166,https://huggingface.co/datasets/Wix/WixQA,wixqa_simulated:166,,
q01205,MASSIVE,person,16263,https://github.com/alexa/massive,massive_email:16263,,
q01206,Ubuntu help chat,"AI, from a real document",ubuntu-irc-val-12441,https://huggingface.co/datasets/jkkummerfeld/irc_disentangle,ubuntu_irc:ubuntu-irc-val-12441,,
q01207,Hard cases (generated),AI-generated,sr-g0738,data/v2/inputs/old_dataset.xlsx,old_generated:sr-g0738,slack|jira,False
q01208,Natural Questions,person,1138,https://huggingface.co/datasets/google-research-datasets/nq_open,nq_open:1138,,
q01209,Hard cases (generated),AI-generated,sr-g0755,data/v2/inputs/old_dataset.xlsx,old_generated:sr-g0755,jira|notion,False
q01210,Apache Kafka Confluence,"AI, from a real document",cwiki-231116081,https://cwiki.apache.org/confluence/spaces/KAFKA/pages/231116081/KIP-876+Time+based+cluster+metadata+snapshots,kafka_kips:cwiki-231116081,,
q01211,Hard cases (generated),AI-generated,sr-g0405,data/v2/inputs/old_dataset.xlsx,old_generated:sr-g0405,gmail,False
q01212,EnterpriseRAG-Bench,benchmark,qst_0167,https://huggingface.co/datasets/onyx-dot-app/EnterpriseRAG-Bench,enterprise_rag:qst_0167,,
q01213,WixQA,person,150,https://huggingface.co/datasets/Wix/WixQA,wixqa_expert:150,,
q01214,CLINC150,person,1291,https://huggingface.co/datasets/clinc/clinc_oos,clinc_hr:1291,,
q01215,Hard cases (generated),AI-generated,sr-g0379,data/v2/inputs/old_dataset.xlsx,old_generated:sr-g0379,jira,False
q01216,Hard cases (generated),AI-generated,sr-g0745,data/v2/inputs/old_dataset.xlsx,old_generated:sr-g0745,notion|kb,False
q01217,WixQA,person,120,https://huggingface.co/datasets/Wix/WixQA,wixqa_expert:120,,
q01218,Natural Questions,person,710,https://huggingface.co/datasets/google-research-datasets/nq_open,nq_open:710,,
q01219,EnterpriseRAG-Bench,benchmark,qst_0001,https://huggingface.co/datasets/onyx-dot-app/EnterpriseRAG-Bench,enterprise_rag:qst_0001,,
q01220,EnterpriseRAG-Bench,benchmark,qst_0441,https://huggingface.co/datasets/onyx-dot-app/EnterpriseRAG-Bench,enterprise_rag:qst_0441,,
q01221,Ubuntu help chat,"AI, from a real document",ubuntu-irc-tes-4200,https://huggingface.co/datasets/jkkummerfeld/irc_disentangle,ubuntu_irc:ubuntu-irc-tes-4200,,
q01222,EnterpriseRAG-Bench,benchmark,qst_0430,https://huggingface.co/datasets/onyx-dot-app/EnterpriseRAG-Bench,enterprise_rag:qst_0430,,
q01223,Hard cases (generated),AI-generated,sr-g0483,data/v2/inputs/old_dataset.xlsx,old_generated:sr-g0483,notion,False
q01224,Hard cases (generated),AI-generated,sr-g0680,data/v2/inputs/old_dataset.xlsx,old_generated:sr-g0680,gmail,False
q01225,Hard cases (generated),AI-generated,sr-g0617,data/v2/inputs/old_dataset.xlsx,old_generated:sr-g0617,,False
q01226,CLINC150,person,13829,https://huggingface.co/datasets/clinc/clinc_oos,clinc_smalltalk:13829,,
q01227,Ubuntu help chat,"AI, from a real document",ubuntu-irc-tes-13105,https://huggingface.co/datasets/jkkummerfeld/irc_disentangle,ubuntu_irc:ubuntu-irc-tes-13105,,
q01228,Apache Kafka Jira,"AI, from a real document",KAFKA-18974,https://issues.apache.org/jira/browse/KAFKA-18974,kafka_jira:KAFKA-18974,,
q01229,Hard cases (generated),AI-generated,sr-g0651,data/v2/inputs/old_dataset.xlsx,old_generated:sr-g0651,slack,False
q01230,Apache Kafka Confluence,"AI, from a real document",cwiki-390761228,https://cwiki.apache.org/confluence/spaces/KAFKA/pages/390761228/KIP-1226+Introducing+Share+Partition+Lag+Persistence+and+Retrieval,kafka_kips:cwiki-390761228,,
q01231,WixQA,person,103,https://huggingface.co/datasets/Wix/WixQA,wixqa_expert:103,,
q01232,Apache Kafka Confluence,"AI, from a real document",cwiki-371296689,https://cwiki.apache.org/confluence/spaces/KAFKA/pages/371296689/KIP-1187+Support+to+retrieve+remote+log+size+via+DescribeLogDirs+RPC,kafka_kips:cwiki-371296689,,
q01233,WixQA,person,41,https://huggingface.co/datasets/Wix/WixQA,wixqa_simulated:41,,
q01234,EnterpriseRAG-Bench,benchmark,qst_0216,https://huggingface.co/datasets/onyx-dot-app/EnterpriseRAG-Bench,enterprise_rag:qst_0216,,
q01235,Apache Kafka Confluence,"AI, from a real document",cwiki-87298200,https://cwiki.apache.org/confluence/spaces/KAFKA/pages/87298200/KIP-335+Consider+configurations+for+KafkaStreams,kafka_kips:cwiki-87298200,,
q01236,Ubuntu help chat,"AI, from a real document",ubuntu-irc-tes-2493,https://huggingface.co/datasets/jkkummerfeld/irc_disentangle,ubuntu_irc:ubuntu-irc-tes-2493,,
q01237,Hard cases (generated),AI-generated,sr-g0833,data/v2/inputs/old_dataset.xlsx,old_generated:sr-g0833,slack|jira,False
q01238,Hard cases (generated),AI-generated,sr-g0607,data/v2/inputs/old_dataset.xlsx,old_generated:sr-g0607,,False
q01239,CLINC150,person,11885,https://huggingface.co/datasets/clinc/clinc_oos,clinc_smalltalk:11885,,
q01240,Hard cases (hand-written),hand-written,sr-h0224,data/v2/inputs/old_dataset.xlsx,old_human:sr-h0224,notion,True
q01241,QMSum,person,train-136-4,https://github.com/Yale-LILY/QMSum,qmsum:train-136,,
q01242,Apache Kafka Jira,"AI, from a real document",KAFKA-20527,https://issues.apache.org/jira/browse/KAFKA-20527,kafka_jira:KAFKA-20527,,
q01243,MASSIVE,person,16596,https://github.com/alexa/massive,massive_email:16596,,
q01244,Hard cases (generated),AI-generated,sr-g0444,data/v2/inputs/old_dataset.xlsx,old_generated:sr-g0444,slack,False
q01245,Hard cases (generated),AI-generated,sr-g0688,data/v2/inputs/old_dataset.xlsx,old_generated:sr-g0688,kb,False
q01246,CLINC150,person,4877,https://huggingface.co/datasets/clinc/clinc_oos,clinc_hr:4877,,
q01247,Apache Kafka Confluence,"AI, from a real document",cwiki-395381259,https://cwiki.apache.org/confluence/spaces/KAFKA/pages/395381259/KIP-1243+Consistent+Metadata+Reads,kafka_kips:cwiki-395381259,,
q01248,EnterpriseRAG-Bench,benchmark,qst_0294,https://huggingface.co/datasets/onyx-dot-app/EnterpriseRAG-Bench,enterprise_rag:qst_0294,,
q01249,ConcurrentQA,person,PAIRIDX:8004,https://huggingface.co/datasets/stanfordnlp/concurrentqa,concurrentqa_wiki:PAIRIDX:8004,,
q01250,WixQA,person,17,https://huggingface.co/datasets/Wix/WixQA,wixqa_simulated:17,,
q01251,EnterpriseRAG-Bench,benchmark,qst_0336,https://huggingface.co/datasets/onyx-dot-app/EnterpriseRAG-Bench,enterprise_rag:qst_0336,,
q01252,Hard cases (generated),AI-generated,sr-g0422,data/v2/inputs/old_dataset.xlsx,old_generated:sr-g0422,kb,False
q01253,Apache Kafka Jira,"AI, from a real document",KAFKA-13961,https://issues.apache.org/jira/browse/KAFKA-13961,kafka_jira:KAFKA-13961,,
q01254,Hard cases (generated),AI-generated,sr-g0375,data/v2/inputs/old_dataset.xlsx,old_generated:sr-g0375,jira,False
q01255,CLINC150,person,14095,https://huggingface.co/datasets/clinc/clinc_oos,clinc_smalltalk:14095,,
q01256,QMSum,person,train-123-1,https://github.com/Yale-LILY/QMSum,qmsum:train-123,,
q01257,QMSum,person,test-8-0,https://github.com/Yale-LILY/QMSum,qmsum:test-8,,
q01258,MASSIVE,person,15784,https://github.com/alexa/massive,massive_email:15784,,
q01259,EnterpriseRAG-Bench,benchmark,qst_0095,https://huggingface.co/datasets/onyx-dot-app/EnterpriseRAG-Bench,enterprise_rag:qst_0095,,
q01260,Natural Questions,person,141,https://huggingface.co/datasets/google-research-datasets/nq_open,nq_open:141,,
q01261,Hard cases (generated),AI-generated,sr-g0520,data/v2/inputs/old_dataset.xlsx,old_generated:sr-g0520,kb,False
q01262,CLINC150,person,8825,https://huggingface.co/datasets/clinc/clinc_oos,clinc_hr:8825,,
q01263,WixQA,person,102,https://huggingface.co/datasets/Wix/WixQA,wixqa_simulated:102,,
q01264,Hard cases (generated),AI-generated,sr-g0638,data/v2/inputs/old_dataset.xlsx,old_generated:sr-g0638,,False
q01265,CLINC150,person,384,https://huggingface.co/datasets/clinc/clinc_oos,clinc_public:384,,
q01266,Natural Questions,person,3178,https://huggingface.co/datasets/google-research-datasets/nq_open,nq_open:3178,,
q01267,MASSIVE,person,15874,https://github.com/alexa/massive,massive_email:15874,,
q01268,Hard cases (generated),AI-generated,sr-g0778,data/v2/inputs/old_dataset.xlsx,old_generated:sr-g0778,slack|jira|notion,False
q01269,QMSum,person,train-46-1,https://github.com/Yale-LILY/QMSum,qmsum:train-46,,
q01270,CLINC150,person,397,https://huggingface.co/datasets/clinc/clinc_oos,clinc_public:397,,
q01271,EnterpriseRAG-Bench,benchmark,qst_0008,https://huggingface.co/datasets/onyx-dot-app/EnterpriseRAG-Bench,enterprise_rag:qst_0008,,
q01272,MASSIVE,person,16945,https://github.com/alexa/massive,massive_email:16945,,
q01273,Hard cases (generated),AI-generated,sr-g0737,data/v2/inputs/old_dataset.xlsx,old_generated:sr-g0737,slack|jira,False
q01274,Apache Kafka Jira,"AI, from a real document",KAFKA-12705,https://issues.apache.org/jira/browse/KAFKA-12705,kafka_jira:KAFKA-12705,,
q01275,EnterpriseRAG-Bench,benchmark,qst_0104,https://huggingface.co/datasets/onyx-dot-app/EnterpriseRAG-Bench,enterprise_rag:qst_0104,,
q01276,MASSIVE,person,16083,https://github.com/alexa/massive,massive_email:16083,,
q01277,Ubuntu help chat,"AI, from a real document",ubuntu-irc-tes-10232,https://huggingface.co/datasets/jkkummerfeld/irc_disentangle,ubuntu_irc:ubuntu-irc-tes-10232,,
q01278,WixQA,person,23,https://huggingface.co/datasets/Wix/WixQA,wixqa_expert:23,,
q01279,WixQA,person,98,https://huggingface.co/datasets/Wix/WixQA,wixqa_expert:98,,
q01280,CLINC150,person,565,https://huggingface.co/datasets/clinc/clinc_oos,clinc_hr:565,,
q01281,Hard cases (generated),AI-generated,sr-g0601,data/v2/inputs/old_dataset.xlsx,old_generated:sr-g0601,,False
q01282,Natural Questions,person,551,https://huggingface.co/datasets/google-research-datasets/nq_open,nq_open:551,,
q01283,Natural Questions,person,3482,https://huggingface.co/datasets/google-research-datasets/nq_open,nq_open:3482,,
q01284,EnterpriseRAG-Bench,benchmark,qst_0390,https://huggingface.co/datasets/onyx-dot-app/EnterpriseRAG-Bench,enterprise_rag:qst_0390,,
q01285,Hard cases (generated),AI-generated,sr-g0446,data/v2/inputs/old_dataset.xlsx,old_generated:sr-g0446,slack,False
q01286,EnterpriseRAG-Bench,benchmark,qst_0062,https://huggingface.co/datasets/onyx-dot-app/EnterpriseRAG-Bench,enterprise_rag:qst_0062,,
q01287,Hard cases (generated),AI-generated,sr-g0524,data/v2/inputs/old_dataset.xlsx,old_generated:sr-g0524,kb,False
q01288,Hard cases (generated),AI-generated,sr-g0427,data/v2/inputs/old_dataset.xlsx,old_generated:sr-g0427,kb,False
q01289,MASSIVE,person,16795,https://github.com/alexa/massive,massive_email:16795,,
q01290,Hard cases (generated),AI-generated,sr-g0457,data/v2/inputs/old_dataset.xlsx,old_generated:sr-g0457,jira,False
q01291,EnterpriseRAG-Bench,benchmark,qst_0395,https://huggingface.co/datasets/onyx-dot-app/EnterpriseRAG-Bench,enterprise_rag:qst_0395,,
q01292,Apache Kafka Confluence,"AI, from a real document",cwiki-173085801,https://cwiki.apache.org/confluence/spaces/KAFKA/pages/173085801/KIP-715+Expose+Committed+offset+in+streams,kafka_kips:cwiki-173085801,,
q01293,Apache Kafka Confluence,"AI, from a real document",cwiki-65869847,https://cwiki.apache.org/confluence/spaces/KAFKA/pages/65869847/KIP-81+Bound+Fetch+memory+usage+in+the+consumer,kafka_kips:cwiki-65869847,,
q01294,Hard cases (generated),AI-generated,sr-g0642,data/v2/inputs/old_dataset.xlsx,old_generated:sr-g0642,slack,False
q01295,Ubuntu help chat,"AI, from a real document",ubuntu-irc-val-3552,https://huggingface.co/datasets/jkkummerfeld/irc_disentangle,ubuntu_irc:ubuntu-irc-val-3552,,
q01296,EnterpriseRAG-Bench,benchmark,qst_0226,https://huggingface.co/datasets/onyx-dot-app/EnterpriseRAG-Bench,enterprise_rag:qst_0226,,
q01297,CLINC150,person,7699,https://huggingface.co/datasets/clinc/clinc_oos,clinc_hr:7699,,
q01298,Hard cases (generated),AI-generated,sr-g0397,data/v2/inputs/old_dataset.xlsx,old_generated:sr-g0397,notion,False
q01299,MASSIVE,person,16520,https://github.com/alexa/massive,massive_email:16520,,
q01300,EnterpriseRAG-Bench,benchmark,qst_0025,https://huggingface.co/datasets/onyx-dot-app/EnterpriseRAG-Bench,enterprise_rag:qst_0025,,
q01301,Hard cases (generated),AI-generated,sr-g0759,data/v2/inputs/old_dataset.xlsx,old_generated:sr-g0759,gmail|notion,False
q01302,Apache Kafka Confluence,"AI, from a real document",cwiki-406618536,https://cwiki.apache.org/confluence/spaces/KAFKA/pages/406618536/KIP-1270+Extend+ProcessExceptionalHandler+for+GlobalThread,kafka_kips:cwiki-406618536,,
q01303,EnterpriseRAG-Bench,benchmark,qst_0236,https://huggingface.co/datasets/onyx-dot-app/EnterpriseRAG-Bench,enterprise_rag:qst_0236,,
q01304,Hard cases (generated),AI-generated,sr-g0539,data/v2/inputs/old_dataset.xlsx,old_generated:sr-g0539,slack,False
q01305,Hard cases (generated),AI-generated,sr-g0655,data/v2/inputs/old_dataset.xlsx,old_generated:sr-g0655,jira,False
q01306,QMSum,person,train-72-3,https://github.com/Yale-LILY/QMSum,qmsum:train-72,,
q01307,QMSum,person,train-54-4,https://github.com/Yale-LILY/QMSum,qmsum:train-54,,
q01308,WixQA,person,82,https://huggingface.co/datasets/Wix/WixQA,wixqa_expert:82,,
q01309,Ubuntu help chat,"AI, from a real document",ubuntu-irc-val-9830,https://huggingface.co/datasets/jkkummerfeld/irc_disentangle,ubuntu_irc:ubuntu-irc-val-9830,,
q01310,Apache Kafka Jira,"AI, from a real document",KAFKA-17073,https://issues.apache.org/jira/browse/KAFKA-17073,kafka_jira:KAFKA-17073,,
q01311,WixQA,person,167,https://huggingface.co/datasets/Wix/WixQA,wixqa_simulated:167,,
q01312,WixQA,person,70,https://huggingface.co/datasets/Wix/WixQA,wixqa_simulated:70,,
q01313,EnterpriseRAG-Bench,benchmark,qst_0028,https://huggingface.co/datasets/onyx-dot-app/EnterpriseRAG-Bench,enterprise_rag:qst_0028,,
q01314,Natural Questions,person,814,https://huggingface.co/datasets/google-research-datasets/nq_open,nq_open:814,,
q01315,MASSIVE,person,16918,https://github.com/alexa/massive,massive_email:16918,,
q01316,EnterpriseRAG-Bench,benchmark,qst_0037,https://huggingface.co/datasets/onyx-dot-app/EnterpriseRAG-Bench,enterprise_rag:qst_0037,,
q01317,Apache Kafka Confluence,"AI, from a real document",cwiki-191334740,https://cwiki.apache.org/confluence/spaces/KAFKA/pages/191334740/KIP-783+Add+TaskId+field+to+StreamsException,kafka_kips:cwiki-191334740,,
q01318,WixQA,person,104,https://huggingface.co/datasets/Wix/WixQA,wixqa_expert:104,,
q01319,Apache Kafka Confluence,"AI, from a real document",cwiki-181306988,https://cwiki.apache.org/confluence/spaces/KAFKA/pages/181306988/KIP-741+Change+default+serde+to+be+null,kafka_kips:cwiki-181306988,,
q01320,CLINC150,person,21248,https://huggingface.co/datasets/clinc/clinc_oos,clinc_smalltalk:21248,,
q01321,Natural Questions,person,667,https://huggingface.co/datasets/google-research-datasets/nq_open,nq_open:667,,
q01322,QMSum,person,val-33-1,https://github.com/Yale-LILY/QMSum,qmsum:val-33,,
q01323,MASSIVE,person,16389,https://github.com/alexa/massive,massive_email:16389,,
q01324,CLINC150,person,2160,https://huggingface.co/datasets/clinc/clinc_oos,clinc_smalltalk:2160,,
q01325,Apache Kafka Confluence,"AI, from a real document",cwiki-152113040,https://cwiki.apache.org/confluence/spaces/KAFKA/pages/152113040/KIP-xxx+Cache+the+UpdateMetadata+requests+in+controller,kafka_kips:cwiki-152113040,,
q01326,MASSIVE,person,17176,https://github.com/alexa/massive,massive_email:17176,,
q01327,Hard cases (generated),AI-generated,sr-g0749,data/v2/inputs/old_dataset.xlsx,old_generated:sr-g0749,slack|notion,False
q01328,WixQA,person,169,https://huggingface.co/datasets/Wix/WixQA,wixqa_expert:169,,
q01329,Natural Questions,person,482,https://huggingface.co/datasets/google-research-datasets/nq_open,nq_open:482,,
q01330,QMSum,person,train-89-3,https://github.com/Yale-LILY/QMSum,qmsum:train-89,,
q01331,Hard cases (generated),AI-generated,sr-g0436,data/v2/inputs/old_dataset.xlsx,old_generated:sr-g0436,kb,False
q01332,Hard cases (generated),AI-generated,sr-g0500,data/v2/inputs/old_dataset.xlsx,old_generated:sr-g0500,gmail,False
q01333,Hard cases (generated),AI-generated,sr-g0645,data/v2/inputs/old_dataset.xlsx,old_generated:sr-g0645,slack,False
q01334,Natural Questions,person,2074,https://huggingface.co/datasets/google-research-datasets/nq_open,nq_open:2074,,
q01335,Apache Kafka Jira,"AI, from a real document",KAFKA-19756,https://issues.apache.org/jira/browse/KAFKA-19756,kafka_jira:KAFKA-19756,,
q01336,Hard cases (generated),AI-generated,sr-g0872,data/v2/inputs/old_dataset.xlsx,old_generated:sr-g0872,slack,False
q01337,Hard cases (generated),AI-generated,sr-g0663,data/v2/inputs/old_dataset.xlsx,old_generated:sr-g0663,jira,False
q01338,MASSIVE,person,15930,https://github.com/alexa/massive,massive_email:15930,,
q01339,CLINC150,person,2155,https://huggingface.co/datasets/clinc/clinc_oos,clinc_smalltalk:2155,,
q01340,Hard cases (generated),AI-generated,sr-g0508,data/v2/inputs/old_dataset.xlsx,old_generated:sr-g0508,gmail,False
q01341,WixQA,person,119,https://huggingface.co/datasets/Wix/WixQA,wixqa_simulated:119,,
q01342,WixQA,person,149,https://huggingface.co/datasets/Wix/WixQA,wixqa_expert:149,,
q01343,Hard cases (hand-written),hand-written,sr-h0247,data/v2/inputs/old_dataset.xlsx,old_human:sr-h0247,slack|notion,False
q01344,Apache Kafka Jira,"AI, from a real document",KAFKA-14735,https://issues.apache.org/jira/browse/KAFKA-14735,kafka_jira:KAFKA-14735,,
q01345,CLINC150,person,13370,https://huggingface.co/datasets/clinc/clinc_oos,clinc_smalltalk:13370,,
q01346,ConcurrentQA,person,PAIRIDX:1296,https://huggingface.co/datasets/stanfordnlp/concurrentqa,concurrentqa_wiki:PAIRIDX:1296,,
q01347,Apache Kafka Confluence,"AI, from a real document",cwiki-65873665,https://cwiki.apache.org/confluence/spaces/KAFKA/pages/65873665/KIP-85+Dynamic+JAAS+configuration+for+Kafka+clients,kafka_kips:cwiki-65873665,,
q01348,CLINC150,person,331,https://huggingface.co/datasets/clinc/clinc_oos,clinc_public:331,,
q01349,EnterpriseRAG-Bench,benchmark,qst_0328,https://huggingface.co/datasets/onyx-dot-app/EnterpriseRAG-Bench,enterprise_rag:qst_0328,,
q01350,EnterpriseRAG-Bench,benchmark,qst_0377,https://huggingface.co/datasets/onyx-dot-app/EnterpriseRAG-Bench,enterprise_rag:qst_0377,,
q01351,Hard cases (generated),AI-generated,sr-g0531,data/v2/inputs/old_dataset.xlsx,old_generated:sr-g0531,slack,False
q01352,CLINC150,person,13363,https://huggingface.co/datasets/clinc/clinc_oos,clinc_smalltalk:13363,,
q01353,Hard cases (generated),AI-generated,sr-g0637,data/v2/inputs/old_dataset.xlsx,old_generated:sr-g0637,,False
q01354,Hard cases (generated),AI-generated,sr-g0874,data/v2/inputs/old_dataset.xlsx,old_generated:sr-g0874,jira,False
q01355,Hard cases (generated),AI-generated,sr-g0398,data/v2/inputs/old_dataset.xlsx,old_generated:sr-g0398,notion,True
q01356,Apache Kafka Jira,"AI, from a real document",KAFKA-13974,https://issues.apache.org/jira/browse/KAFKA-13974,kafka_jira:KAFKA-13974,,
q01357,Ubuntu help chat,"AI, from a real document",ubuntu-irc-val-8501,https://huggingface.co/datasets/jkkummerfeld/irc_disentangle,ubuntu_irc:ubuntu-irc-val-8501,,
q01358,QMSum,person,test-28-0,https://github.com/Yale-LILY/QMSum,qmsum:test-28,,
q01359,QMSum,person,train-49-4,https://github.com/Yale-LILY/QMSum,qmsum:train-49,,
q01360,Hard cases (generated),AI-generated,sr-g0466,data/v2/inputs/old_dataset.xlsx,old_generated:sr-g0466,jira,False
q01361,CLINC150,person,17623,https://huggingface.co/datasets/clinc/clinc_oos,clinc_smalltalk:17623,,
q01362,CLINC150,person,7674,https://huggingface.co/datasets/clinc/clinc_oos,clinc_hr:7674,,
q01363,WixQA,person,44,https://huggingface.co/datasets/Wix/WixQA,wixqa_expert:44,,
q01364,EnterpriseRAG-Bench,benchmark,qst_0442,https://huggingface.co/datasets/onyx-dot-app/EnterpriseRAG-Bench,enterprise_rag:qst_0442,,
q01365,Hard cases (generated),AI-generated,sr-g0674,data/v2/inputs/old_dataset.xlsx,old_generated:sr-g0674,notion,False
q01366,Hard cases (generated),AI-generated,sr-g0572,data/v2/inputs/old_dataset.xlsx,old_generated:sr-g0572,kb,False
q01367,EnterpriseRAG-Bench,benchmark,qst_0318,https://huggingface.co/datasets/onyx-dot-app/EnterpriseRAG-Bench,enterprise_rag:qst_0318,,
q01368,ConcurrentQA,person,PAIRIDX:83476,https://huggingface.co/datasets/stanfordnlp/concurrentqa,concurrentqa_wiki:PAIRIDX:83476,,
q01369,CLINC150,person,4831,https://huggingface.co/datasets/clinc/clinc_oos,clinc_hr:4831,,
q01370,CLINC150,person,18946,https://huggingface.co/datasets/clinc/clinc_oos,clinc_smalltalk:18946,,
q01371,Hard cases (generated),AI-generated,sr-g0830,data/v2/inputs/old_dataset.xlsx,old_generated:sr-g0830,notion|kb,False
q01372,Hard cases (generated),AI-generated,sr-g0882,data/v2/inputs/old_dataset.xlsx,old_generated:sr-g0882,gmail,False
q01373,Ubuntu help chat,"AI, from a real document",ubuntu-irc-val-7277,https://huggingface.co/datasets/jkkummerfeld/irc_disentangle,ubuntu_irc:ubuntu-irc-val-7277,,
q01374,Apache Kafka Confluence,"AI, from a real document",cwiki-311627669,https://cwiki.apache.org/confluence/spaces/KAFKA/pages/311627669/KIP-1068+New+metrics+for+the+new+KafkaConsumer,kafka_kips:cwiki-311627669,,
q01375,Apache Kafka Confluence,"AI, from a real document",cwiki-321719074,https://cwiki.apache.org/confluence/spaces/KAFKA/pages/321719074/KIP-1091+Improved+Kafka+Streams+operator+metrics,kafka_kips:cwiki-321719074,,
q01376,Apache Kafka Jira,"AI, from a real document",KAFKA-13975,https://issues.apache.org/jira/browse/KAFKA-13975,kafka_jira:KAFKA-13975,,
q01377,Hard cases (generated),AI-generated,sr-g0824,data/v2/inputs/old_dataset.xlsx,old_generated:sr-g0824,notion|kb,False
q01378,EnterpriseRAG-Bench,benchmark,qst_0224,https://huggingface.co/datasets/onyx-dot-app/EnterpriseRAG-Bench,enterprise_rag:qst_0224,,
q01379,MASSIVE,person,14456,https://github.com/alexa/massive,massive_qa:14456,,
q01380,CLINC150,person,12001,https://huggingface.co/datasets/clinc/clinc_oos,clinc_smalltalk:12001,,
q01381,CLINC150,person,21961,https://huggingface.co/datasets/clinc/clinc_oos,clinc_smalltalk:21961,,
q01382,WixQA,person,101,https://huggingface.co/datasets/Wix/WixQA,wixqa_expert:101,,
q01383,WixQA,person,142,https://huggingface.co/datasets/Wix/WixQA,wixqa_simulated:142,,
q01384,Hard cases (generated),AI-generated,sr-g0590,data/v2/inputs/old_dataset.xlsx,old_generated:sr-g0590,,False
q01385,Natural Questions,person,2269,https://huggingface.co/datasets/google-research-datasets/nq_open,nq_open:2269,,
q01386,Hard cases (generated),AI-generated,sr-g0570,data/v2/inputs/old_dataset.xlsx,old_generated:sr-g0570,gmail,False
q01387,WixQA,person,145,https://huggingface.co/datasets/Wix/WixQA,wixqa_simulated:145,,
q01388,MASSIVE,person,16733,https://github.com/alexa/massive,massive_email:16733,,
q01389,QMSum,person,train-156-4,https://github.com/Yale-LILY/QMSum,qmsum:train-156,,
q01390,Apache Kafka Confluence,"AI, from a real document",cwiki-283118193,https://cwiki.apache.org/confluence/spaces/KAFKA/pages/283118193/KIP-1010+Topic+Partition+Quota,kafka_kips:cwiki-283118193,,
q01391,Natural Questions,person,2221,https://huggingface.co/datasets/google-research-datasets/nq_open,nq_open:2221,,
q01392,Apache Kafka Jira,"AI, from a real document",KAFKA-14023,https://issues.apache.org/jira/browse/KAFKA-14023,kafka_jira:KAFKA-14023,,
q01393,Apache Kafka Jira,"AI, from a real document",KAFKA-14639,https://issues.apache.org/jira/browse/KAFKA-14639,kafka_jira:KAFKA-14639,,
q01394,Ubuntu help chat,"AI, from a real document",ubuntu-irc-tes-6989,https://huggingface.co/datasets/jkkummerfeld/irc_disentangle,ubuntu_irc:ubuntu-irc-tes-6989,,
q01395,ConcurrentQA,person,PAIRIDX:35266,https://huggingface.co/datasets/stanfordnlp/concurrentqa,concurrentqa_wiki:PAIRIDX:35266,,
q01396,Natural Questions,person,159,https://huggingface.co/datasets/google-research-datasets/nq_open,nq_open:159,,
q01397,MASSIVE,person,16165,https://github.com/alexa/massive,massive_email:16165,,
q01398,QMSum,person,train-55-2,https://github.com/Yale-LILY/QMSum,qmsum:train-55,,
q01399,Natural Questions,person,747,https://huggingface.co/datasets/google-research-datasets/nq_open,nq_open:747,,
q01400,CLINC150,person,21018,https://huggingface.co/datasets/clinc/clinc_oos,clinc_hr:21018,,
q01401,EnterpriseRAG-Bench,benchmark,qst_0359,https://huggingface.co/datasets/onyx-dot-app/EnterpriseRAG-Bench,enterprise_rag:qst_0359,,
q01402,Apache Kafka Confluence,"AI, from a real document",cwiki-100828003,https://cwiki.apache.org/confluence/spaces/KAFKA/pages/100828003/KIP-415+Incremental+Cooperative+Rebalancing+in+Kafka+Connect,kafka_kips:cwiki-100828003,,
q01403,Ubuntu help chat,"AI, from a real document",ubuntu-irc-val-6135,https://huggingface.co/datasets/jkkummerfeld/irc_disentangle,ubuntu_irc:ubuntu-irc-val-6135,,
q01404,Apache Kafka Jira,"AI, from a real document",KAFKA-16105,https://issues.apache.org/jira/browse/KAFKA-16105,kafka_jira:KAFKA-16105,,
q01405,EnterpriseRAG-Bench,benchmark,qst_0113,https://huggingface.co/datasets/onyx-dot-app/EnterpriseRAG-Bench,enterprise_rag:qst_0113,,
q01406,Hard cases (generated),AI-generated,sr-g0880,data/v2/inputs/old_dataset.xlsx,old_generated:sr-g0880,notion,True
q01407,EnterpriseRAG-Bench,benchmark,qst_0461,https://huggingface.co/datasets/onyx-dot-app/EnterpriseRAG-Bench,enterprise_rag:qst_0461,,
q01408,Natural Questions,person,1411,https://huggingface.co/datasets/google-research-datasets/nq_open,nq_open:1411,,
q01409,Ubuntu help chat,"AI, from a real document",ubuntu-irc-tes-7215,https://huggingface.co/datasets/jkkummerfeld/irc_disentangle,ubuntu_irc:ubuntu-irc-tes-7215,,
q01410,QMSum,person,train-70-8,https://github.com/Yale-LILY/QMSum,qmsum:train-70,,
q01411,Ubuntu help chat,"AI, from a real document",ubuntu-irc-tes-5705,https://huggingface.co/datasets/jkkummerfeld/irc_disentangle,ubuntu_irc:ubuntu-irc-tes-5705,,
q01412,WixQA,person,90,https://huggingface.co/datasets/Wix/WixQA,wixqa_expert:90,,
q01413,Apache Kafka Jira,"AI, from a real document",KAFKA-20537,https://issues.apache.org/jira/browse/KAFKA-20537,kafka_jira:KAFKA-20537,,
q01414,MASSIVE,person,14838,https://github.com/alexa/massive,massive_qa:14838,,
q01415,EnterpriseRAG-Bench,benchmark,qst_0019,https://huggingface.co/datasets/onyx-dot-app/EnterpriseRAG-Bench,enterprise_rag:qst_0019,,
q01416,Hard cases (generated),AI-generated,sr-g0685,data/v2/inputs/old_dataset.xlsx,old_generated:sr-g0685,kb,False
q01417,WixQA,person,181,https://huggingface.co/datasets/Wix/WixQA,wixqa_simulated:181,,
q01418,CLINC150,person,13849,https://huggingface.co/datasets/clinc/clinc_oos,clinc_smalltalk:13849,,
q01419,MASSIVE,person,16753,https://github.com/alexa/massive,massive_email:16753,,
q01420,EnterpriseRAG-Bench,benchmark,qst_0400,https://huggingface.co/datasets/onyx-dot-app/EnterpriseRAG-Bench,enterprise_rag:qst_0400,,
q01421,Hard cases (generated),AI-generated,sr-g0697,data/v2/inputs/old_dataset.xlsx,old_generated:sr-g0697,slack|jira,False
q01422,Hard cases (generated),AI-generated,sr-g0828,data/v2/inputs/old_dataset.xlsx,old_generated:sr-g0828,notion|kb,False
q01423,Apache Kafka Jira,"AI, from a real document",KAFKA-19738,https://issues.apache.org/jira/browse/KAFKA-19738,kafka_jira:KAFKA-19738,,
q01424,Apache Kafka Confluence,"AI, from a real document",cwiki-373885342,https://cwiki.apache.org/confluence/spaces/KAFKA/pages/373885342/KIP-1189+Allow+custom+topic+configurations+for+RemoteStorageManager,kafka_kips:cwiki-373885342,,
q01425,WixQA,person,56,https://huggingface.co/datasets/Wix/WixQA,wixqa_expert:56,,
q01426,Apache Kafka Jira,"AI, from a real document",KAFKA-20437,https://issues.apache.org/jira/browse/KAFKA-20437,kafka_jira:KAFKA-20437,,
q01427,Hard cases (generated),AI-generated,sr-g0811,data/v2/inputs/old_dataset.xlsx,old_generated:sr-g0811,slack|notion,False
q01428,EnterpriseRAG-Bench,benchmark,qst_0152,https://huggingface.co/datasets/onyx-dot-app/EnterpriseRAG-Bench,enterprise_rag:qst_0152,,
q01429,Apache Kafka Jira,"AI, from a real document",KAFKA-14044,https://issues.apache.org/jira/browse/KAFKA-14044,kafka_jira:KAFKA-14044,,
q01430,Hard cases (generated),AI-generated,sr-g0611,data/v2/inputs/old_dataset.xlsx,old_generated:sr-g0611,,False
q01431,ConcurrentQA,person,PAIRIDX:33565,https://huggingface.co/datasets/stanfordnlp/concurrentqa,concurrentqa_wiki:PAIRIDX:33565,,
q01432,Apache Kafka Jira,"AI, from a real document",KAFKA-17075,https://issues.apache.org/jira/browse/KAFKA-17075,kafka_jira:KAFKA-17075,,
q01433,CLINC150,person,13810,https://huggingface.co/datasets/clinc/clinc_oos,clinc_smalltalk:13810,,
q01434,Apache Kafka Confluence,"AI, from a real document",cwiki-311627566,https://cwiki.apache.org/confluence/spaces/KAFKA/pages/311627566/KIP-1066+Mechanism+to+cordon+brokers+and+log+directories,kafka_kips:cwiki-311627566,,
q01435,Natural Questions,person,2806,https://huggingface.co/datasets/google-research-datasets/nq_open,nq_open:2806,,
q01436,WixQA,person,47,https://huggingface.co/datasets/Wix/WixQA,wixqa_simulated:47,,
q01437,Hard cases (generated),AI-generated,sr-g0852,data/v2/inputs/old_dataset.xlsx,old_generated:sr-g0852,slack,False
q01438,ConcurrentQA,person,PAIRIDX:1168,https://huggingface.co/datasets/stanfordnlp/concurrentqa,concurrentqa_wiki:PAIRIDX:1168,,
q01439,Hard cases (generated),AI-generated,sr-g0649,data/v2/inputs/old_dataset.xlsx,old_generated:sr-g0649,slack,False
q01440,Ubuntu help chat,"AI, from a real document",ubuntu-irc-tes-1428,https://huggingface.co/datasets/jkkummerfeld/irc_disentangle,ubuntu_irc:ubuntu-irc-tes-1428,,
q01441,Hard cases (generated),AI-generated,sr-g0556,data/v2/inputs/old_dataset.xlsx,old_generated:sr-g0556,notion,True
q01442,Natural Questions,person,1735,https://huggingface.co/datasets/google-research-datasets/nq_open,nq_open:1735,,
q01443,Natural Questions,person,3368,https://huggingface.co/datasets/google-research-datasets/nq_open,nq_open:3368,,
q01444,Natural Questions,person,2490,https://huggingface.co/datasets/google-research-datasets/nq_open,nq_open:2490,,
q01445,Hard cases (generated),AI-generated,sr-g0764,data/v2/inputs/old_dataset.xlsx,old_generated:sr-g0764,jira|kb,False
q01446,QMSum,person,train-111-1,https://github.com/Yale-LILY/QMSum,qmsum:train-111,,
q01447,Apache Kafka Jira,"AI, from a real document",KAFKA-16153,https://issues.apache.org/jira/browse/KAFKA-16153,kafka_jira:KAFKA-16153,,
q01448,Hard cases (hand-written),hand-written,sr-h0232,data/v2/inputs/old_dataset.xlsx,old_human:sr-h0232,jira,False
q01449,Hard cases (generated),AI-generated,sr-g0453,data/v2/inputs/old_dataset.xlsx,old_generated:sr-g0453,slack,False
q01450,Hard cases (generated),AI-generated,sr-g0766,data/v2/inputs/old_dataset.xlsx,old_generated:sr-g0766,jira|kb,False
q01451,Apache Kafka Jira,"AI, from a real document",KAFKA-13443,https://issues.apache.org/jira/browse/KAFKA-13443,kafka_jira:KAFKA-13443,,
q01452,MASSIVE,person,16577,https://github.com/alexa/massive,massive_email:16577,,
q01453,Natural Questions,person,2373,https://huggingface.co/datasets/google-research-datasets/nq_open,nq_open:2373,,
q01454,EnterpriseRAG-Bench,benchmark,qst_0279,https://huggingface.co/datasets/onyx-dot-app/EnterpriseRAG-Bench,enterprise_rag:qst_0279,,
q01455,QMSum,person,train-107-3,https://github.com/Yale-LILY/QMSum,qmsum:train-107,,
q01456,Apache Kafka Confluence,"AI, from a real document",cwiki-404160816,https://cwiki.apache.org/confluence/spaces/KAFKA/pages/404160816/KIP-1257+Partition+Size+Percentage+Metrics+for+Storage+Monitoring,kafka_kips:cwiki-404160816,,
q01457,CLINC150,person,16552,https://huggingface.co/datasets/clinc/clinc_oos,clinc_smalltalk:16552,,
q01458,MASSIVE,person,16668,https://github.com/alexa/massive,massive_email:16668,,
q01459,Hard cases (generated),AI-generated,sr-g0465,data/v2/inputs/old_dataset.xlsx,old_generated:sr-g0465,jira,False
q01460,Apache Kafka Jira,"AI, from a real document",KAFKA-20522,https://issues.apache.org/jira/browse/KAFKA-20522,kafka_jira:KAFKA-20522,,
q01461,CLINC150,person,2181,https://huggingface.co/datasets/clinc/clinc_oos,clinc_smalltalk:2181,,
q01462,CLINC150,person,6577,https://huggingface.co/datasets/clinc/clinc_oos,clinc_smalltalk:6577,,
q01463,Natural Questions,person,2546,https://huggingface.co/datasets/google-research-datasets/nq_open,nq_open:2546,,
q01464,WixQA,person,182,https://huggingface.co/datasets/Wix/WixQA,wixqa_simulated:182,,
q01465,MASSIVE,person,17061,https://github.com/alexa/massive,massive_email:17061,,
q01466,Apache Kafka Jira,"AI, from a real document",KAFKA-15472,https://issues.apache.org/jira/browse/KAFKA-15472,kafka_jira:KAFKA-15472,,
q01467,CLINC150,person,12039,https://huggingface.co/datasets/clinc/clinc_oos,clinc_smalltalk:12039,,
q01468,Hard cases (hand-written),hand-written,sr-h0234,data/v2/inputs/old_dataset.xlsx,old_human:sr-h0234,notion|kb,True
q01469,Ubuntu help chat,"AI, from a real document",ubuntu-irc-tes-11761,https://huggingface.co/datasets/jkkummerfeld/irc_disentangle,ubuntu_irc:ubuntu-irc-tes-11761,,
q01470,EnterpriseRAG-Bench,benchmark,qst_0030,https://huggingface.co/datasets/onyx-dot-app/EnterpriseRAG-Bench,enterprise_rag:qst_0030,,
q01471,WixQA,person,95,https://huggingface.co/datasets/Wix/WixQA,wixqa_expert:95,,
q01472,Hard cases (generated),AI-generated,sr-g0348,data/v2/inputs/old_dataset.xlsx,old_generated:sr-g0348,slack,False
q01473,Hard cases (generated),AI-generated,sr-g0748,data/v2/inputs/old_dataset.xlsx,old_generated:sr-g0748,slack|notion,False
q01474,Apache Kafka Confluence,"AI, from a real document",cwiki-272927537,https://cwiki.apache.org/confluence/spaces/KAFKA/pages/272927537/KIP-996+Pre-Vote,kafka_kips:cwiki-272927537,,
q01475,EnterpriseRAG-Bench,benchmark,qst_0387,https://huggingface.co/datasets/onyx-dot-app/EnterpriseRAG-Bench,enterprise_rag:qst_0387,,
q01476,MASSIVE,person,15818,https://github.com/alexa/massive,massive_email:15818,,
q01477,Hard cases (generated),AI-generated,sr-g0621,data/v2/inputs/old_dataset.xlsx,old_generated:sr-g0621,,False
q01478,Apache Kafka Jira,"AI, from a real document",KAFKA-19749,https://issues.apache.org/jira/browse/KAFKA-19749,kafka_jira:KAFKA-19749,,
q01479,Hard cases (generated),AI-generated,sr-g0726,data/v2/inputs/old_dataset.xlsx,old_generated:sr-g0726,slack|gmail,False
q01480,CLINC150,person,8899,https://huggingface.co/datasets/clinc/clinc_oos,clinc_hr:8899,,
q01481,QMSum,person,val-21-5,https://github.com/Yale-LILY/QMSum,qmsum:val-21,,
q01482,Apache Kafka Jira,"AI, from a real document",KAFKA-13359,https://issues.apache.org/jira/browse/KAFKA-13359,kafka_jira:KAFKA-13359,,
q01483,Hard cases (generated),AI-generated,sr-g0492,data/v2/inputs/old_dataset.xlsx,old_generated:sr-g0492,notion,True
q01484,Hard cases (generated),AI-generated,sr-g0452,data/v2/inputs/old_dataset.xlsx,old_generated:sr-g0452,slack,False
q01485,Ubuntu help chat,"AI, from a real document",ubuntu-irc-tes-1110,https://huggingface.co/datasets/jkkummerfeld/irc_disentangle,ubuntu_irc:ubuntu-irc-tes-1110,,
q01486,Apache Kafka Confluence,"AI, from a real document",cwiki-181306178,https://cwiki.apache.org/confluence/spaces/KAFKA/pages/181306178/KIP-737+Add+canTrackSource+to+ReplicationPolicy,kafka_kips:cwiki-181306178,,
q01487,Hard cases (generated),AI-generated,sr-g0589,data/v2/inputs/old_dataset.xlsx,old_generated:sr-g0589,,False
q01488,CLINC150,person,506,https://huggingface.co/datasets/clinc/clinc_oos,clinc_hr:506,,
q01489,WixQA,person,22,https://huggingface.co/datasets/Wix/WixQA,wixqa_expert:22,,
q01490,CLINC150,person,15647,https://huggingface.co/datasets/clinc/clinc_oos,clinc_smalltalk:15647,,
q01491,CLINC150,person,13322,https://huggingface.co/datasets/clinc/clinc_oos,clinc_smalltalk:13322,,
q01492,Hard cases (generated),AI-generated,sr-g0561,data/v2/inputs/old_dataset.xlsx,old_generated:sr-g0561,gmail,False
q01493,Hard cases (generated),AI-generated,sr-g0624,data/v2/inputs/old_dataset.xlsx,old_generated:sr-g0624,,False
q01494,CLINC150,person,1079,https://huggingface.co/datasets/clinc/clinc_oos,clinc_public:1079,,
q01495,Hard cases (generated),AI-generated,sr-g0557,data/v2/inputs/old_dataset.xlsx,old_generated:sr-g0557,notion,True
q01496,Hard cases (generated),AI-generated,sr-g0351,data/v2/inputs/old_dataset.xlsx,old_generated:sr-g0351,slack,False
q01497,Hard cases (generated),AI-generated,sr-g0692,data/v2/inputs/old_dataset.xlsx,old_generated:sr-g0692,kb,False
q01498,Apache Kafka Confluence,"AI, from a real document",cwiki-406618601,https://cwiki.apache.org/confluence/spaces/KAFKA/pages/406618601/KIP-1265+Mechanism+for+automatic+detection+of+internal+API+usage,kafka_kips:cwiki-406618601,,
q01499,Hard cases (generated),AI-generated,sr-g0718,data/v2/inputs/old_dataset.xlsx,old_generated:sr-g0718,gmail|notion,False
q01500,EnterpriseRAG-Bench,benchmark,qst_0145,https://huggingface.co/datasets/onyx-dot-app/EnterpriseRAG-Bench,enterprise_rag:qst_0145,,
q01501,Hard cases (generated),AI-generated,sr-g0668,data/v2/inputs/old_dataset.xlsx,old_generated:sr-g0668,notion,False
q01502,WixQA,person,59,https://huggingface.co/datasets/Wix/WixQA,wixqa_simulated:59,,
q01503,QMSum,person,train-154-2,https://github.com/Yale-LILY/QMSum,qmsum:train-154,,
q01504,Apache Kafka Jira,"AI, from a real document",KAFKA-15387,https://issues.apache.org/jira/browse/KAFKA-15387,kafka_jira:KAFKA-15387,,
q01505,Apache Kafka Confluence,"AI, from a real document",cwiki-399281703,https://cwiki.apache.org/confluence/spaces/KAFKA/pages/399281703/KIP-1256+Align+broker+and+controller+behavior+for+the+Admin.incrementalAlterConfigs+API,kafka_kips:cwiki-399281703,,
q01506,Hard cases (generated),AI-generated,sr-g0868,data/v2/inputs/old_dataset.xlsx,old_generated:sr-g0868,jira,False
q01507,Apache Kafka Jira,"AI, from a real document",KAFKA-19762,https://issues.apache.org/jira/browse/KAFKA-19762,kafka_jira:KAFKA-19762,,
q01508,QMSum,person,test-8-1,https://github.com/Yale-LILY/QMSum,qmsum:test-8,,
q01509,Apache Kafka Jira,"AI, from a real document",KAFKA-13969,https://issues.apache.org/jira/browse/KAFKA-13969,kafka_jira:KAFKA-13969,,
q01510,QMSum,person,test-21-1,https://github.com/Yale-LILY/QMSum,qmsum:test-21,,
q01511,MASSIVE,person,14584,https://github.com/alexa/massive,massive_qa:14584,,
q01512,EnterpriseRAG-Bench,benchmark,qst_0056,https://huggingface.co/datasets/onyx-dot-app/EnterpriseRAG-Bench,enterprise_rag:qst_0056,,
q01513,Apache Kafka Jira,"AI, from a real document",KAFKA-21110,https://issues.apache.org/jira/browse/KAFKA-21110,kafka_jira:KAFKA-21110,,
q01514,CLINC150,person,2136,https://huggingface.co/datasets/clinc/clinc_oos,clinc_smalltalk:2136,,
q01515,CLINC150,person,7688,https://huggingface.co/datasets/clinc/clinc_oos,clinc_hr:7688,,
q01516,MASSIVE,person,15974,https://github.com/alexa/massive,massive_email:15974,,
q01517,MASSIVE,person,17010,https://github.com/alexa/massive,massive_email:17010,,
q01518,WixQA,person,177,https://huggingface.co/datasets/Wix/WixQA,wixqa_simulated:177,,
q01519,EnterpriseRAG-Bench,benchmark,qst_0070,https://huggingface.co/datasets/onyx-dot-app/EnterpriseRAG-Bench,enterprise_rag:qst_0070,,
q01520,EnterpriseRAG-Bench,benchmark,qst_0281,https://huggingface.co/datasets/onyx-dot-app/EnterpriseRAG-Bench,enterprise_rag:qst_0281,,
q01521,EnterpriseRAG-Bench,benchmark,qst_0355,https://huggingface.co/datasets/onyx-dot-app/EnterpriseRAG-Bench,enterprise_rag:qst_0355,,
q01522,Natural Questions,person,2053,https://huggingface.co/datasets/google-research-datasets/nq_open,nq_open:2053,,
q01523,Hard cases (generated),AI-generated,sr-g0367,data/v2/inputs/old_dataset.xlsx,old_generated:sr-g0367,jira,False
q01524,CLINC150,person,13306,https://huggingface.co/datasets/clinc/clinc_oos,clinc_smalltalk:13306,,
q01525,CLINC150,person,9624,https://huggingface.co/datasets/clinc/clinc_oos,clinc_smalltalk:9624,,
q01526,EnterpriseRAG-Bench,benchmark,qst_0159,https://huggingface.co/datasets/onyx-dot-app/EnterpriseRAG-Bench,enterprise_rag:qst_0159,,
q01527,EnterpriseRAG-Bench,benchmark,qst_0456,https://huggingface.co/datasets/onyx-dot-app/EnterpriseRAG-Bench,enterprise_rag:qst_0456,,
q01528,Hard cases (generated),AI-generated,sr-g0740,data/v2/inputs/old_dataset.xlsx,old_generated:sr-g0740,slack|jira,False
q01529,Hard cases (hand-written),hand-written,sr-h0230,data/v2/inputs/old_dataset.xlsx,old_human:sr-h0230,jira,False
q01530,Hard cases (generated),AI-generated,sr-g0636,data/v2/inputs/old_dataset.xlsx,old_generated:sr-g0636,,False
q01531,Natural Questions,person,2351,https://huggingface.co/datasets/google-research-datasets/nq_open,nq_open:2351,,
q01532,Ubuntu help chat,"AI, from a real document",ubuntu-irc-tes-5709,https://huggingface.co/datasets/jkkummerfeld/irc_disentangle,ubuntu_irc:ubuntu-irc-tes-5709,,
q01533,Hard cases (generated),AI-generated,sr-g0388,data/v2/inputs/old_dataset.xlsx,old_generated:sr-g0388,notion,True
q01534,CLINC150,person,7697,https://huggingface.co/datasets/clinc/clinc_oos,clinc_hr:7697,,
q01535,Hard cases (generated),AI-generated,sr-g0496,data/v2/inputs/old_dataset.xlsx,old_generated:sr-g0496,gmail,False
q01536,QMSum,person,val-5-0,https://github.com/Yale-LILY/QMSum,qmsum:val-5,,
q01537,Hard cases (generated),AI-generated,sr-g0560,data/v2/inputs/old_dataset.xlsx,old_generated:sr-g0560,gmail,False
q01538,MASSIVE,person,16671,https://github.com/alexa/massive,massive_email:16671,,
q01539,Hard cases (generated),AI-generated,sr-g0793,data/v2/inputs/old_dataset.xlsx,old_generated:sr-g0793,slack|notion|gmail,True
q01540,Apache Kafka Jira,"AI, from a real document",KAFKA-14036,https://issues.apache.org/jira/browse/KAFKA-14036,kafka_jira:KAFKA-14036,,
q01541,MASSIVE,person,13900,https://github.com/alexa/massive,massive_qa:13900,,
q01542,Apache Kafka Confluence,"AI, from a real document",cwiki-125310116,https://cwiki.apache.org/confluence/spaces/KAFKA/pages/125310116/KIP-512+make+Record+Headers+available+in+onAcknowledgement,kafka_kips:cwiki-125310116,,
q01543,Hard cases (generated),AI-generated,sr-g0486,data/v2/inputs/old_dataset.xlsx,old_generated:sr-g0486,notion,True
q01544,QMSum,person,test-32-2,https://github.com/Yale-LILY/QMSum,qmsum:test-32,,
q01545,Hard cases (generated),AI-generated,sr-g0671,data/v2/inputs/old_dataset.xlsx,old_generated:sr-g0671,notion,False
q01546,Hard cases (generated),AI-generated,sr-g0843,data/v2/inputs/old_dataset.xlsx,old_generated:sr-g0843,jira|notion,True
q01547,EnterpriseRAG-Bench,benchmark,qst_0003,https://huggingface.co/datasets/onyx-dot-app/EnterpriseRAG-Bench,enterprise_rag:qst_0003,,
q01548,WixQA,person,1,https://huggingface.co/datasets/Wix/WixQA,wixqa_expert:1,,
q01549,Hard cases (generated),AI-generated,sr-g0731,data/v2/inputs/old_dataset.xlsx,old_generated:sr-g0731,jira|kb,False
q01550,EnterpriseRAG-Bench,benchmark,qst_0168,https://huggingface.co/datasets/onyx-dot-app/EnterpriseRAG-Bench,enterprise_rag:qst_0168,,
q01551,ConcurrentQA,person,PAIRIDX:7528,https://huggingface.co/datasets/stanfordnlp/concurrentqa,concurrentqa_wiki:PAIRIDX:7528,,
q01552,CLINC150,person,18018,https://huggingface.co/datasets/clinc/clinc_oos,clinc_smalltalk:18018,,
q01553,MASSIVE,person,16093,https://github.com/alexa/massive,massive_email:16093,,
q01554,QMSum,person,train-143-9,https://github.com/Yale-LILY/QMSum,qmsum:train-143,,
q01555,Hard cases (generated),AI-generated,sr-g0437,data/v2/inputs/old_dataset.xlsx,old_generated:sr-g0437,kb,False
q01556,Hard cases (generated),AI-generated,sr-g0491,data/v2/inputs/old_dataset.xlsx,old_generated:sr-g0491,notion,True
q01557,WixQA,person,163,https://huggingface.co/datasets/Wix/WixQA,wixqa_expert:163,,
q01558,Apache Kafka Confluence,"AI, from a real document",cwiki-67637330,https://cwiki.apache.org/confluence/spaces/KAFKA/pages/67637330/KIP-110+Add+Codec+for+ZStandard+Compression,kafka_kips:cwiki-67637330,,
q01559,WixQA,person,43,https://huggingface.co/datasets/Wix/WixQA,wixqa_expert:43,,
q01560,Hard cases (generated),AI-generated,sr-g0698,data/v2/inputs/old_dataset.xlsx,old_generated:sr-g0698,slack|jira,False
q01561,WixQA,person,16,https://huggingface.co/datasets/Wix/WixQA,wixqa_simulated:16,,
q01562,Apache Kafka Confluence,"AI, from a real document",cwiki-406623326,https://cwiki.apache.org/confluence/spaces/KAFKA/pages/406623326/KIP-1299+Use+key+range+in+ProducerPerformance,kafka_kips:cwiki-406623326,,
q01563,Natural Questions,person,1086,https://huggingface.co/datasets/google-research-datasets/nq_open,nq_open:1086,,
q01564,WixQA,person,123,https://huggingface.co/datasets/Wix/WixQA,wixqa_simulated:123,,
q01565,Hard cases (generated),AI-generated,sr-g0481,data/v2/inputs/old_dataset.xlsx,old_generated:sr-g0481,notion,True
q01566,CLINC150,person,6562,https://huggingface.co/datasets/clinc/clinc_oos,clinc_smalltalk:6562,,
q01567,Hard cases (generated),AI-generated,sr-g0821,data/v2/inputs/old_dataset.xlsx,old_generated:sr-g0821,slack|jira,False
q01568,Apache Kafka Confluence,"AI, from a real document",cwiki-255070933,https://cwiki.apache.org/confluence/spaces/KAFKA/pages/255070933/KIP-936+Throttle+number+of+active+PIDs,kafka_kips:cwiki-255070933,,
q01569,WixQA,person,19,https://huggingface.co/datasets/Wix/WixQA,wixqa_simulated:19,,
q01570,EnterpriseRAG-Bench,benchmark,qst_0151,https://huggingface.co/datasets/onyx-dot-app/EnterpriseRAG-Bench,enterprise_rag:qst_0151,,
q01571,CLINC150,person,352,https://huggingface.co/datasets/clinc/clinc_oos,clinc_public:352,,
q01572,Apache Kafka Confluence,"AI, from a real document",cwiki-97553944,https://cwiki.apache.org/confluence/spaces/KAFKA/pages/97553944/KIP-402+Improve+fairness+in+SocketServer+processors,kafka_kips:cwiki-97553944,,
q01573,WixQA,person,36,https://huggingface.co/datasets/Wix/WixQA,wixqa_simulated:36,,
q01574,CLINC150,person,4884,https://huggingface.co/datasets/clinc/clinc_oos,clinc_hr:4884,,
q01575,Hard cases (hand-written),hand-written,sr-h0223,data/v2/inputs/old_dataset.xlsx,old_human:sr-h0223,slack,False
q01576,Hard cases (generated),AI-generated,sr-g0706,data/v2/inputs/old_dataset.xlsx,old_generated:sr-g0706,notion|kb,False
q01577,Hard cases (generated),AI-generated,sr-g0782,data/v2/inputs/old_dataset.xlsx,old_generated:sr-g0782,notion|jira|kb,True
q01578,CLINC150,person,19002,https://huggingface.co/datasets/clinc/clinc_oos,clinc_smalltalk:19002,,
q01579,MASSIVE,person,17006,https://github.com/alexa/massive,massive_email:17006,,
q01580,QMSum,person,test-30-4,https://github.com/Yale-LILY/QMSum,qmsum:test-30,,
q01581,Apache Kafka Confluence,"AI, from a real document",cwiki-103090108,https://cwiki.apache.org/confluence/spaces/KAFKA/pages/103090108/KIP-429+Kafka+Consumer+Incremental+Rebalance+Protocol,kafka_kips:cwiki-103090108,,
q01582,Natural Questions,person,1727,https://huggingface.co/datasets/google-research-datasets/nq_open,nq_open:1727,,
q01583,Hard cases (hand-written),hand-written,sr-h0239,data/v2/inputs/old_dataset.xlsx,old_human:sr-h0239,notion|kb,True
q01584,EnterpriseRAG-Bench,benchmark,qst_0027,https://huggingface.co/datasets/onyx-dot-app/EnterpriseRAG-Bench,enterprise_rag:qst_0027,,
q01585,MASSIVE,person,16627,https://github.com/alexa/massive,massive_email:16627,,
q01586,Natural Questions,person,2273,https://huggingface.co/datasets/google-research-datasets/nq_open,nq_open:2273,,
q01587,Hard cases (hand-written),hand-written,sr-h0244,data/v2/inputs/old_dataset.xlsx,old_human:sr-h0244,slack|notion,False
q01588,Apache Kafka Confluence,"AI, from a real document",cwiki-87295307,https://cwiki.apache.org/confluence/spaces/KAFKA/pages/87295307/KIP-318+Make+Kafka+Connect+Source+idempotent,kafka_kips:cwiki-87295307,,
q01589,EnterpriseRAG-Bench,benchmark,qst_0290,https://huggingface.co/datasets/onyx-dot-app/EnterpriseRAG-Bench,enterprise_rag:qst_0290,,
q01590,Apache Kafka Confluence,"AI, from a real document",cwiki-240881396,https://cwiki.apache.org/confluence/spaces/KAFKA/pages/240881396/KIP-899+Allow+producer+and+consumer+clients+to+rebootstrap,kafka_kips:cwiki-240881396,,
q01591,EnterpriseRAG-Bench,benchmark,qst_0324,https://huggingface.co/datasets/onyx-dot-app/EnterpriseRAG-Bench,enterprise_rag:qst_0324,,
q01592,Ubuntu help chat,"AI, from a real document",ubuntu-irc-tes-8620,https://huggingface.co/datasets/jkkummerfeld/irc_disentangle,ubuntu_irc:ubuntu-irc-tes-8620,,
q01593,MASSIVE,person,16356,https://github.com/alexa/massive,massive_email:16356,,
q01594,Ubuntu help chat,"AI, from a real document",ubuntu-irc-tes-5519,https://huggingface.co/datasets/jkkummerfeld/irc_disentangle,ubuntu_irc:ubuntu-irc-tes-5519,,
q01595,CLINC150,person,13865,https://huggingface.co/datasets/clinc/clinc_oos,clinc_smalltalk:13865,,
q01596,Apache Kafka Confluence,"AI, from a real document",cwiki-340036255,https://cwiki.apache.org/confluence/spaces/KAFKA/pages/340036255/KIP-1129+Update+ConfigException+constructors,kafka_kips:cwiki-340036255,,
q01597,MASSIVE,person,13537,https://github.com/alexa/massive,massive_qa:13537,,
q01598,QMSum,person,train-104-3,https://github.com/Yale-LILY/QMSum,qmsum:train-104,,
q01599,EnterpriseRAG-Bench,benchmark,qst_0176,https://huggingface.co/datasets/onyx-dot-app/EnterpriseRAG-Bench,enterprise_rag:qst_0176,,
q01600,Natural Questions,person,3193,https://huggingface.co/datasets/google-research-datasets/nq_open,nq_open:3193,,
q01601,Apache Kafka Confluence,"AI, from a real document",cwiki-165223728,https://cwiki.apache.org/confluence/spaces/KAFKA/pages/165223728/KIP-680+TopologyTestDriver+should+not+require+a+Properties+argument,kafka_kips:cwiki-165223728,,
q01602,Hard cases (generated),AI-generated,sr-g0554,data/v2/inputs/old_dataset.xlsx,old_generated:sr-g0554,notion,True
q01603,Hard cases (generated),AI-generated,sr-g0369,data/v2/inputs/old_dataset.xlsx,old_generated:sr-g0369,jira,False
q01604,ConcurrentQA,person,PAIRIDX:39726,https://huggingface.co/datasets/stanfordnlp/concurrentqa,concurrentqa_wiki:PAIRIDX:39726,,
q01605,MASSIVE,person,13330,https://github.com/alexa/massive,massive_qa:13330,,
q01606,CLINC150,person,11846,https://huggingface.co/datasets/clinc/clinc_oos,clinc_smalltalk:11846,,
q01607,Apache Kafka Confluence,"AI, from a real document",cwiki-263428771,https://cwiki.apache.org/confluence/spaces/KAFKA/pages/263428771/KIP-977+Partition-Level+Throughput+Metrics,kafka_kips:cwiki-263428771,,
q01608,Hard cases (generated),AI-generated,sr-g0610,data/v2/inputs/old_dataset.xlsx,old_generated:sr-g0610,,False
q01609,EnterpriseRAG-Bench,benchmark,qst_0077,https://huggingface.co/datasets/onyx-dot-app/EnterpriseRAG-Bench,enterprise_rag:qst_0077,,
q01610,Hard cases (generated),AI-generated,sr-g0576,data/v2/inputs/old_dataset.xlsx,old_generated:sr-g0576,kb,False
q01611,CLINC150,person,9650,https://huggingface.co/datasets/clinc/clinc_oos,clinc_smalltalk:9650,,
q01612,Natural Questions,person,2528,https://huggingface.co/datasets/google-research-datasets/nq_open,nq_open:2528,,
q01613,Hard cases (generated),AI-generated,sr-g0879,data/v2/inputs/old_dataset.xlsx,old_generated:sr-g0879,notion,True
q01614,EnterpriseRAG-Bench,benchmark,qst_0445,https://huggingface.co/datasets/onyx-dot-app/EnterpriseRAG-Bench,enterprise_rag:qst_0445,,
q01615,Hard cases (generated),AI-generated,sr-g0752,data/v2/inputs/old_dataset.xlsx,old_generated:sr-g0752,jira|notion,False
q01616,Apache Kafka Confluence,"AI, from a real document",cwiki-61309558,https://cwiki.apache.org/confluence/spaces/KAFKA/pages/61309558/KIP-28+Related+Works,kafka_kips:cwiki-61309558,,
q01617,QMSum,person,train-96-0,https://github.com/Yale-LILY/QMSum,qmsum:train-96,,
q01618,QMSum,person,train-47-0,https://github.com/Yale-LILY/QMSum,qmsum:train-47,,
q01619,QMSum,person,train-142-1,https://github.com/Yale-LILY/QMSum,qmsum:train-142,,
q01620,WixQA,person,14,https://huggingface.co/datasets/Wix/WixQA,wixqa_simulated:14,,
q01621,Hard cases (generated),AI-generated,sr-g0463,data/v2/inputs/old_dataset.xlsx,old_generated:sr-g0463,jira,False
q01622,CLINC150,person,18057,https://huggingface.co/datasets/clinc/clinc_oos,clinc_smalltalk:18057,,
q01623,QMSum,person,train-120-2,https://github.com/Yale-LILY/QMSum,qmsum:train-120,,
q01624,EnterpriseRAG-Bench,benchmark,qst_0372,https://huggingface.co/datasets/onyx-dot-app/EnterpriseRAG-Bench,enterprise_rag:qst_0372,,
q01625,Apache Kafka Jira,"AI, from a real document",KAFKA-18943,https://issues.apache.org/jira/browse/KAFKA-18943,kafka_jira:KAFKA-18943,,
q01626,CLINC150,person,11801,https://huggingface.co/datasets/clinc/clinc_oos,clinc_smalltalk:11801,,
q01627,EnterpriseRAG-Bench,benchmark,qst_0161,https://huggingface.co/datasets/onyx-dot-app/EnterpriseRAG-Bench,enterprise_rag:qst_0161,,
q01628,WixQA,person,24,https://huggingface.co/datasets/Wix/WixQA,wixqa_simulated:24,,
q01629,Natural Questions,person,2970,https://huggingface.co/datasets/google-research-datasets/nq_open,nq_open:2970,,
q01630,Apache Kafka Confluence,"AI, from a real document",cwiki-103091409,https://cwiki.apache.org/confluence/spaces/KAFKA/pages/103091409/KIP-433+Block+old+clients+on+brokers,kafka_kips:cwiki-103091409,,
q01631,QMSum,person,train-56-4,https://github.com/Yale-LILY/QMSum,qmsum:train-56,,
q01632,Hard cases (generated),AI-generated,sr-g0545,data/v2/inputs/old_dataset.xlsx,old_generated:sr-g0545,jira,False
q01633,ConcurrentQA,person,PAIRIDX:19890,https://huggingface.co/datasets/stanfordnlp/concurrentqa,concurrentqa_wiki:PAIRIDX:19890,,
q01634,Hard cases (generated),AI-generated,sr-g0391,data/v2/inputs/old_dataset.xlsx,old_generated:sr-g0391,notion,True
q01635,Apache Kafka Confluence,"AI, from a real document",cwiki-406623705,https://cwiki.apache.org/confluence/spaces/KAFKA/pages/406623705/KIP-1305+Per-Record+Context+Processing+for+Kafka+Consumers,kafka_kips:cwiki-406623705,,
q01636,Hard cases (generated),AI-generated,sr-g0540,data/v2/inputs/old_dataset.xlsx,old_generated:sr-g0540,slack,False
q01637,Hard cases (generated),AI-generated,sr-g0666,data/v2/inputs/old_dataset.xlsx,old_generated:sr-g0666,notion,False
q01638,WixQA,person,41,https://huggingface.co/datasets/Wix/WixQA,wixqa_expert:41,,
q01639,Ubuntu help chat,"AI, from a real document",ubuntu-irc-tes-6997,https://huggingface.co/datasets/jkkummerfeld/irc_disentangle,ubuntu_irc:ubuntu-irc-tes-6997,,
q01640,WixQA,person,58,https://huggingface.co/datasets/Wix/WixQA,wixqa_simulated:58,,
q01641,Hard cases (generated),AI-generated,sr-g0494,data/v2/inputs/old_dataset.xlsx,old_generated:sr-g0494,notion,True
q01642,CLINC150,person,7611,https://huggingface.co/datasets/clinc/clinc_oos,clinc_hr:7611,,
q01643,Hard cases (generated),AI-generated,sr-g0895,data/v2/inputs/old_dataset.xlsx,old_generated:sr-g0895,slack|gmail,False
q01644,Hard cases (generated),AI-generated,sr-g0859,data/v2/inputs/old_dataset.xlsx,old_generated:sr-g0859,notion,False
q01645,WixQA,person,39,https://huggingface.co/datasets/Wix/WixQA,wixqa_simulated:39,,
q01646,QMSum,person,train-103-2,https://github.com/Yale-LILY/QMSum,qmsum:train-103,,
q01647,Apache Kafka Confluence,"AI, from a real document",cwiki-406618539,https://cwiki.apache.org/confluence/spaces/KAFKA/pages/406618539/KIP-1264+Configurable+TTL+for+Tiered+Storage+Index+Cache,kafka_kips:cwiki-406618539,,
q01648,Hard cases (generated),AI-generated,sr-g0563,data/v2/inputs/old_dataset.xlsx,old_generated:sr-g0563,gmail,False
q01649,Ubuntu help chat,"AI, from a real document",ubuntu-irc-val-4775,https://huggingface.co/datasets/jkkummerfeld/irc_disentangle,ubuntu_irc:ubuntu-irc-val-4775,,
q01650,CLINC150,person,19196,https://huggingface.co/datasets/clinc/clinc_oos,clinc_hr:19196,,
q01651,EnterpriseRAG-Bench,benchmark,qst_0189,https://huggingface.co/datasets/onyx-dot-app/EnterpriseRAG-Bench,enterprise_rag:qst_0189,,
q01652,EnterpriseRAG-Bench,benchmark,qst_0006,https://huggingface.co/datasets/onyx-dot-app/EnterpriseRAG-Bench,enterprise_rag:qst_0006,,
q01653,Natural Questions,person,1982,https://huggingface.co/datasets/google-research-datasets/nq_open,nq_open:1982,,
q01654,CLINC150,person,11817,https://huggingface.co/datasets/clinc/clinc_oos,clinc_smalltalk:11817,,
q01655,Natural Questions,person,2474,https://huggingface.co/datasets/google-research-datasets/nq_open,nq_open:2474,,
q01656,Hard cases (generated),AI-generated,sr-g0410,data/v2/inputs/old_dataset.xlsx,old_generated:sr-g0410,gmail,False
q01657,MASSIVE,person,16747,https://github.com/alexa/massive,massive_email:16747,,
q01658,QMSum,person,train-75-3,https://github.com/Yale-LILY/QMSum,qmsum:train-75,,
q01659,MASSIVE,person,15970,https://github.com/alexa/massive,massive_email:15970,,
q01660,Hard cases (generated),AI-generated,sr-g0853,data/v2/inputs/old_dataset.xlsx,old_generated:sr-g0853,slack,False
q01661,EnterpriseRAG-Bench,benchmark,qst_0173,https://huggingface.co/datasets/onyx-dot-app/EnterpriseRAG-Bench,enterprise_rag:qst_0173,,
q01662,Hard cases (generated),AI-generated,sr-g0829,data/v2/inputs/old_dataset.xlsx,old_generated:sr-g0829,notion|kb,False
q01663,EnterpriseRAG-Bench,benchmark,qst_0289,https://huggingface.co/datasets/onyx-dot-app/EnterpriseRAG-Bench,enterprise_rag:qst_0289,,
q01664,CLINC150,person,18510,https://huggingface.co/datasets/clinc/clinc_oos,clinc_hr:18510,,
q01665,Apache Kafka Jira,"AI, from a real document",KAFKA-13365,https://issues.apache.org/jira/browse/KAFKA-13365,kafka_jira:KAFKA-13365,,
q01666,QMSum,person,train-120-3,https://github.com/Yale-LILY/QMSum,qmsum:train-120,,
q01667,QMSum,person,train-106-4,https://github.com/Yale-LILY/QMSum,qmsum:train-106,,
q01668,EnterpriseRAG-Bench,benchmark,qst_0261,https://huggingface.co/datasets/onyx-dot-app/EnterpriseRAG-Bench,enterprise_rag:qst_0261,,
q01669,MASSIVE,person,14467,https://github.com/alexa/massive,massive_qa:14467,,
q01670,CLINC150,person,4882,https://huggingface.co/datasets/clinc/clinc_oos,clinc_hr:4882,,
q01671,ConcurrentQA,person,PAIRIDX:31886,https://huggingface.co/datasets/stanfordnlp/concurrentqa,concurrentqa_wiki:PAIRIDX:31886,,
q01672,CLINC150,person,523,https://huggingface.co/datasets/clinc/clinc_oos,clinc_hr:523,,
q01673,Hard cases (generated),AI-generated,sr-g0387,data/v2/inputs/old_dataset.xlsx,old_generated:sr-g0387,notion,True
q01674,Apache Kafka Confluence,"AI, from a real document",cwiki-399279678,https://cwiki.apache.org/confluence/spaces/KAFKA/pages/399279678/KIP-1254+Kafka+Consumer+Support+for+Remote+Tiered+Storage+Fetch,kafka_kips:cwiki-399279678,,
q01675,EnterpriseRAG-Bench,benchmark,qst_0270,https://huggingface.co/datasets/onyx-dot-app/EnterpriseRAG-Bench,enterprise_rag:qst_0270,,
q01676,Hard cases (generated),AI-generated,sr-g0845,data/v2/inputs/old_dataset.xlsx,old_generated:sr-g0845,gmail|notion,True
q01677,EnterpriseRAG-Bench,benchmark,qst_0217,https://huggingface.co/datasets/onyx-dot-app/EnterpriseRAG-Bench,enterprise_rag:qst_0217,,
q01678,Apache Kafka Jira,"AI, from a real document",KAFKA-19769,https://issues.apache.org/jira/browse/KAFKA-19769,kafka_jira:KAFKA-19769,,
q01679,Hard cases (generated),AI-generated,sr-g0801,data/v2/inputs/old_dataset.xlsx,old_generated:sr-g0801,slack|jira|kb,False
q01680,Natural Questions,person,3412,https://huggingface.co/datasets/google-research-datasets/nq_open,nq_open:3412,,
q01681,Apache Kafka Jira,"AI, from a real document",KAFKA-14687,https://issues.apache.org/jira/browse/KAFKA-14687,kafka_jira:KAFKA-14687,,
q01682,EnterpriseRAG-Bench,benchmark,qst_0302,https://huggingface.co/datasets/onyx-dot-app/EnterpriseRAG-Bench,enterprise_rag:qst_0302,,
q01683,ConcurrentQA,person,PAIRIDX:20576,https://huggingface.co/datasets/stanfordnlp/concurrentqa,concurrentqa_wiki:PAIRIDX:20576,,
q01684,QMSum,person,train-9-3,https://github.com/Yale-LILY/QMSum,qmsum:train-9,,
q01685,Ubuntu help chat,"AI, from a real document",ubuntu-irc-tes-5642,https://huggingface.co/datasets/jkkummerfeld/irc_disentangle,ubuntu_irc:ubuntu-irc-tes-5642,,
q01686,Hard cases (generated),AI-generated,sr-g0626,data/v2/inputs/old_dataset.xlsx,old_generated:sr-g0626,,False
q01687,Apache Kafka Jira,"AI, from a real document",KAFKA-16202,https://issues.apache.org/jira/browse/KAFKA-16202,kafka_jira:KAFKA-16202,,
q01688,Hard cases (generated),AI-generated,sr-g0629,data/v2/inputs/old_dataset.xlsx,old_generated:sr-g0629,,False
q01689,ConcurrentQA,person,PAIRIDX:23529,https://huggingface.co/datasets/stanfordnlp/concurrentqa,concurrentqa_wiki:PAIRIDX:23529,,
q01690,Apache Kafka Confluence,"AI, from a real document",cwiki-148641915,https://cwiki.apache.org/confluence/spaces/KAFKA/pages/148641915/KIP-579+new+exception+on+min.insync.replicas+replication.factor,kafka_kips:cwiki-148641915,,
q01691,Hard cases (hand-written),hand-written,sr-h0261,data/v2/inputs/old_dataset.xlsx,old_human:sr-h0261,,False
q01692,CLINC150,person,18667,https://huggingface.co/datasets/clinc/clinc_oos,clinc_public:18667,,
q01693,Apache Kafka Jira,"AI, from a real document",KAFKA-21202,https://issues.apache.org/jira/browse/KAFKA-21202,kafka_jira:KAFKA-21202,,
q01694,Hard cases (hand-written),hand-written,sr-h0228,data/v2/inputs/old_dataset.xlsx,old_human:sr-h0228,slack|jira|notion|gmail,True
q01695,EnterpriseRAG-Bench,benchmark,qst_0185,https://huggingface.co/datasets/onyx-dot-app/EnterpriseRAG-Bench,enterprise_rag:qst_0185,,
q01696,Hard cases (hand-written),hand-written,sr-h0253,data/v2/inputs/old_dataset.xlsx,old_human:sr-h0253,slack|jira,False
q01697,Natural Questions,person,975,https://huggingface.co/datasets/google-research-datasets/nq_open,nq_open:975,,
q01698,EnterpriseRAG-Bench,benchmark,qst_0020,https://huggingface.co/datasets/onyx-dot-app/EnterpriseRAG-Bench,enterprise_rag:qst_0020,,
q01699,Natural Questions,person,2294,https://huggingface.co/datasets/google-research-datasets/nq_open,nq_open:2294,,
q01700,EnterpriseRAG-Bench,benchmark,qst_0098,https://huggingface.co/datasets/onyx-dot-app/EnterpriseRAG-Bench,enterprise_rag:qst_0098,,
q01701,Apache Kafka Jira,"AI, from a real document",KAFKA-12702,https://issues.apache.org/jira/browse/KAFKA-12702,kafka_jira:KAFKA-12702,,
q01702,Natural Questions,person,3160,https://huggingface.co/datasets/google-research-datasets/nq_open,nq_open:3160,,
q01703,QMSum,person,train-90-4,https://github.com/Yale-LILY/QMSum,qmsum:train-90,,
q01704,QMSum,person,val-0-3,https://github.com/Yale-LILY/QMSum,qmsum:val-0,,
q01705,WixQA,person,28,https://huggingface.co/datasets/Wix/WixQA,wixqa_expert:28,,
q01706,Apache Kafka Confluence,"AI, from a real document",cwiki-406618944,https://cwiki.apache.org/confluence/spaces/KAFKA/pages/406618944/KIP-1271+Allow+to+Store+Record+Headers+in+State+Stores,kafka_kips:cwiki-406618944,,
q01707,Hard cases (generated),AI-generated,sr-g0835,data/v2/inputs/old_dataset.xlsx,old_generated:sr-g0835,notion|kb,True
q01708,CLINC150,person,2947,https://huggingface.co/datasets/clinc/clinc_oos,clinc_smalltalk:2947,,
q01709,CLINC150,person,14002,https://huggingface.co/datasets/clinc/clinc_oos,clinc_smalltalk:14002,,
q01710,WixQA,person,64,https://huggingface.co/datasets/Wix/WixQA,wixqa_expert:64,,
q01711,Hard cases (generated),AI-generated,sr-g0399,data/v2/inputs/old_dataset.xlsx,old_generated:sr-g0399,notion,True
q01712,QMSum,person,train-88-0,https://github.com/Yale-LILY/QMSum,qmsum:train-88,,
q01713,EnterpriseRAG-Bench,benchmark,qst_0075,https://huggingface.co/datasets/onyx-dot-app/EnterpriseRAG-Bench,enterprise_rag:qst_0075,,
q01714,CLINC150,person,12067,https://huggingface.co/datasets/clinc/clinc_oos,clinc_smalltalk:12067,,
q01715,QMSum,person,train-134-2,https://github.com/Yale-LILY/QMSum,qmsum:train-134,,
q01716,Hard cases (generated),AI-generated,sr-g0511,data/v2/inputs/old_dataset.xlsx,old_generated:sr-g0511,gmail,False
q01717,WixQA,person,51,https://huggingface.co/datasets/Wix/WixQA,wixqa_simulated:51,,
q01718,Ubuntu help chat,"AI, from a real document",ubuntu-irc-val-8640,https://huggingface.co/datasets/jkkummerfeld/irc_disentangle,ubuntu_irc:ubuntu-irc-val-8640,,
q01719,CLINC150,person,21254,https://huggingface.co/datasets/clinc/clinc_oos,clinc_smalltalk:21254,,
q01720,Natural Questions,person,3126,https://huggingface.co/datasets/google-research-datasets/nq_open,nq_open:3126,,
q01721,CLINC150,person,2161,https://huggingface.co/datasets/clinc/clinc_oos,clinc_smalltalk:2161,,
q01722,Hard cases (generated),AI-generated,sr-g0477,data/v2/inputs/old_dataset.xlsx,old_generated:sr-g0477,notion,True
q01723,Natural Questions,person,2964,https://huggingface.co/datasets/google-research-datasets/nq_open,nq_open:2964,,
q01724,Natural Questions,person,2319,https://huggingface.co/datasets/google-research-datasets/nq_open,nq_open:2319,,
q01725,Hard cases (generated),AI-generated,sr-g0846,data/v2/inputs/old_dataset.xlsx,old_generated:sr-g0846,slack|gmail,False
q01726,Ubuntu help chat,"AI, from a real document",ubuntu-irc-tes-1289,https://huggingface.co/datasets/jkkummerfeld/irc_disentangle,ubuntu_irc:ubuntu-irc-tes-1289,,
q01727,ConcurrentQA,person,PAIRIDX:37388,https://huggingface.co/datasets/stanfordnlp/concurrentqa,concurrentqa_wiki:PAIRIDX:37388,,
q01728,QMSum,person,train-29-1,https://github.com/Yale-LILY/QMSum,qmsum:train-29,,
q01729,MASSIVE,person,16411,https://github.com/alexa/massive,massive_email:16411,,
q01730,Apache Kafka Confluence,"AI, from a real document",cwiki-421956825,https://cwiki.apache.org/confluence/spaces/KAFKA/pages/421956825/KIP-1326+Include+broker+static+configurations+in+BrokerRegistrationRequest,kafka_kips:cwiki-421956825,,
q01731,CLINC150,person,19249,https://huggingface.co/datasets/clinc/clinc_oos,clinc_smalltalk:19249,,
q01732,Natural Questions,person,820,https://huggingface.co/datasets/google-research-datasets/nq_open,nq_open:820,,
q01733,Ubuntu help chat,"AI, from a real document",ubuntu-irc-tes-11925,https://huggingface.co/datasets/jkkummerfeld/irc_disentangle,ubuntu_irc:ubuntu-irc-tes-11925,,
q01734,QMSum,person,train-19-5,https://github.com/Yale-LILY/QMSum,qmsum:train-19,,
q01735,Apache Kafka Confluence,"AI, from a real document",cwiki-55151831,https://cwiki.apache.org/confluence/spaces/KAFKA/pages/55151831/KIP-17+-+Add+HighwaterMarkOffset+to+OffsetFetchResponse,kafka_kips:cwiki-55151831,,
q01736,MASSIVE,person,16889,https://github.com/alexa/massive,massive_email:16889,,
q01737,CLINC150,person,11806,https://huggingface.co/datasets/clinc/clinc_oos,clinc_smalltalk:11806,,
q01738,Hard cases (generated),AI-generated,sr-g0760,data/v2/inputs/old_dataset.xlsx,old_generated:sr-g0760,slack|gmail,False
q01739,Apache Kafka Confluence,"AI, from a real document",cwiki-69408611,https://cwiki.apache.org/confluence/spaces/KAFKA/pages/69408611/KIP-150+-+Kafka-Streams+Cogroup,kafka_kips:cwiki-69408611,,
q01740,MASSIVE,person,16394,https://github.com/alexa/massive,massive_email:16394,,
q01741,Apache Kafka Confluence,"AI, from a real document",cwiki-74684836,https://cwiki.apache.org/confluence/spaces/KAFKA/pages/74684836/KIP-213+Support+non-key+joining+in+KTable,kafka_kips:cwiki-74684836,,
q01742,Apache Kafka Confluence,"AI, from a real document",cwiki-97550583,https://cwiki.apache.org/confluence/spaces/KAFKA/pages/97550583/KIP-390+Support+Compression+Level,kafka_kips:cwiki-97550583,,
q01743,WixQA,person,127,https://huggingface.co/datasets/Wix/WixQA,wixqa_expert:127,,
q01744,Hard cases (generated),AI-generated,sr-g0495,data/v2/inputs/old_dataset.xlsx,old_generated:sr-g0495,gmail,False
q01745,EnterpriseRAG-Bench,benchmark,qst_0354,https://huggingface.co/datasets/onyx-dot-app/EnterpriseRAG-Bench,enterprise_rag:qst_0354,,
q01746,Natural Questions,person,1553,https://huggingface.co/datasets/google-research-datasets/nq_open,nq_open:1553,,
q01747,CLINC150,person,15368,https://huggingface.co/datasets/clinc/clinc_oos,clinc_hr:15368,,
q01748,Hard cases (generated),AI-generated,sr-g0490,data/v2/inputs/old_dataset.xlsx,old_generated:sr-g0490,notion,True
q01749,EnterpriseRAG-Bench,benchmark,qst_0154,https://huggingface.co/datasets/onyx-dot-app/EnterpriseRAG-Bench,enterprise_rag:qst_0154,,
q01750,Hard cases (generated),AI-generated,sr-g0567,data/v2/inputs/old_dataset.xlsx,old_generated:sr-g0567,gmail,False
q01751,Hard cases (generated),AI-generated,sr-g0595,data/v2/inputs/old_dataset.xlsx,old_generated:sr-g0595,,False
q01752,Hard cases (generated),AI-generated,sr-g0820,data/v2/inputs/old_dataset.xlsx,old_generated:sr-g0820,slack|jira,False
q01753,Hard cases (generated),AI-generated,sr-g0458,data/v2/inputs/old_dataset.xlsx,old_generated:sr-g0458,jira,False
q01754,Ubuntu help chat,"AI, from a real document",ubuntu-irc-tes-7205,https://huggingface.co/datasets/jkkummerfeld/irc_disentangle,ubuntu_irc:ubuntu-irc-tes-7205,,
q01755,MASSIVE,person,15798,https://github.com/alexa/massive,massive_email:15798,,
q01756,QMSum,person,train-141-0,https://github.com/Yale-LILY/QMSum,qmsum:train-141,,
q01757,EnterpriseRAG-Bench,benchmark,qst_0341,https://huggingface.co/datasets/onyx-dot-app/EnterpriseRAG-Bench,enterprise_rag:qst_0341,,
q01758,CLINC150,person,12161,https://huggingface.co/datasets/clinc/clinc_oos,clinc_hr:12161,,
q01759,MASSIVE,person,15050,https://github.com/alexa/massive,massive_qa:15050,,
q01760,WixQA,person,119,https://huggingface.co/datasets/Wix/WixQA,wixqa_expert:119,,
q01761,ConcurrentQA,person,PAIRIDX:40233,https://huggingface.co/datasets/stanfordnlp/concurrentqa,concurrentqa_wiki:PAIRIDX:40233,,
q01762,MASSIVE,person,15862,https://github.com/alexa/massive,massive_email:15862,,
q01763,ConcurrentQA,person,PAIRIDX:38252,https://huggingface.co/datasets/stanfordnlp/concurrentqa,concurrentqa_wiki:PAIRIDX:38252,,
q01764,MASSIVE,person,14826,https://github.com/alexa/massive,massive_qa:14826,,
q01765,WixQA,person,24,https://huggingface.co/datasets/Wix/WixQA,wixqa_expert:24,,
q01766,Apache Kafka Confluence,"AI, from a real document",cwiki-158862246,https://cwiki.apache.org/confluence/spaces/KAFKA/pages/158862246/KIP-622+Add+currentSystemTimeMs+and+currentStreamTimeMs+to+ProcessorContext,kafka_kips:cwiki-158862246,,
q01767,Hard cases (generated),AI-generated,sr-g0715,data/v2/inputs/old_dataset.xlsx,old_generated:sr-g0715,jira|notion,True
q01768,Apache Kafka Jira,"AI, from a real document",KAFKA-17082,https://issues.apache.org/jira/browse/KAFKA-17082,kafka_jira:KAFKA-17082,,
q01769,QMSum,person,test-12-5,https://github.com/Yale-LILY/QMSum,qmsum:test-12,,
q01770,Natural Questions,person,3134,https://huggingface.co/datasets/google-research-datasets/nq_open,nq_open:3134,,
q01771,EnterpriseRAG-Bench,benchmark,qst_0386,https://huggingface.co/datasets/onyx-dot-app/EnterpriseRAG-Bench,enterprise_rag:qst_0386,,
q01772,CLINC150,person,20992,https://huggingface.co/datasets/clinc/clinc_oos,clinc_hr:20992,,
q01773,Apache Kafka Confluence,"AI, from a real document",cwiki-87298616,https://cwiki.apache.org/confluence/spaces/KAFKA/pages/87298616/KIP-339+Create+a+new+IncrementalAlterConfigs+API,kafka_kips:cwiki-87298616,,
q01774,Hard cases (generated),AI-generated,sr-g0658,data/v2/inputs/old_dataset.xlsx,old_generated:sr-g0658,jira,False
q01775,Apache Kafka Jira,"AI, from a real document",KAFKA-14668,https://issues.apache.org/jira/browse/KAFKA-14668,kafka_jira:KAFKA-14668,,
q01776,EnterpriseRAG-Bench,benchmark,qst_0142,https://huggingface.co/datasets/onyx-dot-app/EnterpriseRAG-Bench,enterprise_rag:qst_0142,,
q01777,WixQA,person,174,https://huggingface.co/datasets/Wix/WixQA,wixqa_expert:174,,
q01778,ConcurrentQA,person,PAIRIDX:33297,https://huggingface.co/datasets/stanfordnlp/concurrentqa,concurrentqa_wiki:PAIRIDX:33297,,
q01779,Hard cases (generated),AI-generated,sr-g0803,data/v2/inputs/old_dataset.xlsx,old_generated:sr-g0803,slack|notion,False
q01780,WixQA,person,144,https://huggingface.co/datasets/Wix/WixQA,wixqa_simulated:144,,
q01781,EnterpriseRAG-Bench,benchmark,qst_0035,https://huggingface.co/datasets/onyx-dot-app/EnterpriseRAG-Bench,enterprise_rag:qst_0035,,
q01782,MASSIVE,person,13585,https://github.com/alexa/massive,massive_qa:13585,,
q01783,WixQA,person,153,https://huggingface.co/datasets/Wix/WixQA,wixqa_simulated:153,,
q01784,Apache Kafka Confluence,"AI, from a real document",cwiki-61338486,https://cwiki.apache.org/confluence/spaces/KAFKA/pages/61338486/KIP-46+Self+Healing+Kafka,kafka_kips:cwiki-61338486,,
q01785,Ubuntu help chat,"AI, from a real document",ubuntu-irc-val-3492,https://huggingface.co/datasets/jkkummerfeld/irc_disentangle,ubuntu_irc:ubuntu-irc-val-3492,,
q01786,CLINC150,person,13808,https://huggingface.co/datasets/clinc/clinc_oos,clinc_smalltalk:13808,,
q01787,EnterpriseRAG-Bench,benchmark,qst_0271,https://huggingface.co/datasets/onyx-dot-app/EnterpriseRAG-Bench,enterprise_rag:qst_0271,,
q01788,Ubuntu help chat,"AI, from a real document",ubuntu-irc-val-12435,https://huggingface.co/datasets/jkkummerfeld/irc_disentangle,ubuntu_irc:ubuntu-irc-val-12435,,
q01789,Hard cases (generated),AI-generated,sr-g0679,data/v2/inputs/old_dataset.xlsx,old_generated:sr-g0679,gmail,False
q01790,EnterpriseRAG-Bench,benchmark,qst_0203,https://huggingface.co/datasets/onyx-dot-app/EnterpriseRAG-Bench,enterprise_rag:qst_0203,,
q01791,EnterpriseRAG-Bench,benchmark,qst_0111,https://huggingface.co/datasets/onyx-dot-app/EnterpriseRAG-Bench,enterprise_rag:qst_0111,,
q01792,Hard cases (generated),AI-generated,sr-g0806,data/v2/inputs/old_dataset.xlsx,old_generated:sr-g0806,slack|notion,False
q01793,Hard cases (generated),AI-generated,sr-g0412,data/v2/inputs/old_dataset.xlsx,old_generated:sr-g0412,gmail,False
q01794,EnterpriseRAG-Bench,benchmark,qst_0394,https://huggingface.co/datasets/onyx-dot-app/EnterpriseRAG-Bench,enterprise_rag:qst_0394,,
q01795,MASSIVE,person,15915,https://github.com/alexa/massive,massive_email:15915,,
q01796,Hard cases (generated),AI-generated,sr-g0543,data/v2/inputs/old_dataset.xlsx,old_generated:sr-g0543,jira,False
q01797,MASSIVE,person,16477,https://github.com/alexa/massive,massive_email:16477,,
q01798,EnterpriseRAG-Bench,benchmark,qst_0466,https://huggingface.co/datasets/onyx-dot-app/EnterpriseRAG-Bench,enterprise_rag:qst_0466,,
q01799,EnterpriseRAG-Bench,benchmark,qst_0393,https://huggingface.co/datasets/onyx-dot-app/EnterpriseRAG-Bench,enterprise_rag:qst_0393,,
q01800,Apache Kafka Jira,"AI, from a real document",KAFKA-19748,https://issues.apache.org/jira/browse/KAFKA-19748,kafka_jira:KAFKA-19748,,
q01801,QMSum,person,test-23-1,https://github.com/Yale-LILY/QMSum,qmsum:test-23,,
q01802,QMSum,person,test-5-4,https://github.com/Yale-LILY/QMSum,qmsum:test-5,,
q01803,Hard cases (generated),AI-generated,sr-g0394,data/v2/inputs/old_dataset.xlsx,old_generated:sr-g0394,notion,True
q01804,Natural Questions,person,1250,https://huggingface.co/datasets/google-research-datasets/nq_open,nq_open:1250,,
q01805,EnterpriseRAG-Bench,benchmark,qst_0133,https://huggingface.co/datasets/onyx-dot-app/EnterpriseRAG-Bench,enterprise_rag:qst_0133,,
q01806,EnterpriseRAG-Bench,benchmark,qst_0247,https://huggingface.co/datasets/onyx-dot-app/EnterpriseRAG-Bench,enterprise_rag:qst_0247,,
q01807,CLINC150,person,1203,https://huggingface.co/datasets/clinc/clinc_oos,clinc_hr:1203,,
q01808,Hard cases (generated),AI-generated,sr-g0739,data/v2/inputs/old_dataset.xlsx,old_generated:sr-g0739,slack|jira,False
q01809,MASSIVE,person,16210,https://github.com/alexa/massive,massive_email:16210,,
q01810,QMSum,person,train-135-1,https://github.com/Yale-LILY/QMSum,qmsum:train-135,,
q01811,Natural Questions,person,840,https://huggingface.co/datasets/google-research-datasets/nq_open,nq_open:840,,
q01812,EnterpriseRAG-Bench,benchmark,qst_0404,https://huggingface.co/datasets/onyx-dot-app/EnterpriseRAG-Bench,enterprise_rag:qst_0404,,
q01813,Hard cases (generated),AI-generated,sr-g0407,data/v2/inputs/old_dataset.xlsx,old_generated:sr-g0407,gmail,False
q01814,EnterpriseRAG-Bench,benchmark,qst_0128,https://huggingface.co/datasets/onyx-dot-app/EnterpriseRAG-Bench,enterprise_rag:qst_0128,,
q01815,EnterpriseRAG-Bench,benchmark,qst_0059,https://huggingface.co/datasets/onyx-dot-app/EnterpriseRAG-Bench,enterprise_rag:qst_0059,,
q01816,EnterpriseRAG-Bench,benchmark,qst_0258,https://huggingface.co/datasets/onyx-dot-app/EnterpriseRAG-Bench,enterprise_rag:qst_0258,,
q01817,Hard cases (generated),AI-generated,sr-g0640,data/v2/inputs/old_dataset.xlsx,old_generated:sr-g0640,,False
q01818,Apache Kafka Jira,"AI, from a real document",KAFKA-21127,https://issues.apache.org/jira/browse/KAFKA-21127,kafka_jira:KAFKA-21127,,
q01819,EnterpriseRAG-Bench,benchmark,qst_0332,https://huggingface.co/datasets/onyx-dot-app/EnterpriseRAG-Bench,enterprise_rag:qst_0332,,
q01820,EnterpriseRAG-Bench,benchmark,qst_0148,https://huggingface.co/datasets/onyx-dot-app/EnterpriseRAG-Bench,enterprise_rag:qst_0148,,
q01821,CLINC150,person,12152,https://huggingface.co/datasets/clinc/clinc_oos,clinc_hr:12152,,
q01822,EnterpriseRAG-Bench,benchmark,qst_0268,https://huggingface.co/datasets/onyx-dot-app/EnterpriseRAG-Bench,enterprise_rag:qst_0268,,
q01823,Hard cases (generated),AI-generated,sr-g0890,data/v2/inputs/old_dataset.xlsx,old_generated:sr-g0890,notion|kb,True
q01824,Apache Kafka Jira,"AI, from a real document",KAFKA-14651,https://issues.apache.org/jira/browse/KAFKA-14651,kafka_jira:KAFKA-14651,,
q01825,QMSum,person,train-21-1,https://github.com/Yale-LILY/QMSum,qmsum:train-21,,
q01826,CLINC150,person,14030,https://huggingface.co/datasets/clinc/clinc_oos,clinc_smalltalk:14030,,
q01827,QMSum,person,train-129-5,https://github.com/Yale-LILY/QMSum,qmsum:train-129,,
q01828,QMSum,person,train-1-3,https://github.com/Yale-LILY/QMSum,qmsum:train-1,,
q01829,Natural Questions,person,887,https://huggingface.co/datasets/google-research-datasets/nq_open,nq_open:887,,
q01830,MASSIVE,person,14974,https://github.com/alexa/massive,massive_qa:14974,,
q01831,Ubuntu help chat,"AI, from a real document",ubuntu-irc-tes-4101,https://huggingface.co/datasets/jkkummerfeld/irc_disentangle,ubuntu_irc:ubuntu-irc-tes-4101,,
q01832,Apache Kafka Jira,"AI, from a real document",KAFKA-19727,https://issues.apache.org/jira/browse/KAFKA-19727,kafka_jira:KAFKA-19727,,
q01833,EnterpriseRAG-Bench,benchmark,qst_0255,https://huggingface.co/datasets/onyx-dot-app/EnterpriseRAG-Bench,enterprise_rag:qst_0255,,
q01834,EnterpriseRAG-Bench,benchmark,qst_0311,https://huggingface.co/datasets/onyx-dot-app/EnterpriseRAG-Bench,enterprise_rag:qst_0311,,
q01835,QMSum,person,train-26-1,https://github.com/Yale-LILY/QMSum,qmsum:train-26,,
q01836,Hard cases (generated),AI-generated,sr-g0891,data/v2/inputs/old_dataset.xlsx,old_generated:sr-g0891,notion|kb,True
q01837,CLINC150,person,12053,https://huggingface.co/datasets/clinc/clinc_oos,clinc_smalltalk:12053,,
q01838,Hard cases (generated),AI-generated,sr-g0855,data/v2/inputs/old_dataset.xlsx,old_generated:sr-g0855,slack,False
q01839,Hard cases (generated),AI-generated,sr-g0403,data/v2/inputs/old_dataset.xlsx,old_generated:sr-g0403,notion,True
q01840,Natural Questions,person,1382,https://huggingface.co/datasets/google-research-datasets/nq_open,nq_open:1382,,
q01841,Apache Kafka Confluence,"AI, from a real document",cwiki-395381135,https://cwiki.apache.org/confluence/spaces/KAFKA/pages/395381135/KIP-1234+Move+and+Add+Arguments+to+version-mapping+Commands,kafka_kips:cwiki-395381135,,
q01842,WixQA,person,124,https://huggingface.co/datasets/Wix/WixQA,wixqa_simulated:124,,
q01843,Ubuntu help chat,"AI, from a real document",ubuntu-irc-val-7429,https://huggingface.co/datasets/jkkummerfeld/irc_disentangle,ubuntu_irc:ubuntu-irc-val-7429,,
q01844,Hard cases (generated),AI-generated,sr-g0827,data/v2/inputs/old_dataset.xlsx,old_generated:sr-g0827,notion|kb,True
q01845,Hard cases (generated),AI-generated,sr-g0425,data/v2/inputs/old_dataset.xlsx,old_generated:sr-g0425,kb,False
q01846,Hard cases (generated),AI-generated,sr-g0618,data/v2/inputs/old_dataset.xlsx,old_generated:sr-g0618,,False
q01847,Ubuntu help chat,"AI, from a real document",ubuntu-irc-tes-1183,https://huggingface.co/datasets/jkkummerfeld/irc_disentangle,ubuntu_irc:ubuntu-irc-tes-1183,,
q01848,Hard cases (generated),AI-generated,sr-g0364,data/v2/inputs/old_dataset.xlsx,old_generated:sr-g0364,jira,False
q01849,MASSIVE,person,12962,https://github.com/alexa/massive,massive_qa:12962,,
q01850,Hard cases (generated),AI-generated,sr-g0475,data/v2/inputs/old_dataset.xlsx,old_generated:sr-g0475,notion,True
q01851,MASSIVE,person,17179,https://github.com/alexa/massive,massive_email:17179,,
q01852,Hard cases (generated),AI-generated,sr-g0400,data/v2/inputs/old_dataset.xlsx,old_generated:sr-g0400,notion,True
q01853,MASSIVE,person,16003,https://github.com/alexa/massive,massive_email:16003,,
q01854,Apache Kafka Jira,"AI, from a real document",KAFKA-18874,https://issues.apache.org/jira/browse/KAFKA-18874,kafka_jira:KAFKA-18874,,
q01855,WixQA,person,70,https://huggingface.co/datasets/Wix/WixQA,wixqa_expert:70,,
q01856,EnterpriseRAG-Bench,benchmark,qst_0010,https://huggingface.co/datasets/onyx-dot-app/EnterpriseRAG-Bench,enterprise_rag:qst_0010,,
q01857,EnterpriseRAG-Bench,benchmark,qst_0198,https://huggingface.co/datasets/onyx-dot-app/EnterpriseRAG-Bench,enterprise_rag:qst_0198,,
q01858,Apache Kafka Jira,"AI, from a real document",KAFKA-16188,https://issues.apache.org/jira/browse/KAFKA-16188,kafka_jira:KAFKA-16188,,
q01859,Ubuntu help chat,"AI, from a real document",ubuntu-irc-tes-8502,https://huggingface.co/datasets/jkkummerfeld/irc_disentangle,ubuntu_irc:ubuntu-irc-tes-8502,,
q01860,Natural Questions,person,2769,https://huggingface.co/datasets/google-research-datasets/nq_open,nq_open:2769,,
q01861,EnterpriseRAG-Bench,benchmark,qst_0230,https://huggingface.co/datasets/onyx-dot-app/EnterpriseRAG-Bench,enterprise_rag:qst_0230,,
q01862,Hard cases (generated),AI-generated,sr-g0550,data/v2/inputs/old_dataset.xlsx,old_generated:sr-g0550,notion,True
q01863,Hard cases (generated),AI-generated,sr-g0802,data/v2/inputs/old_dataset.xlsx,old_generated:sr-g0802,slack|notion,False
q01864,Hard cases (generated),AI-generated,sr-g0837,data/v2/inputs/old_dataset.xlsx,old_generated:sr-g0837,notion|kb,True
q01865,MASSIVE,person,16551,https://github.com/alexa/massive,massive_email:16551,,
q01866,EnterpriseRAG-Bench,benchmark,qst_0428,https://huggingface.co/datasets/onyx-dot-app/EnterpriseRAG-Bench,enterprise_rag:qst_0428,,
q01867,EnterpriseRAG-Bench,benchmark,qst_0193,https://huggingface.co/datasets/onyx-dot-app/EnterpriseRAG-Bench,enterprise_rag:qst_0193,,
q01868,Hard cases (generated),AI-generated,sr-g0887,data/v2/inputs/old_dataset.xlsx,old_generated:sr-g0887,kb,False
q01869,QMSum,person,train-93-7,https://github.com/Yale-LILY/QMSum,qmsum:train-93,,
q01870,MASSIVE,person,16898,https://github.com/alexa/massive,massive_email:16898,,
q01871,Hard cases (generated),AI-generated,sr-g0836,data/v2/inputs/old_dataset.xlsx,old_generated:sr-g0836,notion|kb,True
q01872,WixQA,person,158,https://huggingface.co/datasets/Wix/WixQA,wixqa_expert:158,,
q01873,Hard cases (generated),AI-generated,sr-g0864,data/v2/inputs/old_dataset.xlsx,old_generated:sr-g0864,gmail,False
q01874,QMSum,person,test-22-5,https://github.com/Yale-LILY/QMSum,qmsum:test-22,,
q01875,Ubuntu help chat,"AI, from a real document",ubuntu-irc-tes-7306,https://huggingface.co/datasets/jkkummerfeld/irc_disentangle,ubuntu_irc:ubuntu-irc-tes-7306,,
q01876,Apache Kafka Jira,"AI, from a real document",KAFKA-19707,https://issues.apache.org/jira/browse/KAFKA-19707,kafka_jira:KAFKA-19707,,
q01877,EnterpriseRAG-Bench,benchmark,qst_0228,https://huggingface.co/datasets/onyx-dot-app/EnterpriseRAG-Bench,enterprise_rag:qst_0228,,
q01878,MASSIVE,person,14248,https://github.com/alexa/massive,massive_qa:14248,,
q01879,CLINC150,person,12092,https://huggingface.co/datasets/clinc/clinc_oos,clinc_smalltalk:12092,,
q01880,Hard cases (generated),AI-generated,sr-g0858,data/v2/inputs/old_dataset.xlsx,old_generated:sr-g0858,notion,False
q01881,Hard cases (generated),AI-generated,sr-g0612,data/v2/inputs/old_dataset.xlsx,old_generated:sr-g0612,,False
q01882,Ubuntu help chat,"AI, from a real document",ubuntu-irc-tes-11858,https://huggingface.co/datasets/jkkummerfeld/irc_disentangle,ubuntu_irc:ubuntu-irc-tes-11858,,
q01883,Hard cases (generated),AI-generated,sr-g0690,data/v2/inputs/old_dataset.xlsx,old_generated:sr-g0690,kb,False
q01884,EnterpriseRAG-Bench,benchmark,qst_0079,https://huggingface.co/datasets/onyx-dot-app/EnterpriseRAG-Bench,enterprise_rag:qst_0079,,
q01885,Ubuntu help chat,"AI, from a real document",ubuntu-irc-tes-7412,https://huggingface.co/datasets/jkkummerfeld/irc_disentangle,ubuntu_irc:ubuntu-irc-tes-7412,,
q01886,Natural Questions,person,1135,https://huggingface.co/datasets/google-research-datasets/nq_open,nq_open:1135,,
q01887,CLINC150,person,22359,https://huggingface.co/datasets/clinc/clinc_oos,clinc_smalltalk:22359,,
q01888,Hard cases (generated),AI-generated,sr-g0683,data/v2/inputs/old_dataset.xlsx,old_generated:sr-g0683,gmail,False
q01889,Ubuntu help chat,"AI, from a real document",ubuntu-irc-val-7407,https://huggingface.co/datasets/jkkummerfeld/irc_disentangle,ubuntu_irc:ubuntu-irc-val-7407,,
q01890,EnterpriseRAG-Bench,benchmark,qst_0305,https://huggingface.co/datasets/onyx-dot-app/EnterpriseRAG-Bench,enterprise_rag:qst_0305,,
q01891,EnterpriseRAG-Bench,benchmark,qst_0004,https://huggingface.co/datasets/onyx-dot-app/EnterpriseRAG-Bench,enterprise_rag:qst_0004,,
q01892,Apache Kafka Jira,"AI, from a real document",KAFKA-13394,https://issues.apache.org/jira/browse/KAFKA-13394,kafka_jira:KAFKA-13394,,
q01893,WixQA,person,107,https://huggingface.co/datasets/Wix/WixQA,wixqa_expert:107,,
q01894,EnterpriseRAG-Bench,benchmark,qst_0125,https://huggingface.co/datasets/onyx-dot-app/EnterpriseRAG-Bench,enterprise_rag:qst_0125,,
q01895,Apache Kafka Jira,"AI, from a real document",KAFKA-12785,https://issues.apache.org/jira/browse/KAFKA-12785,kafka_jira:KAFKA-12785,,
q01896,QMSum,person,test-9-3,https://github.com/Yale-LILY/QMSum,qmsum:test-9,,
q01897,Apache Kafka Confluence,"AI, from a real document",cwiki-384895435,https://cwiki.apache.org/confluence/spaces/KAFKA/pages/384895435/KIP-1216+Add+rebalance+listener+metrics+for+Kafka+Streams,kafka_kips:cwiki-384895435,,
q01898,Hard cases (generated),AI-generated,sr-g0686,data/v2/inputs/old_dataset.xlsx,old_generated:sr-g0686,kb,False
q01899,WixQA,person,127,https://huggingface.co/datasets/Wix/WixQA,wixqa_simulated:127,,
q01900,QMSum,person,train-71-0,https://github.com/Yale-LILY/QMSum,qmsum:train-71,,
q01901,MASSIVE,person,15775,https://github.com/alexa/massive,massive_email:15775,,
q01902,Apache Kafka Confluence,"AI, from a real document",cwiki-440304328,https://cwiki.apache.org/confluence/spaces/KAFKA/pages/440304328/KIP-1366+Configurable+Segment+Interval+for+Window+and+Session+Stores,kafka_kips:cwiki-440304328,,
q01903,Natural Questions,person,2370,https://huggingface.co/datasets/google-research-datasets/nq_open,nq_open:2370,,
q01904,CLINC150,person,545,https://huggingface.co/datasets/clinc/clinc_oos,clinc_hr:545,,
q01905,Apache Kafka Confluence,"AI, from a real document",cwiki-421957212,https://cwiki.apache.org/confluence/spaces/KAFKA/pages/421957212/KIP-1331+Streams+Group+Topology+Description+Plugin,kafka_kips:cwiki-421957212,,
q01906,MASSIVE,person,14307,https://github.com/alexa/massive,massive_qa:14307,,
q01907,EnterpriseRAG-Bench,benchmark,qst_0233,https://huggingface.co/datasets/onyx-dot-app/EnterpriseRAG-Bench,enterprise_rag:qst_0233,,
q01908,Hard cases (generated),AI-generated,sr-g0423,data/v2/inputs/old_dataset.xlsx,old_generated:sr-g0423,kb,False
q01909,Hard cases (generated),AI-generated,sr-g0728,data/v2/inputs/old_dataset.xlsx,old_generated:sr-g0728,jira|kb,False
q01910,Apache Kafka Confluence,"AI, from a real document",cwiki-181308639,https://cwiki.apache.org/confluence/spaces/KAFKA/pages/181308639/KIP-746+Revise+KRaft+Metadata+Records,kafka_kips:cwiki-181308639,,
q01911,QMSum,person,train-4-4,https://github.com/Yale-LILY/QMSum,qmsum:train-4,,
q01912,QMSum,person,train-31-4,https://github.com/Yale-LILY/QMSum,qmsum:train-31,,
q01913,Hard cases (generated),AI-generated,sr-g0711,data/v2/inputs/old_dataset.xlsx,old_generated:sr-g0711,slack|notion,True
q01914,EnterpriseRAG-Bench,benchmark,qst_0146,https://huggingface.co/datasets/onyx-dot-app/EnterpriseRAG-Bench,enterprise_rag:qst_0146,,
q01915,Hard cases (generated),AI-generated,sr-g0762,data/v2/inputs/old_dataset.xlsx,old_generated:sr-g0762,slack|gmail,False
q01916,Ubuntu help chat,"AI, from a real document",ubuntu-irc-tes-1191,https://huggingface.co/datasets/jkkummerfeld/irc_disentangle,ubuntu_irc:ubuntu-irc-tes-1191,,
q01917,EnterpriseRAG-Bench,benchmark,qst_0045,https://huggingface.co/datasets/onyx-dot-app/EnterpriseRAG-Bench,enterprise_rag:qst_0045,,
q01918,Natural Questions,person,2626,https://huggingface.co/datasets/google-research-datasets/nq_open,nq_open:2626,,
q01919,Natural Questions,person,78,https://huggingface.co/datasets/google-research-datasets/nq_open,nq_open:78,,
q01920,QMSum,person,test-6-5,https://github.com/Yale-LILY/QMSum,qmsum:test-6,,
q01921,QMSum,person,train-126-2,https://github.com/Yale-LILY/QMSum,qmsum:train-126,,
q01922,MASSIVE,person,13255,https://github.com/alexa/massive,massive_qa:13255,,
q01923,EnterpriseRAG-Bench,benchmark,qst_0424,https://huggingface.co/datasets/onyx-dot-app/EnterpriseRAG-Bench,enterprise_rag:qst_0424,,
q01924,Apache Kafka Confluence,"AI, from a real document",cwiki-354454090,https://cwiki.apache.org/confluence/spaces/KAFKA/pages/354454090/KIP-1176+Tiered+Storage+for+Active+Log+Segment,kafka_kips:cwiki-354454090,,
q01925,WixQA,person,64,https://huggingface.co/datasets/Wix/WixQA,wixqa_simulated:64,,
q01926,EnterpriseRAG-Bench,benchmark,qst_0229,https://huggingface.co/datasets/onyx-dot-app/EnterpriseRAG-Bench,enterprise_rag:qst_0229,,
q01927,Apache Kafka Jira,"AI, from a real document",KAFKA-16996,https://issues.apache.org/jira/browse/KAFKA-16996,kafka_jira:KAFKA-16996,,
q01928,Apache Kafka Jira,"AI, from a real document",KAFKA-14704,https://issues.apache.org/jira/browse/KAFKA-14704,kafka_jira:KAFKA-14704,,
q01929,MASSIVE,person,13976,https://github.com/alexa/massive,massive_qa:13976,,
q01930,CLINC150,person,1037,https://huggingface.co/datasets/clinc/clinc_oos,clinc_public:1037,,
q01931,Natural Questions,person,2640,https://huggingface.co/datasets/google-research-datasets/nq_open,nq_open:2640,,
q01932,Hard cases (hand-written),hand-written,sr-h0252,data/v2/inputs/old_dataset.xlsx,old_human:sr-h0252,slack|jira,False
q01933,MASSIVE,person,16276,https://github.com/alexa/massive,massive_email:16276,,
q01934,QMSum,person,train-59-3,https://github.com/Yale-LILY/QMSum,qmsum:train-59,,
q01935,Hard cases (generated),AI-generated,sr-g0840,data/v2/inputs/old_dataset.xlsx,old_generated:sr-g0840,slack|notion,True
q01936,Hard cases (generated),AI-generated,sr-g0791,data/v2/inputs/old_dataset.xlsx,old_generated:sr-g0791,slack|notion|gmail,False
q01937,CLINC150,person,2953,https://huggingface.co/datasets/clinc/clinc_oos,clinc_smalltalk:2953,,
q01938,CLINC150,person,591,https://huggingface.co/datasets/clinc/clinc_oos,clinc_hr:591,,
q01939,Ubuntu help chat,"AI, from a real document",ubuntu-irc-tes-7072,https://huggingface.co/datasets/jkkummerfeld/irc_disentangle,ubuntu_irc:ubuntu-irc-tes-7072,,
q01940,CLINC150,person,18653,https://huggingface.co/datasets/clinc/clinc_oos,clinc_public:18653,,
q01941,EnterpriseRAG-Bench,benchmark,qst_0388,https://huggingface.co/datasets/onyx-dot-app/EnterpriseRAG-Bench,enterprise_rag:qst_0388,,
q01942,MASSIVE,person,14260,https://github.com/alexa/massive,massive_qa:14260,,
q01943,QMSum,person,train-37-4,https://github.com/Yale-LILY/QMSum,qmsum:train-37,,
q01944,QMSum,person,train-44-2,https://github.com/Yale-LILY/QMSum,qmsum:train-44,,
q01945,Natural Questions,person,3394,https://huggingface.co/datasets/google-research-datasets/nq_open,nq_open:3394,,
q01946,QMSum,person,train-71-1,https://github.com/Yale-LILY/QMSum,qmsum:train-71,,
q01947,WixQA,person,52,https://huggingface.co/datasets/Wix/WixQA,wixqa_simulated:52,,
q01948,QMSum,person,val-32-3,https://github.com/Yale-LILY/QMSum,qmsum:val-32,,
q01949,Hard cases (generated),AI-generated,sr-g0707,data/v2/inputs/old_dataset.xlsx,old_generated:sr-g0707,slack|notion,True
q01950,Apache Kafka Confluence,"AI, from a real document",cwiki-73637052,https://cwiki.apache.org/confluence/spaces/KAFKA/pages/73637052/KIP-196+Add+metrics+to+Kafka+Connect+framework,kafka_kips:cwiki-73637052,,
q01951,Natural Questions,person,3008,https://huggingface.co/datasets/google-research-datasets/nq_open,nq_open:3008,,
q01952,Apache Kafka Jira,"AI, from a real document",KAFKA-18960,https://issues.apache.org/jira/browse/KAFKA-18960,kafka_jira:KAFKA-18960,,
q01953,EnterpriseRAG-Bench,benchmark,qst_0143,https://huggingface.co/datasets/onyx-dot-app/EnterpriseRAG-Bench,enterprise_rag:qst_0143,,
q01954,Apache Kafka Confluence,"AI, from a real document",cwiki-75976364,https://cwiki.apache.org/confluence/spaces/KAFKA/pages/75976364/KIP-271+Add+NetworkClient+redirector,kafka_kips:cwiki-75976364,,
q01955,EnterpriseRAG-Bench,benchmark,qst_0447,https://huggingface.co/datasets/onyx-dot-app/EnterpriseRAG-Bench,enterprise_rag:qst_0447,,
q01956,CLINC150,person,18050,https://huggingface.co/datasets/clinc/clinc_oos,clinc_smalltalk:18050,,
q01957,EnterpriseRAG-Bench,benchmark,qst_0308,https://huggingface.co/datasets/onyx-dot-app/EnterpriseRAG-Bench,enterprise_rag:qst_0308,,
q01958,ConcurrentQA,person,PAIRIDX:4212,https://huggingface.co/datasets/stanfordnlp/concurrentqa,concurrentqa_wiki:PAIRIDX:4212,,
q01959,QMSum,person,test-27-7,https://github.com/Yale-LILY/QMSum,qmsum:test-27,,
q01960,Apache Kafka Jira,"AI, from a real document",KAFKA-12780,https://issues.apache.org/jira/browse/KAFKA-12780,kafka_jira:KAFKA-12780,,
q01961,Hard cases (generated),AI-generated,sr-g0799,data/v2/inputs/old_dataset.xlsx,old_generated:sr-g0799,slack|jira|kb,False
q01962,Hard cases (generated),AI-generated,sr-g0841,data/v2/inputs/old_dataset.xlsx,old_generated:sr-g0841,jira|notion,True
q01963,Apache Kafka Jira,"AI, from a real document",KAFKA-14759,https://issues.apache.org/jira/browse/KAFKA-14759,kafka_jira:KAFKA-14759,,
q01964,Apache Kafka Confluence,"AI, from a real document",cwiki-296290886,https://cwiki.apache.org/confluence/spaces/KAFKA/pages/296290886/KIP-1031+Control+offset+translation+in+MirrorSourceConnector,kafka_kips:cwiki-296290886,,
q01965,WixQA,person,133,https://huggingface.co/datasets/Wix/WixQA,wixqa_expert:133,,
q01966,QMSum,person,train-24-3,https://github.com/Yale-LILY/QMSum,qmsum:train-24,,
q01967,Natural Questions,person,789,https://huggingface.co/datasets/google-research-datasets/nq_open,nq_open:789,,
q01968,EnterpriseRAG-Bench,benchmark,qst_0086,https://huggingface.co/datasets/onyx-dot-app/EnterpriseRAG-Bench,enterprise_rag:qst_0086,,
q01969,EnterpriseRAG-Bench,benchmark,qst_0112,https://huggingface.co/datasets/onyx-dot-app/EnterpriseRAG-Bench,enterprise_rag:qst_0112,,
q01970,Hard cases (generated),AI-generated,sr-g0797,data/v2/inputs/old_dataset.xlsx,old_generated:sr-g0797,slack|jira|kb,False
q01971,Apache Kafka Jira,"AI, from a real document",KAFKA-17918,https://issues.apache.org/jira/browse/KAFKA-17918,kafka_jira:KAFKA-17918,,
q01972,Natural Questions,person,232,https://huggingface.co/datasets/google-research-datasets/nq_open,nq_open:232,,
q01973,CLINC150,person,1262,https://huggingface.co/datasets/clinc/clinc_oos,clinc_hr:1262,,
q01974,Hard cases (generated),AI-generated,sr-g0875,data/v2/inputs/old_dataset.xlsx,old_generated:sr-g0875,jira,False
q01975,EnterpriseRAG-Bench,benchmark,qst_0406,https://huggingface.co/datasets/onyx-dot-app/EnterpriseRAG-Bench,enterprise_rag:qst_0406,,
q01976,Hard cases (generated),AI-generated,sr-g0470,data/v2/inputs/old_dataset.xlsx,old_generated:sr-g0470,jira,False
q01977,MASSIVE,person,17056,https://github.com/alexa/massive,massive_email:17056,,
q01978,Ubuntu help chat,"AI, from a real document",ubuntu-irc-val-6177,https://huggingface.co/datasets/jkkummerfeld/irc_disentangle,ubuntu_irc:ubuntu-irc-val-6177,,
q01979,WixQA,person,10,https://huggingface.co/datasets/Wix/WixQA,wixqa_expert:10,,
q01980,Apache Kafka Confluence,"AI, from a real document",cwiki-211883237,https://cwiki.apache.org/confluence/spaces/KAFKA/pages/211883237/KIP-836+Expose+replication+information+of+the+cluster+metadata,kafka_kips:cwiki-211883237,,
q01981,WixQA,person,44,https://huggingface.co/datasets/Wix/WixQA,wixqa_simulated:44,,
q01982,Hard cases (generated),AI-generated,sr-g0469,data/v2/inputs/old_dataset.xlsx,old_generated:sr-g0469,jira,False
q01983,MASSIVE,person,13196,https://github.com/alexa/massive,massive_qa:13196,,
q01984,MASSIVE,person,16597,https://github.com/alexa/massive,massive_email:16597,,
q01985,Apache Kafka Confluence,"AI, from a real document",cwiki-327977799,https://cwiki.apache.org/confluence/spaces/KAFKA/pages/327977799/KIP-1103+Additional+metrics+for+cooperative+consumption,kafka_kips:cwiki-327977799,,
q01986,Apache Kafka Confluence,"AI, from a real document",cwiki-89066476,https://cwiki.apache.org/confluence/spaces/KAFKA/pages/89066476/KIP-353+Improve+Kafka+Streams+Timestamp+Synchronization,kafka_kips:cwiki-89066476,,
q01987,Hard cases (generated),AI-generated,sr-g0416,data/v2/inputs/old_dataset.xlsx,old_generated:sr-g0416,gmail,False
q01988,Apache Kafka Jira,"AI, from a real document",KAFKA-12777,https://issues.apache.org/jira/browse/KAFKA-12777,kafka_jira:KAFKA-12777,,
q01989,Natural Questions,person,2675,https://huggingface.co/datasets/google-research-datasets/nq_open,nq_open:2675,,
q01990,Ubuntu help chat,"AI, from a real document",ubuntu-irc-val-8532,https://huggingface.co/datasets/jkkummerfeld/irc_disentangle,ubuntu_irc:ubuntu-irc-val-8532,,
q01991,Hard cases (generated),AI-generated,sr-g0378,data/v2/inputs/old_dataset.xlsx,old_generated:sr-g0378,jira,False
q01992,ConcurrentQA,person,PAIRIDX:25842,https://huggingface.co/datasets/stanfordnlp/concurrentqa,concurrentqa_wiki:PAIRIDX:25842,,
q01993,Hard cases (generated),AI-generated,sr-g0860,data/v2/inputs/old_dataset.xlsx,old_generated:sr-g0860,notion,False
q01994,Hard cases (generated),AI-generated,sr-g0541,data/v2/inputs/old_dataset.xlsx,old_generated:sr-g0541,jira,False
q01995,Ubuntu help chat,"AI, from a real document",ubuntu-irc-tes-14992,https://huggingface.co/datasets/jkkummerfeld/irc_disentangle,ubuntu_irc:ubuntu-irc-tes-14992,,
q01996,Apache Kafka Jira,"AI, from a real document",KAFKA-21206,https://issues.apache.org/jira/browse/KAFKA-21206,kafka_jira:KAFKA-21206,,
q01997,Apache Kafka Jira,"AI, from a real document",KAFKA-14037,https://issues.apache.org/jira/browse/KAFKA-14037,kafka_jira:KAFKA-14037,,
q01998,WixQA,person,159,https://huggingface.co/datasets/Wix/WixQA,wixqa_simulated:159,,
q01999,MASSIVE,person,16901,https://github.com/alexa/massive,massive_email:16901,,
q02000,Ubuntu help chat,"AI, from a real document",ubuntu-irc-tes-13007,https://huggingface.co/datasets/jkkummerfeld/irc_disentangle,ubuntu_irc:ubuntu-irc-tes-13007,,
q02001,MASSIVE,person,13561,https://github.com/alexa/massive,massive_qa:13561,,
q02002,EnterpriseRAG-Bench,benchmark,qst_0449,https://huggingface.co/datasets/onyx-dot-app/EnterpriseRAG-Bench,enterprise_rag:qst_0449,,
q02003,MASSIVE,person,12976,https://github.com/alexa/massive,massive_qa:12976,,
q02004,Hard cases (generated),AI-generated,sr-g0546,data/v2/inputs/old_dataset.xlsx,old_generated:sr-g0546,jira,False
q02005,Ubuntu help chat,"AI, from a real document",ubuntu-irc-val-7421,https://huggingface.co/datasets/jkkummerfeld/irc_disentangle,ubuntu_irc:ubuntu-irc-val-7421,,
q02006,Hard cases (generated),AI-generated,sr-g0566,data/v2/inputs/old_dataset.xlsx,old_generated:sr-g0566,gmail,False
q02007,CLINC150,person,532,https://huggingface.co/datasets/clinc/clinc_oos,clinc_hr:532,,
q02008,Natural Questions,person,1094,https://huggingface.co/datasets/google-research-datasets/nq_open,nq_open:1094,,
q02009,QMSum,person,test-4-0,https://github.com/Yale-LILY/QMSum,qmsum:test-4,,
q02010,Apache Kafka Confluence,"AI, from a real document",cwiki-406623007,https://cwiki.apache.org/confluence/spaces/KAFKA/pages/406623007/KIP-1297+Role-Aware+Metric+Tags+for+NodeToControllerChannelManagerImpl,kafka_kips:cwiki-406623007,,
q02011,Natural Questions,person,1097,https://huggingface.co/datasets/google-research-datasets/nq_open,nq_open:1097,,
q02012,EnterpriseRAG-Bench,benchmark,qst_0232,https://huggingface.co/datasets/onyx-dot-app/EnterpriseRAG-Bench,enterprise_rag:qst_0232,,
q02013,Ubuntu help chat,"AI, from a real document",ubuntu-irc-val-7372,https://huggingface.co/datasets/jkkummerfeld/irc_disentangle,ubuntu_irc:ubuntu-irc-val-7372,,
q02014,Hard cases (generated),AI-generated,sr-g0735,data/v2/inputs/old_dataset.xlsx,old_generated:sr-g0735,gmail|kb,False
q02015,Hard cases (generated),AI-generated,sr-g0455,data/v2/inputs/old_dataset.xlsx,old_generated:sr-g0455,slack,False
q02016,EnterpriseRAG-Bench,benchmark,qst_0392,https://huggingface.co/datasets/onyx-dot-app/EnterpriseRAG-Bench,enterprise_rag:qst_0392,,
q02017,WixQA,person,83,https://huggingface.co/datasets/Wix/WixQA,wixqa_expert:83,,
q02018,WixQA,person,53,https://huggingface.co/datasets/Wix/WixQA,wixqa_simulated:53,,
q02019,CLINC150,person,13319,https://huggingface.co/datasets/clinc/clinc_oos,clinc_smalltalk:13319,,
q02020,Hard cases (generated),AI-generated,sr-g0770,data/v2/inputs/old_dataset.xlsx,old_generated:sr-g0770,gmail|kb,False
q02021,Hard cases (generated),AI-generated,sr-g0581,data/v2/inputs/old_dataset.xlsx,old_generated:sr-g0581,kb,False
q02022,Apache Kafka Confluence,"AI, from a real document",cwiki-404161118,https://cwiki.apache.org/confluence/spaces/KAFKA/pages/404161118/KIP-1259+Add+configuration+to+wipe+Kafka+Streams+local+state+on+startup,kafka_kips:cwiki-404161118,,
q02023,EnterpriseRAG-Bench,benchmark,qst_0431,https://huggingface.co/datasets/onyx-dot-app/EnterpriseRAG-Bench,enterprise_rag:qst_0431,,
q02024,Hard cases (generated),AI-generated,sr-g0573,data/v2/inputs/old_dataset.xlsx,old_generated:sr-g0573,kb,False
q02025,WixQA,person,72,https://huggingface.co/datasets/Wix/WixQA,wixqa_simulated:72,,
q02026,Apache Kafka Jira,"AI, from a real document",KAFKA-20464,https://issues.apache.org/jira/browse/KAFKA-20464,kafka_jira:KAFKA-20464,,
q02027,Natural Questions,person,3372,https://huggingface.co/datasets/google-research-datasets/nq_open,nq_open:3372,,
q02028,Hard cases (generated),AI-generated,sr-g0415,data/v2/inputs/old_dataset.xlsx,old_generated:sr-g0415,gmail,False
q02029,Hard cases (hand-written),hand-written,sr-h0245,data/v2/inputs/old_dataset.xlsx,old_human:sr-h0245,slack|notion,False
q02030,MASSIVE,person,16157,https://github.com/alexa/massive,massive_email:16157,,
q02031,Hard cases (generated),AI-generated,sr-g0443,data/v2/inputs/old_dataset.xlsx,old_generated:sr-g0443,slack,False
q02032,QMSum,person,train-125-1,https://github.com/Yale-LILY/QMSum,qmsum:train-125,,
q02033,WixQA,person,198,https://huggingface.co/datasets/Wix/WixQA,wixqa_expert:198,,
q02034,Hard cases (generated),AI-generated,sr-g0535,data/v2/inputs/old_dataset.xlsx,old_generated:sr-g0535,slack,False
q02035,Hard cases (generated),AI-generated,sr-g0625,data/v2/inputs/old_dataset.xlsx,old_generated:sr-g0625,,False
q02036,QMSum,person,train-98-1,https://github.com/Yale-LILY/QMSum,qmsum:train-98,,
q02037,Natural Questions,person,2864,https://huggingface.co/datasets/google-research-datasets/nq_open,nq_open:2864,,
q02038,MASSIVE,person,16357,https://github.com/alexa/massive,massive_email:16357,,
q02039,QMSum,person,test-2-1,https://github.com/Yale-LILY/QMSum,qmsum:test-2,,
q02040,QMSum,person,train-32-1,https://github.com/Yale-LILY/QMSum,qmsum:train-32,,
q02041,EnterpriseRAG-Bench,benchmark,qst_0457,https://huggingface.co/datasets/onyx-dot-app/EnterpriseRAG-Bench,enterprise_rag:qst_0457,,
q02042,MASSIVE,person,16767,https://github.com/alexa/massive,massive_email:16767,,
q02043,EnterpriseRAG-Bench,benchmark,qst_0333,https://huggingface.co/datasets/onyx-dot-app/EnterpriseRAG-Bench,enterprise_rag:qst_0333,,
q02044,Hard cases (generated),AI-generated,sr-g0349,data/v2/inputs/old_dataset.xlsx,old_generated:sr-g0349,slack,False
q02045,Hard cases (generated),AI-generated,sr-g0722,data/v2/inputs/old_dataset.xlsx,old_generated:sr-g0722,slack|gmail,False
q02046,MASSIVE,person,15810,https://github.com/alexa/massive,massive_email:15810,,
q02047,EnterpriseRAG-Bench,benchmark,qst_0180,https://huggingface.co/datasets/onyx-dot-app/EnterpriseRAG-Bench,enterprise_rag:qst_0180,,
q02048,CLINC150,person,22509,https://huggingface.co/datasets/clinc/clinc_oos,clinc_smalltalk:22509,,
q02049,QMSum,person,val-22-2,https://github.com/Yale-LILY/QMSum,qmsum:val-22,,
q02050,Apache Kafka Jira,"AI, from a real document",KAFKA-15463,https://issues.apache.org/jira/browse/KAFKA-15463,kafka_jira:KAFKA-15463,,
q02051,Hard cases (hand-written),hand-written,sr-h0241,data/v2/inputs/old_dataset.xlsx,old_human:sr-h0241,kb,False
q02052,Hard cases (hand-written),hand-written,sr-h0238,data/v2/inputs/old_dataset.xlsx,old_human:sr-h0238,notion|kb,True
q02053,Natural Questions,person,1710,https://huggingface.co/datasets/google-research-datasets/nq_open,nq_open:1710,,
q02054,CLINC150,person,1983,https://huggingface.co/datasets/clinc/clinc_oos,clinc_smalltalk:1983,,
q02055,Hard cases (generated),AI-generated,sr-g0482,data/v2/inputs/old_dataset.xlsx,old_generated:sr-g0482,notion,True
q02056,EnterpriseRAG-Bench,benchmark,qst_0369,https://huggingface.co/datasets/onyx-dot-app/EnterpriseRAG-Bench,enterprise_rag:qst_0369,,
q02057,QMSum,person,val-29-4,https://github.com/Yale-LILY/QMSum,qmsum:val-29,,
q02058,WixQA,person,90,https://huggingface.co/datasets/Wix/WixQA,wixqa_simulated:90,,
q02059,Apache Kafka Jira,"AI, from a real document",KAFKA-18017,https://issues.apache.org/jira/browse/KAFKA-18017,kafka_jira:KAFKA-18017,,
q02060,Hard cases (generated),AI-generated,sr-g0775,data/v2/inputs/old_dataset.xlsx,old_generated:sr-g0775,slack|jira|notion,True
q02061,Ubuntu help chat,"AI, from a real document",ubuntu-irc-tes-7338,https://huggingface.co/datasets/jkkummerfeld/irc_disentangle,ubuntu_irc:ubuntu-irc-tes-7338,,
q02062,Ubuntu help chat,"AI, from a real document",ubuntu-irc-val-11226,https://huggingface.co/datasets/jkkummerfeld/irc_disentangle,ubuntu_irc:ubuntu-irc-val-11226,,
q02063,MASSIVE,person,16317,https://github.com/alexa/massive,massive_email:16317,,
q02064,Apache Kafka Confluence,"AI, from a real document",cwiki-396790312,https://cwiki.apache.org/confluence/spaces/KAFKA/pages/396790312/KIP-1236+Adjust+quorum-related+config+lower+bounds,kafka_kips:cwiki-396790312,,
q02065,Ubuntu help chat,"AI, from a real document",ubuntu-irc-val-685,https://huggingface.co/datasets/jkkummerfeld/irc_disentangle,ubuntu_irc:ubuntu-irc-val-685,,
q02066,MASSIVE,person,16385,https://github.com/alexa/massive,massive_email:16385,,
q02067,EnterpriseRAG-Bench,benchmark,qst_0273,https://huggingface.co/datasets/onyx-dot-app/EnterpriseRAG-Bench,enterprise_rag:qst_0273,,
q02068,Hard cases (generated),AI-generated,sr-g0370,data/v2/inputs/old_dataset.xlsx,old_generated:sr-g0370,jira,False
q02069,WixQA,person,3,https://huggingface.co/datasets/Wix/WixQA,wixqa_simulated:3,,
q02070,CLINC150,person,368,https://huggingface.co/datasets/clinc/clinc_oos,clinc_public:368,,
q02071,EnterpriseRAG-Bench,benchmark,qst_0256,https://huggingface.co/datasets/onyx-dot-app/EnterpriseRAG-Bench,enterprise_rag:qst_0256,,
q02072,QMSum,person,test-12-2,https://github.com/Yale-LILY/QMSum,qmsum:test-12,,
q02073,EnterpriseRAG-Bench,benchmark,qst_0085,https://huggingface.co/datasets/onyx-dot-app/EnterpriseRAG-Bench,enterprise_rag:qst_0085,,
q02074,Hard cases (generated),AI-generated,sr-g0670,data/v2/inputs/old_dataset.xlsx,old_generated:sr-g0670,notion,False
q02075,Hard cases (generated),AI-generated,sr-g0613,data/v2/inputs/old_dataset.xlsx,old_generated:sr-g0613,,False
q02076,CLINC150,person,2122,https://huggingface.co/datasets/clinc/clinc_oos,clinc_smalltalk:2122,,
q02077,EnterpriseRAG-Bench,benchmark,qst_0411,https://huggingface.co/datasets/onyx-dot-app/EnterpriseRAG-Bench,enterprise_rag:qst_0411,,
q02078,EnterpriseRAG-Bench,benchmark,qst_0300,https://huggingface.co/datasets/onyx-dot-app/EnterpriseRAG-Bench,enterprise_rag:qst_0300,,
q02079,QMSum,person,train-53-2,https://github.com/Yale-LILY/QMSum,qmsum:train-53,,
q02080,Apache Kafka Jira,"AI, from a real document",KAFKA-13416,https://issues.apache.org/jira/browse/KAFKA-13416,kafka_jira:KAFKA-13416,,
q02081,Hard cases (generated),AI-generated,sr-g0450,data/v2/inputs/old_dataset.xlsx,old_generated:sr-g0450,slack,False
q02082,QMSum,person,train-86-1,https://github.com/Yale-LILY/QMSum,qmsum:train-86,,
q02083,WixQA,person,25,https://huggingface.co/datasets/Wix/WixQA,wixqa_expert:25,,
q02084,Hard cases (generated),AI-generated,sr-g0742,data/v2/inputs/old_dataset.xlsx,old_generated:sr-g0742,notion|kb,False
q02085,CLINC150,person,13395,https://huggingface.co/datasets/clinc/clinc_oos,clinc_smalltalk:13395,,
q02086,CLINC150,person,15648,https://huggingface.co/datasets/clinc/clinc_oos,clinc_smalltalk:15648,,
q02087,QMSum,person,train-161-8,https://github.com/Yale-LILY/QMSum,qmsum:train-161,,
q02088,Hard cases (generated),AI-generated,sr-g0699,data/v2/inputs/old_dataset.xlsx,old_generated:sr-g0699,slack|jira,False
q02089,Hard cases (hand-written),hand-written,sr-h0258,data/v2/inputs/old_dataset.xlsx,old_human:sr-h0258,,False
q02090,ConcurrentQA,person,PAIRIDX:27833,https://huggingface.co/datasets/stanfordnlp/concurrentqa,concurrentqa_wiki:PAIRIDX:27833,,
q02091,Hard cases (generated),AI-generated,sr-g0594,data/v2/inputs/old_dataset.xlsx,old_generated:sr-g0594,,False
q02092,EnterpriseRAG-Bench,benchmark,qst_0342,https://huggingface.co/datasets/onyx-dot-app/EnterpriseRAG-Bench,enterprise_rag:qst_0342,,
q02093,Hard cases (generated),AI-generated,sr-g0593,data/v2/inputs/old_dataset.xlsx,old_generated:sr-g0593,,False
q02094,CLINC150,person,12009,https://huggingface.co/datasets/clinc/clinc_oos,clinc_smalltalk:12009,,
q02095,EnterpriseRAG-Bench,benchmark,qst_0055,https://huggingface.co/datasets/onyx-dot-app/EnterpriseRAG-Bench,enterprise_rag:qst_0055,,
q02096,QMSum,person,train-0-4,https://github.com/Yale-LILY/QMSum,qmsum:train-0,,
q02097,CLINC150,person,350,https://huggingface.co/datasets/clinc/clinc_oos,clinc_public:350,,
q02098,ConcurrentQA,person,PAIRIDX:26626,https://huggingface.co/datasets/stanfordnlp/concurrentqa,concurrentqa_wiki:PAIRIDX:26626,,
q02099,Natural Questions,person,136,https://huggingface.co/datasets/google-research-datasets/nq_open,nq_open:136,,
q02100,WixQA,person,157,https://huggingface.co/datasets/Wix/WixQA,wixqa_expert:157,,
q02101,Apache Kafka Jira,"AI, from a real document",KAFKA-18987,https://issues.apache.org/jira/browse/KAFKA-18987,kafka_jira:KAFKA-18987,,
q02102,Apache Kafka Jira,"AI, from a real document",KAFKA-19717,https://issues.apache.org/jira/browse/KAFKA-19717,kafka_jira:KAFKA-19717,,
q02103,Ubuntu help chat,"AI, from a real document",ubuntu-irc-val-4761,https://huggingface.co/datasets/jkkummerfeld/irc_disentangle,ubuntu_irc:ubuntu-irc-val-4761,,
q02104,MASSIVE,person,16594,https://github.com/alexa/massive,massive_email:16594,,
q02105,WixQA,person,120,https://huggingface.co/datasets/Wix/WixQA,wixqa_simulated:120,,
q02106,Apache Kafka Confluence,"AI, from a real document",cwiki-387648141,https://cwiki.apache.org/confluence/spaces/KAFKA/pages/387648141/KIP-1221+Add+application-id+tag+to+Kafka+Streams+state+metric,kafka_kips:cwiki-387648141,,
q02107,Ubuntu help chat,"AI, from a real document",ubuntu-irc-tes-5832,https://huggingface.co/datasets/jkkummerfeld/irc_disentangle,ubuntu_irc:ubuntu-irc-tes-5832,,
q02108,Apache Kafka Jira,"AI, from a real document",KAFKA-12769,https://issues.apache.org/jira/browse/KAFKA-12769,kafka_jira:KAFKA-12769,,
q02109,WixQA,person,108,https://huggingface.co/datasets/Wix/WixQA,wixqa_expert:108,,
q02110,EnterpriseRAG-Bench,benchmark,qst_0282,https://huggingface.co/datasets/onyx-dot-app/EnterpriseRAG-Bench,enterprise_rag:qst_0282,,
q02111,Hard cases (generated),AI-generated,sr-g0757,data/v2/inputs/old_dataset.xlsx,old_generated:sr-g0757,gmail|notion,False
q02112,EnterpriseRAG-Bench,benchmark,qst_0184,https://huggingface.co/datasets/onyx-dot-app/EnterpriseRAG-Bench,enterprise_rag:qst_0184,,
q02113,WixQA,person,109,https://huggingface.co/datasets/Wix/WixQA,wixqa_expert:109,,
q02114,MASSIVE,person,15091,https://github.com/alexa/massive,massive_qa:15091,,
q02115,CLINC150,person,2972,https://huggingface.co/datasets/clinc/clinc_oos,clinc_smalltalk:2972,,
q02116,CLINC150,person,18457,https://huggingface.co/datasets/clinc/clinc_oos,clinc_public:18457,,
q02117,Natural Questions,person,1525,https://huggingface.co/datasets/google-research-datasets/nq_open,nq_open:1525,,
q02118,Hard cases (generated),AI-generated,sr-g0438,data/v2/inputs/old_dataset.xlsx,old_generated:sr-g0438,slack,False
q02119,Apache Kafka Jira,"AI, from a real document",KAFKA-12706,https://issues.apache.org/jira/browse/KAFKA-12706,kafka_jira:KAFKA-12706,,
q02120,Apache Kafka Confluence,"AI, from a real document",cwiki-263424654,https://cwiki.apache.org/confluence/spaces/KAFKA/pages/263424654/KIP-950+Tiered+Storage+Disablement,kafka_kips:cwiki-263424654,,
q02121,MASSIVE,person,16986,https://github.com/alexa/massive,massive_email:16986,,
q02122,CLINC150,person,11873,https://huggingface.co/datasets/clinc/clinc_oos,clinc_smalltalk:11873,,
q02123,Ubuntu help chat,"AI, from a real document",ubuntu-irc-tes-13075,https://huggingface.co/datasets/jkkummerfeld/irc_disentangle,ubuntu_irc:ubuntu-irc-tes-13075,,
q02124,Ubuntu help chat,"AI, from a real document",ubuntu-irc-val-11166,https://huggingface.co/datasets/jkkummerfeld/irc_disentangle,ubuntu_irc:ubuntu-irc-val-11166,,
q02125,Hard cases (generated),AI-generated,sr-g0395,data/v2/inputs/old_dataset.xlsx,old_generated:sr-g0395,notion,True
q02126,Hard cases (generated),AI-generated,sr-g0580,data/v2/inputs/old_dataset.xlsx,old_generated:sr-g0580,kb,False
q02127,MASSIVE,person,17002,https://github.com/alexa/massive,massive_email:17002,,
q02128,Hard cases (generated),AI-generated,sr-g0703,data/v2/inputs/old_dataset.xlsx,old_generated:sr-g0703,notion|kb,True
q02129,EnterpriseRAG-Bench,benchmark,qst_0389,https://huggingface.co/datasets/onyx-dot-app/EnterpriseRAG-Bench,enterprise_rag:qst_0389,,
q02130,Ubuntu help chat,"AI, from a real document",ubuntu-irc-val-9857,https://huggingface.co/datasets/jkkummerfeld/irc_disentangle,ubuntu_irc:ubuntu-irc-val-9857,,
q02131,EnterpriseRAG-Bench,benchmark,qst_0241,https://huggingface.co/datasets/onyx-dot-app/EnterpriseRAG-Bench,enterprise_rag:qst_0241,,
q02132,EnterpriseRAG-Bench,benchmark,qst_0415,https://huggingface.co/datasets/onyx-dot-app/EnterpriseRAG-Bench,enterprise_rag:qst_0415,,
q02133,Hard cases (generated),AI-generated,sr-g0832,data/v2/inputs/old_dataset.xlsx,old_generated:sr-g0832,slack|jira,False
q02134,Hard cases (generated),AI-generated,sr-g0851,data/v2/inputs/old_dataset.xlsx,old_generated:sr-g0851,gmail|kb,False
q02135,CLINC150,person,361,https://huggingface.co/datasets/clinc/clinc_oos,clinc_public:361,,
q02136,Apache Kafka Confluence,"AI, from a real document",cwiki-421957499,https://cwiki.apache.org/confluence/spaces/KAFKA/pages/421957499/KIP-1332+Dynamic+memory+allocation+for+the+Kafka+producer,kafka_kips:cwiki-421957499,,
q02137,Apache Kafka Confluence,"AI, from a real document",cwiki-406621622,https://cwiki.apache.org/confluence/spaces/KAFKA/pages/406621622/KIP-1288+SSL+Hot+Reload+for+Kafka+Clients,kafka_kips:cwiki-406621622,,
q02138,WixQA,person,143,https://huggingface.co/datasets/Wix/WixQA,wixqa_expert:143,,
q02139,Ubuntu help chat,"AI, from a real document",ubuntu-irc-val-6235,https://huggingface.co/datasets/jkkummerfeld/irc_disentangle,ubuntu_irc:ubuntu-irc-val-6235,,
q02140,EnterpriseRAG-Bench,benchmark,qst_0340,https://huggingface.co/datasets/onyx-dot-app/EnterpriseRAG-Bench,enterprise_rag:qst_0340,,
q02141,EnterpriseRAG-Bench,benchmark,qst_0150,https://huggingface.co/datasets/onyx-dot-app/EnterpriseRAG-Bench,enterprise_rag:qst_0150,,
q02142,QMSum,person,val-20-1,https://github.com/Yale-LILY/QMSum,qmsum:val-20,,
q02143,WixQA,person,126,https://huggingface.co/datasets/Wix/WixQA,wixqa_simulated:126,,
q02144,MASSIVE,person,16855,https://github.com/alexa/massive,massive_email:16855,,
q02145,WixQA,person,15,https://huggingface.co/datasets/Wix/WixQA,wixqa_expert:15,,
q02146,Hard cases (generated),AI-generated,sr-g0779,data/v2/inputs/old_dataset.xlsx,old_generated:sr-g0779,slack|jira|notion,True
q02147,Apache Kafka Confluence,"AI, from a real document",cwiki-263430346,https://cwiki.apache.org/confluence/spaces/KAFKA/pages/263430346/KIP-988+Streams+Standby+Update+Listener,kafka_kips:cwiki-263430346,,
q02148,EnterpriseRAG-Bench,benchmark,qst_0191,https://huggingface.co/datasets/onyx-dot-app/EnterpriseRAG-Bench,enterprise_rag:qst_0191,,
q02149,Hard cases (generated),AI-generated,sr-g0725,data/v2/inputs/old_dataset.xlsx,old_generated:sr-g0725,slack|gmail,False
q02150,Hard cases (generated),AI-generated,sr-g0591,data/v2/inputs/old_dataset.xlsx,old_generated:sr-g0591,,False
q02151,Apache Kafka Confluence,"AI, from a real document",cwiki-57903177,https://cwiki.apache.org/confluence/spaces/KAFKA/pages/57903177/KIP-25+-+System+test+improvements,kafka_kips:cwiki-57903177,,
q02152,Hard cases (generated),AI-generated,sr-g0657,data/v2/inputs/old_dataset.xlsx,old_generated:sr-g0657,jira,False
q02153,QMSum,person,train-59-4,https://github.com/Yale-LILY/QMSum,qmsum:train-59,,
q02154,MASSIVE,person,16877,https://github.com/alexa/massive,massive_email:16877,,
q02155,WixQA,person,180,https://huggingface.co/datasets/Wix/WixQA,wixqa_simulated:180,,
q02156,Hard cases (generated),AI-generated,sr-g0676,data/v2/inputs/old_dataset.xlsx,old_generated:sr-g0676,gmail,False
q02157,Hard cases (generated),AI-generated,sr-g0421,data/v2/inputs/old_dataset.xlsx,old_generated:sr-g0421,gmail,False
q02158,Ubuntu help chat,"AI, from a real document",ubuntu-irc-val-4750,https://huggingface.co/datasets/jkkummerfeld/irc_disentangle,ubuntu_irc:ubuntu-irc-val-4750,,
q02159,Apache Kafka Confluence,"AI, from a real document",cwiki-373886335,https://cwiki.apache.org/confluence/spaces/KAFKA/pages/373886335/KIP-1202+Align+broker+and+controller+advertised.listeners+and+listeners+behaviour,kafka_kips:cwiki-373886335,,
q02160,EnterpriseRAG-Bench,benchmark,qst_0210,https://huggingface.co/datasets/onyx-dot-app/EnterpriseRAG-Bench,enterprise_rag:qst_0210,,
q02161,Hard cases (generated),AI-generated,sr-g0447,data/v2/inputs/old_dataset.xlsx,old_generated:sr-g0447,slack,False
q02162,Natural Questions,person,2554,https://huggingface.co/datasets/google-research-datasets/nq_open,nq_open:2554,,
q02163,Hard cases (hand-written),hand-written,sr-h0262,data/v2/inputs/old_dataset.xlsx,old_human:sr-h0262,jira,False
q02164,Natural Questions,person,1662,https://huggingface.co/datasets/google-research-datasets/nq_open,nq_open:1662,,
q02165,Natural Questions,person,1582,https://huggingface.co/datasets/google-research-datasets/nq_open,nq_open:1582,,
q02166,CLINC150,person,536,https://huggingface.co/datasets/clinc/clinc_oos,clinc_hr:536,,
q02167,Apache Kafka Confluence,"AI, from a real document",cwiki-321719077,https://cwiki.apache.org/confluence/spaces/KAFKA/pages/321719077/KIP-1092+Extend+Consumer+close+with+an+option+to+leave+the+group+or+not,kafka_kips:cwiki-321719077,,
q02168,CLINC150,person,9657,https://huggingface.co/datasets/clinc/clinc_oos,clinc_smalltalk:9657,,
q02169,Ubuntu help chat,"AI, from a real document",ubuntu-irc-tes-5537,https://huggingface.co/datasets/jkkummerfeld/irc_disentangle,ubuntu_irc:ubuntu-irc-tes-5537,,
q02170,EnterpriseRAG-Bench,benchmark,qst_0376,https://huggingface.co/datasets/onyx-dot-app/EnterpriseRAG-Bench,enterprise_rag:qst_0376,,
q02171,EnterpriseRAG-Bench,benchmark,qst_0178,https://huggingface.co/datasets/onyx-dot-app/EnterpriseRAG-Bench,enterprise_rag:qst_0178,,
q02172,EnterpriseRAG-Bench,benchmark,qst_0058,https://huggingface.co/datasets/onyx-dot-app/EnterpriseRAG-Bench,enterprise_rag:qst_0058,,
q02173,MASSIVE,person,16338,https://github.com/alexa/massive,massive_email:16338,,
q02174,QMSum,person,train-91-2,https://github.com/Yale-LILY/QMSum,qmsum:train-91,,
q02175,CLINC150,person,1093,https://huggingface.co/datasets/clinc/clinc_oos,clinc_public:1093,,
q02176,EnterpriseRAG-Bench,benchmark,qst_0438,https://huggingface.co/datasets/onyx-dot-app/EnterpriseRAG-Bench,enterprise_rag:qst_0438,,
q02177,CLINC150,person,6547,https://huggingface.co/datasets/clinc/clinc_oos,clinc_smalltalk:6547,,
q02178,Apache Kafka Confluence,"AI, from a real document",cwiki-199531947,https://cwiki.apache.org/confluence/spaces/KAFKA/pages/199531947/KIP-813+Shareable+State+Stores,kafka_kips:cwiki-199531947,,
q02179,QMSum,person,val-1-0,https://github.com/Yale-LILY/QMSum,qmsum:val-1,,
q02180,Hard cases (generated),AI-generated,sr-g0754,data/v2/inputs/old_dataset.xlsx,old_generated:sr-g0754,jira|notion,False
q02181,WixQA,person,199,https://huggingface.co/datasets/Wix/WixQA,wixqa_expert:199,,
q02182,Apache Kafka Confluence,"AI, from a real document",cwiki-406623744,https://cwiki.apache.org/confluence/spaces/KAFKA/pages/406623744/KIP-1307+SerDe+and+Interceptor+Metrics,kafka_kips:cwiki-406623744,,
q02183,MASSIVE,person,16505,https://github.com/alexa/massive,massive_email:16505,,
q02184,WixQA,person,117,https://huggingface.co/datasets/Wix/WixQA,wixqa_simulated:117,,
q02185,Hard cases (generated),AI-generated,sr-g0406,data/v2/inputs/old_dataset.xlsx,old_generated:sr-g0406,gmail,False
q02186,CLINC150,person,1082,https://huggingface.co/datasets/clinc/clinc_oos,clinc_public:1082,,
q02187,CLINC150,person,2899,https://huggingface.co/datasets/clinc/clinc_oos,clinc_hr:2899,,
q02188,EnterpriseRAG-Bench,benchmark,qst_0073,https://huggingface.co/datasets/onyx-dot-app/EnterpriseRAG-Bench,enterprise_rag:qst_0073,,
q02189,Natural Questions,person,2223,https://huggingface.co/datasets/google-research-datasets/nq_open,nq_open:2223,,
q02190,Hard cases (generated),AI-generated,sr-g0523,data/v2/inputs/old_dataset.xlsx,old_generated:sr-g0523,kb,False
q02191,Ubuntu help chat,"AI, from a real document",ubuntu-irc-tes-13194,https://huggingface.co/datasets/jkkummerfeld/irc_disentangle,ubuntu_irc:ubuntu-irc-tes-13194,,
q02192,WixQA,person,57,https://huggingface.co/datasets/Wix/WixQA,wixqa_expert:57,,
q02193,CLINC150,person,14088,https://huggingface.co/datasets/clinc/clinc_oos,clinc_smalltalk:14088,,
q02194,QMSum,person,train-1-5,https://github.com/Yale-LILY/QMSum,qmsum:train-1,,
q02195,MASSIVE,person,16352,https://github.com/alexa/massive,massive_email:16352,,
q02196,Apache Kafka Confluence,"AI, from a real document",cwiki-148641955,https://cwiki.apache.org/confluence/spaces/KAFKA/pages/148641955/KIP-580+Exponential+Backoff+for+Kafka+Clients,kafka_kips:cwiki-148641955,,
q02197,WixQA,person,11,https://huggingface.co/datasets/Wix/WixQA,wixqa_expert:11,,
q02198,Apache Kafka Confluence,"AI, from a real document",cwiki-440304999,https://cwiki.apache.org/confluence/spaces/KAFKA/pages/440304999/KIP-1369+API-Contract+Annotations+for+Nullity+Thread+Safety,kafka_kips:cwiki-440304999,,
q02199,WixQA,person,175,https://huggingface.co/datasets/Wix/WixQA,wixqa_expert:175,,
q02200,Hard cases (generated),AI-generated,sr-g0552,data/v2/inputs/old_dataset.xlsx,old_generated:sr-g0552,notion,True
q02201,Apache Kafka Confluence,"AI, from a real document",cwiki-231118899,https://cwiki.apache.org/confluence/spaces/KAFKA/pages/231118899/KIP-885+Expose+Broker+s+Name+and+Version+to+Clients,kafka_kips:cwiki-231118899,,
q02202,Ubuntu help chat,"AI, from a real document",ubuntu-irc-tes-7403,https://huggingface.co/datasets/jkkummerfeld/irc_disentangle,ubuntu_irc:ubuntu-irc-tes-7403,,
q02203,Hard cases (generated),AI-generated,sr-g0897,data/v2/inputs/old_dataset.xlsx,old_generated:sr-g0897,gmail|kb,False
q02204,Hard cases (generated),AI-generated,sr-g0583,data/v2/inputs/old_dataset.xlsx,old_generated:sr-g0583,kb,False
q02205,Hard cases (generated),AI-generated,sr-g0805,data/v2/inputs/old_dataset.xlsx,old_generated:sr-g0805,slack|notion,False
q02206,Ubuntu help chat,"AI, from a real document",ubuntu-irc-val-8712,https://huggingface.co/datasets/jkkummerfeld/irc_disentangle,ubuntu_irc:ubuntu-irc-val-8712,,
q02207,CLINC150,person,1098,https://huggingface.co/datasets/clinc/clinc_oos,clinc_public:1098,,
q02208,Hard cases (generated),AI-generated,sr-g0525,data/v2/inputs/old_dataset.xlsx,old_generated:sr-g0525,kb,False
q02209,EnterpriseRAG-Bench,benchmark,qst_0417,https://huggingface.co/datasets/onyx-dot-app/EnterpriseRAG-Bench,enterprise_rag:qst_0417,,
q02210,CLINC150,person,11823,https://huggingface.co/datasets/clinc/clinc_oos,clinc_smalltalk:11823,,
q02211,CLINC150,person,22558,https://huggingface.co/datasets/clinc/clinc_oos,clinc_smalltalk:22558,,
q02212,MASSIVE,person,16227,https://github.com/alexa/massive,massive_email:16227,,
q02213,Natural Questions,person,2952,https://huggingface.co/datasets/google-research-datasets/nq_open,nq_open:2952,,
q02214,Ubuntu help chat,"AI, from a real document",ubuntu-irc-tes-10171,https://huggingface.co/datasets/jkkummerfeld/irc_disentangle,ubuntu_irc:ubuntu-irc-tes-10171,,
q02215,Hard cases (generated),AI-generated,sr-g0753,data/v2/inputs/old_dataset.xlsx,old_generated:sr-g0753,jira|notion,False
q02216,CLINC150,person,22565,https://huggingface.co/datasets/clinc/clinc_oos,clinc_smalltalk:22565,,
q02217,EnterpriseRAG-Bench,benchmark,qst_0087,https://huggingface.co/datasets/onyx-dot-app/EnterpriseRAG-Bench,enterprise_rag:qst_0087,,
q02218,Natural Questions,person,976,https://huggingface.co/datasets/google-research-datasets/nq_open,nq_open:976,,
q02219,Ubuntu help chat,"AI, from a real document",ubuntu-irc-val-11184,https://huggingface.co/datasets/jkkummerfeld/irc_disentangle,ubuntu_irc:ubuntu-irc-val-11184,,
q02220,Hard cases (hand-written),hand-written,sr-h0218,data/v2/inputs/old_dataset.xlsx,old_human:sr-h0218,,True
q02221,MASSIVE,person,15968,https://github.com/alexa/massive,massive_email:15968,,
q02222,Ubuntu help chat,"AI, from a real document",ubuntu-irc-val-11015,https://huggingface.co/datasets/jkkummerfeld/irc_disentangle,ubuntu_irc:ubuntu-irc-val-11015,,
q02223,Natural Questions,person,787,https://huggingface.co/datasets/google-research-datasets/nq_open,nq_open:787,,
q02224,Hard cases (generated),AI-generated,sr-g0808,data/v2/inputs/old_dataset.xlsx,old_generated:sr-g0808,slack|notion,False
q02225,EnterpriseRAG-Bench,benchmark,qst_0089,https://huggingface.co/datasets/onyx-dot-app/EnterpriseRAG-Bench,enterprise_rag:qst_0089,,
q02226,WixQA,person,54,https://huggingface.co/datasets/Wix/WixQA,wixqa_expert:54,,
q02227,EnterpriseRAG-Bench,benchmark,qst_0351,https://huggingface.co/datasets/onyx-dot-app/EnterpriseRAG-Bench,enterprise_rag:qst_0351,,
q02228,ConcurrentQA,person,PAIRIDX:84476,https://huggingface.co/datasets/stanfordnlp/concurrentqa,concurrentqa_wiki:PAIRIDX:84476,,
q02229,Hard cases (generated),AI-generated,sr-g0639,data/v2/inputs/old_dataset.xlsx,old_generated:sr-g0639,,False
q02230,EnterpriseRAG-Bench,benchmark,qst_0084,https://huggingface.co/datasets/onyx-dot-app/EnterpriseRAG-Bench,enterprise_rag:qst_0084,,
q02231,Hard cases (generated),AI-generated,sr-g0701,data/v2/inputs/old_dataset.xlsx,old_generated:sr-g0701,slack|jira,False
q02232,EnterpriseRAG-Bench,benchmark,qst_0046,https://huggingface.co/datasets/onyx-dot-app/EnterpriseRAG-Bench,enterprise_rag:qst_0046,,
q02233,CLINC150,person,2992,https://huggingface.co/datasets/clinc/clinc_oos,clinc_smalltalk:2992,,
q02234,QMSum,person,train-127-1,https://github.com/Yale-LILY/QMSum,qmsum:train-127,,
q02235,Hard cases (generated),AI-generated,sr-g0484,data/v2/inputs/old_dataset.xlsx,old_generated:sr-g0484,notion,True
q02236,MASSIVE,person,14308,https://github.com/alexa/massive,massive_qa:14308,,
q02237,MASSIVE,person,15971,https://github.com/alexa/massive,massive_email:15971,,
q02238,CLINC150,person,21910,https://huggingface.co/datasets/clinc/clinc_oos,clinc_smalltalk:21910,,
q02239,Natural Questions,person,2582,https://huggingface.co/datasets/google-research-datasets/nq_open,nq_open:2582,,
q02240,Hard cases (generated),AI-generated,sr-g0392,data/v2/inputs/old_dataset.xlsx,old_generated:sr-g0392,notion,True
q02241,Hard cases (generated),AI-generated,sr-g0575,data/v2/inputs/old_dataset.xlsx,old_generated:sr-g0575,kb,False
q02242,Hard cases (generated),AI-generated,sr-g0358,data/v2/inputs/old_dataset.xlsx,old_generated:sr-g0358,slack,False
q02243,EnterpriseRAG-Bench,benchmark,qst_0425,https://huggingface.co/datasets/onyx-dot-app/EnterpriseRAG-Bench,enterprise_rag:qst_0425,,
q02244,Hard cases (hand-written),hand-written,sr-h0219,data/v2/inputs/old_dataset.xlsx,old_human:sr-h0219,slack,False
q02245,EnterpriseRAG-Bench,benchmark,qst_0181,https://huggingface.co/datasets/onyx-dot-app/EnterpriseRAG-Bench,enterprise_rag:qst_0181,,
q02246,Apache Kafka Jira,"AI, from a real document",KAFKA-17866,https://issues.apache.org/jira/browse/KAFKA-17866,kafka_jira:KAFKA-17866,,
q02247,Ubuntu help chat,"AI, from a real document",ubuntu-irc-tes-1264,https://huggingface.co/datasets/jkkummerfeld/irc_disentangle,ubuntu_irc:ubuntu-irc-tes-1264,,
q02248,QMSum,person,train-48-1,https://github.com/Yale-LILY/QMSum,qmsum:train-48,,
q02249,EnterpriseRAG-Bench,benchmark,qst_0422,https://huggingface.co/datasets/onyx-dot-app/EnterpriseRAG-Bench,enterprise_rag:qst_0422,,
q02250,QMSum,person,train-159-2,https://github.com/Yale-LILY/QMSum,qmsum:train-159,,
q02251,Hard cases (generated),AI-generated,sr-g0363,data/v2/inputs/old_dataset.xlsx,old_generated:sr-g0363,slack,False
q02252,WixQA,person,117,https://huggingface.co/datasets/Wix/WixQA,wixqa_expert:117,,
q02253,Ubuntu help chat,"AI, from a real document",ubuntu-irc-tes-10209,https://huggingface.co/datasets/jkkummerfeld/irc_disentangle,ubuntu_irc:ubuntu-irc-tes-10209,,
q02254,EnterpriseRAG-Bench,benchmark,qst_0064,https://huggingface.co/datasets/onyx-dot-app/EnterpriseRAG-Bench,enterprise_rag:qst_0064,,
q02255,Apache Kafka Jira,"AI, from a real document",KAFKA-17916,https://issues.apache.org/jira/browse/KAFKA-17916,kafka_jira:KAFKA-17916,,
q02256,Hard cases (generated),AI-generated,sr-g0522,data/v2/inputs/old_dataset.xlsx,old_generated:sr-g0522,kb,False
q02257,Apache Kafka Jira,"AI, from a real document",KAFKA-12765,https://issues.apache.org/jira/browse/KAFKA-12765,kafka_jira:KAFKA-12765,,
q02258,WixQA,person,189,https://huggingface.co/datasets/Wix/WixQA,wixqa_expert:189,,
q02259,MASSIVE,person,14857,https://github.com/alexa/massive,massive_qa:14857,,
q02260,Hard cases (generated),AI-generated,sr-g0376,data/v2/inputs/old_dataset.xlsx,old_generated:sr-g0376,jira,False
q02261,CLINC150,person,13893,https://huggingface.co/datasets/clinc/clinc_oos,clinc_smalltalk:13893,,
q02262,CLINC150,person,12055,https://huggingface.co/datasets/clinc/clinc_oos,clinc_smalltalk:12055,,
q02263,QMSum,person,train-150-2,https://github.com/Yale-LILY/QMSum,qmsum:train-150,,
q02264,Apache Kafka Jira,"AI, from a real document",KAFKA-18982,https://issues.apache.org/jira/browse/KAFKA-18982,kafka_jira:KAFKA-18982,,
q02265,MASSIVE,person,12955,https://github.com/alexa/massive,massive_qa:12955,,
q02266,MASSIVE,person,16137,https://github.com/alexa/massive,massive_email:16137,,
q02267,Hard cases (generated),AI-generated,sr-g0498,data/v2/inputs/old_dataset.xlsx,old_generated:sr-g0498,gmail,False
q02268,CLINC150,person,18020,https://huggingface.co/datasets/clinc/clinc_oos,clinc_smalltalk:18020,,
q02269,Apache Kafka Confluence,"AI, from a real document",cwiki-148647470,https://cwiki.apache.org/confluence/spaces/KAFKA/pages/148647470/KIP-595+A+Raft+Protocol+for+the+Metadata+Quorum,kafka_kips:cwiki-148647470,,
q02270,Ubuntu help chat,"AI, from a real document",ubuntu-irc-tes-1356,https://huggingface.co/datasets/jkkummerfeld/irc_disentangle,ubuntu_irc:ubuntu-irc-tes-1356,,
q02271,QMSum,person,test-21-4,https://github.com/Yale-LILY/QMSum,qmsum:test-21,,
q02272,Hard cases (generated),AI-generated,sr-g0619,data/v2/inputs/old_dataset.xlsx,old_generated:sr-g0619,,False
q02273,Hard cases (generated),AI-generated,sr-g0819,data/v2/inputs/old_dataset.xlsx,old_generated:sr-g0819,slack|jira,False
q02274,WixQA,person,169,https://huggingface.co/datasets/Wix/WixQA,wixqa_simulated:169,,
q02275,QMSum,person,train-139-1,https://github.com/Yale-LILY/QMSum,qmsum:train-139,,
q02276,WixQA,person,57,https://huggingface.co/datasets/Wix/WixQA,wixqa_simulated:57,,
q02277,Natural Questions,person,2199,https://huggingface.co/datasets/google-research-datasets/nq_open,nq_open:2199,,
q02278,Ubuntu help chat,"AI, from a real document",ubuntu-irc-tes-14600,https://huggingface.co/datasets/jkkummerfeld/irc_disentangle,ubuntu_irc:ubuntu-irc-tes-14600,,
q02279,EnterpriseRAG-Bench,benchmark,qst_0126,https://huggingface.co/datasets/onyx-dot-app/EnterpriseRAG-Bench,enterprise_rag:qst_0126,,
q02280,Apache Kafka Jira,"AI, from a real document",KAFKA-12795,https://issues.apache.org/jira/browse/KAFKA-12795,kafka_jira:KAFKA-12795,,
q02281,EnterpriseRAG-Bench,benchmark,qst_0366,https://huggingface.co/datasets/onyx-dot-app/EnterpriseRAG-Bench,enterprise_rag:qst_0366,,
q02282,Natural Questions,person,1510,https://huggingface.co/datasets/google-research-datasets/nq_open,nq_open:1510,,
q02283,CLINC150,person,1902,https://huggingface.co/datasets/clinc/clinc_oos,clinc_smalltalk:1902,,
q02284,Ubuntu help chat,"AI, from a real document",ubuntu-irc-tes-5719,https://huggingface.co/datasets/jkkummerfeld/irc_disentangle,ubuntu_irc:ubuntu-irc-tes-5719,,
q02285,Ubuntu help chat,"AI, from a real document",ubuntu-irc-tes-2609,https://huggingface.co/datasets/jkkummerfeld/irc_disentangle,ubuntu_irc:ubuntu-irc-tes-2609,,
q02286,Natural Questions,person,540,https://huggingface.co/datasets/google-research-datasets/nq_open,nq_open:540,,
q02287,EnterpriseRAG-Bench,benchmark,qst_0071,https://huggingface.co/datasets/onyx-dot-app/EnterpriseRAG-Bench,enterprise_rag:qst_0071,,
q02288,EnterpriseRAG-Bench,benchmark,qst_0102,https://huggingface.co/datasets/onyx-dot-app/EnterpriseRAG-Bench,enterprise_rag:qst_0102,,
q02289,Apache Kafka Jira,"AI, from a real document",KAFKA-13395,https://issues.apache.org/jira/browse/KAFKA-13395,kafka_jira:KAFKA-13395,,
q02290,Natural Questions,person,1338,https://huggingface.co/datasets/google-research-datasets/nq_open,nq_open:1338,,
q02291,MASSIVE,person,17144,https://github.com/alexa/massive,massive_email:17144,,
q02292,MASSIVE,person,16446,https://github.com/alexa/massive,massive_email:16446,,
q02293,MASSIVE,person,14828,https://github.com/alexa/massive,massive_qa:14828,,
q02294,MASSIVE,person,14134,https://github.com/alexa/massive,massive_qa:14134,,
q02295,CLINC150,person,1204,https://huggingface.co/datasets/clinc/clinc_oos,clinc_hr:1204,,
q02296,Hard cases (generated),AI-generated,sr-g0374,data/v2/inputs/old_dataset.xlsx,old_generated:sr-g0374,jira,False
q02297,Apache Kafka Jira,"AI, from a real document",KAFKA-17094,https://issues.apache.org/jira/browse/KAFKA-17094,kafka_jira:KAFKA-17094,,
q02298,ConcurrentQA,person,PAIRIDX:26213,https://huggingface.co/datasets/stanfordnlp/concurrentqa,concurrentqa_wiki:PAIRIDX:26213,,
q02299,ConcurrentQA,person,PAIRIDX:84295,https://huggingface.co/datasets/stanfordnlp/concurrentqa,concurrentqa_wiki:PAIRIDX:84295,,
q02300,Hard cases (generated),AI-generated,sr-g0729,data/v2/inputs/old_dataset.xlsx,old_generated:sr-g0729,jira|kb,False
q02301,Ubuntu help chat,"AI, from a real document",ubuntu-irc-tes-8875,https://huggingface.co/datasets/jkkummerfeld/irc_disentangle,ubuntu_irc:ubuntu-irc-tes-8875,,
q02302,Hard cases (generated),AI-generated,sr-g0641,data/v2/inputs/old_dataset.xlsx,old_generated:sr-g0641,,False
q02303,ConcurrentQA,person,PAIRIDX:28239,https://huggingface.co/datasets/stanfordnlp/concurrentqa,concurrentqa_wiki:PAIRIDX:28239,,
q02304,WixQA,person,87,https://huggingface.co/datasets/Wix/WixQA,wixqa_simulated:87,,
q02305,MASSIVE,person,16515,https://github.com/alexa/massive,massive_email:16515,,
q02306,Hard cases (generated),AI-generated,sr-g0684,data/v2/inputs/old_dataset.xlsx,old_generated:sr-g0684,gmail,False
q02307,EnterpriseRAG-Bench,benchmark,qst_0225,https://huggingface.co/datasets/onyx-dot-app/EnterpriseRAG-Bench,enterprise_rag:qst_0225,,
q02308,Hard cases (hand-written),hand-written,sr-h0225,data/v2/inputs/old_dataset.xlsx,old_human:sr-h0225,kb,False
q02309,EnterpriseRAG-Bench,benchmark,qst_0453,https://huggingface.co/datasets/onyx-dot-app/EnterpriseRAG-Bench,enterprise_rag:qst_0453,,
q02310,EnterpriseRAG-Bench,benchmark,qst_0421,https://huggingface.co/datasets/onyx-dot-app/EnterpriseRAG-Bench,enterprise_rag:qst_0421,,
q02311,Ubuntu help chat,"AI, from a real document",ubuntu-irc-tes-8716,https://huggingface.co/datasets/jkkummerfeld/irc_disentangle,ubuntu_irc:ubuntu-irc-tes-8716,,
q02312,CLINC150,person,11812,https://huggingface.co/datasets/clinc/clinc_oos,clinc_smalltalk:11812,,
q02313,QMSum,person,train-30-4,https://github.com/Yale-LILY/QMSum,qmsum:train-30,,
q02314,CLINC150,person,13835,https://huggingface.co/datasets/clinc/clinc_oos,clinc_smalltalk:13835,,
q02315,EnterpriseRAG-Bench,benchmark,qst_0293,https://huggingface.co/datasets/onyx-dot-app/EnterpriseRAG-Bench,enterprise_rag:qst_0293,,
q02316,EnterpriseRAG-Bench,benchmark,qst_0218,https://huggingface.co/datasets/onyx-dot-app/EnterpriseRAG-Bench,enterprise_rag:qst_0218,,
q02317,WixQA,person,146,https://huggingface.co/datasets/Wix/WixQA,wixqa_simulated:146,,
q02318,Ubuntu help chat,"AI, from a real document",ubuntu-irc-val-6201,https://huggingface.co/datasets/jkkummerfeld/irc_disentangle,ubuntu_irc:ubuntu-irc-val-6201,,
q02319,QMSum,person,val-34-1,https://github.com/Yale-LILY/QMSum,qmsum:val-34,,
q02320,Ubuntu help chat,"AI, from a real document",ubuntu-irc-tes-13268,https://huggingface.co/datasets/jkkummerfeld/irc_disentangle,ubuntu_irc:ubuntu-irc-tes-13268,,
q02321,EnterpriseRAG-Bench,benchmark,qst_0416,https://huggingface.co/datasets/onyx-dot-app/EnterpriseRAG-Bench,enterprise_rag:qst_0416,,
q02322,QMSum,person,train-13-2,https://github.com/Yale-LILY/QMSum,qmsum:train-13,,
q02323,Hard cases (generated),AI-generated,sr-g0750,data/v2/inputs/old_dataset.xlsx,old_generated:sr-g0750,slack|notion,False
q02324,MASSIVE,person,15809,https://github.com/alexa/massive,massive_email:15809,,
q02325,Hard cases (generated),AI-generated,sr-g0709,data/v2/inputs/old_dataset.xlsx,old_generated:sr-g0709,slack|notion,True
q02326,MASSIVE,person,16542,https://github.com/alexa/massive,massive_email:16542,,
q02327,Ubuntu help chat,"AI, from a real document",ubuntu-irc-tes-3985,https://huggingface.co/datasets/jkkummerfeld/irc_disentangle,ubuntu_irc:ubuntu-irc-tes-3985,,
q02328,EnterpriseRAG-Bench,benchmark,qst_0141,https://huggingface.co/datasets/onyx-dot-app/EnterpriseRAG-Bench,enterprise_rag:qst_0141,,
q02329,QMSum,person,train-22-3,https://github.com/Yale-LILY/QMSum,qmsum:train-22,,
q02330,Natural Questions,person,428,https://huggingface.co/datasets/google-research-datasets/nq_open,nq_open:428,,
q02331,CLINC150,person,2875,https://huggingface.co/datasets/clinc/clinc_oos,clinc_hr:2875,,
q02332,MASSIVE,person,17134,https://github.com/alexa/massive,massive_email:17134,,
q02333,Hard cases (generated),AI-generated,sr-g0818,data/v2/inputs/old_dataset.xlsx,old_generated:sr-g0818,slack|jira,False
q02334,QMSum,person,train-140-0,https://github.com/Yale-LILY/QMSum,qmsum:train-140,,
q02335,Ubuntu help chat,"AI, from a real document",ubuntu-irc-tes-7272,https://huggingface.co/datasets/jkkummerfeld/irc_disentangle,ubuntu_irc:ubuntu-irc-tes-7272,,
q02336,Hard cases (generated),AI-generated,sr-g0710,data/v2/inputs/old_dataset.xlsx,old_generated:sr-g0710,slack|notion,True
q02337,Apache Kafka Jira,"AI, from a real document",KAFKA-16144,https://issues.apache.org/jira/browse/KAFKA-16144,kafka_jira:KAFKA-16144,,
q02338,Hard cases (generated),AI-generated,sr-g0765,data/v2/inputs/old_dataset.xlsx,old_generated:sr-g0765,jira|kb,False
q02339,Hard cases (generated),AI-generated,sr-g0653,data/v2/inputs/old_dataset.xlsx,old_generated:sr-g0653,jira,False
q02340,Hard cases (generated),AI-generated,sr-g0622,data/v2/inputs/old_dataset.xlsx,old_generated:sr-g0622,,False
q02341,MASSIVE,person,7353,https://github.com/alexa/massive,massive_email:7353,,
q02342,Natural Questions,person,2344,https://huggingface.co/datasets/google-research-datasets/nq_open,nq_open:2344,,
q02343,Apache Kafka Confluence,"AI, from a real document",cwiki-217392614,https://cwiki.apache.org/confluence/spaces/KAFKA/pages/217392614/KIP-856+KRaft+Disk+Failure+Recovery,kafka_kips:cwiki-217392614,,
q02344,Apache Kafka Jira,"AI, from a real document",KAFKA-16121,https://issues.apache.org/jira/browse/KAFKA-16121,kafka_jira:KAFKA-16121,,
q02345,MASSIVE,person,13139,https://github.com/alexa/massive,massive_qa:13139,,
q02346,WixQA,person,51,https://huggingface.co/datasets/Wix/WixQA,wixqa_expert:51,,
q02347,Hard cases (generated),AI-generated,sr-g0714,data/v2/inputs/old_dataset.xlsx,old_generated:sr-g0714,jira|notion,True
q02348,Hard cases (generated),AI-generated,sr-g0694,data/v2/inputs/old_dataset.xlsx,old_generated:sr-g0694,kb,False
q02349,Hard cases (generated),AI-generated,sr-g0362,data/v2/inputs/old_dataset.xlsx,old_generated:sr-g0362,slack,False
q02350,EnterpriseRAG-Bench,benchmark,qst_0257,https://huggingface.co/datasets/onyx-dot-app/EnterpriseRAG-Bench,enterprise_rag:qst_0257,,
q02351,EnterpriseRAG-Bench,benchmark,qst_0158,https://huggingface.co/datasets/onyx-dot-app/EnterpriseRAG-Bench,enterprise_rag:qst_0158,,
q02352,CLINC150,person,396,https://huggingface.co/datasets/clinc/clinc_oos,clinc_public:396,,
q02353,Hard cases (generated),AI-generated,sr-g0562,data/v2/inputs/old_dataset.xlsx,old_generated:sr-g0562,gmail,False
q02354,QMSum,person,train-157-3,https://github.com/Yale-LILY/QMSum,qmsum:train-157,,
q02355,Apache Kafka Jira,"AI, from a real document",KAFKA-13977,https://issues.apache.org/jira/browse/KAFKA-13977,kafka_jira:KAFKA-13977,,
q02356,MASSIVE,person,15852,https://github.com/alexa/massive,massive_email:15852,,
q02357,MASSIVE,person,15839,https://github.com/alexa/massive,massive_email:15839,,
q02358,Natural Questions,person,795,https://huggingface.co/datasets/google-research-datasets/nq_open,nq_open:795,,
q02359,Apache Kafka Jira,"AI, from a real document",KAFKA-17098,https://issues.apache.org/jira/browse/KAFKA-17098,kafka_jira:KAFKA-17098,,
q02360,WixQA,person,27,https://huggingface.co/datasets/Wix/WixQA,wixqa_expert:27,,
q02361,Hard cases (hand-written),hand-written,sr-h0248,data/v2/inputs/old_dataset.xlsx,old_human:sr-h0248,slack|notion,True
q02362,QMSum,person,train-45-5,https://github.com/Yale-LILY/QMSum,qmsum:train-45,,
q02363,Apache Kafka Jira,"AI, from a real document",KAFKA-20398,https://issues.apache.org/jira/browse/KAFKA-20398,kafka_jira:KAFKA-20398,,
q02364,EnterpriseRAG-Bench,benchmark,qst_0383,https://huggingface.co/datasets/onyx-dot-app/EnterpriseRAG-Bench,enterprise_rag:qst_0383,,
q02365,Ubuntu help chat,"AI, from a real document",ubuntu-irc-val-2451,https://huggingface.co/datasets/jkkummerfeld/irc_disentangle,ubuntu_irc:ubuntu-irc-val-2451,,
q02366,Apache Kafka Jira,"AI, from a real document",KAFKA-17091,https://issues.apache.org/jira/browse/KAFKA-17091,kafka_jira:KAFKA-17091,,
q02367,EnterpriseRAG-Bench,benchmark,qst_0307,https://huggingface.co/datasets/onyx-dot-app/EnterpriseRAG-Bench,enterprise_rag:qst_0307,,
q02368,Hard cases (generated),AI-generated,sr-g0462,data/v2/inputs/old_dataset.xlsx,old_generated:sr-g0462,jira,False
q02369,Ubuntu help chat,"AI, from a real document",ubuntu-irc-tes-10020,https://huggingface.co/datasets/jkkummerfeld/irc_disentangle,ubuntu_irc:ubuntu-irc-tes-10020,,
q02370,WixQA,person,183,https://huggingface.co/datasets/Wix/WixQA,wixqa_simulated:183,,
q02371,Hard cases (generated),AI-generated,sr-g0812,data/v2/inputs/old_dataset.xlsx,old_generated:sr-g0812,slack|jira,False
q02372,QMSum,person,val-14-2,https://github.com/Yale-LILY/QMSum,qmsum:val-14,,
q02373,EnterpriseRAG-Bench,benchmark,qst_0316,https://huggingface.co/datasets/onyx-dot-app/EnterpriseRAG-Bench,enterprise_rag:qst_0316,,
q02374,CLINC150,person,15466,https://huggingface.co/datasets/clinc/clinc_oos,clinc_public:15466,,
q02375,Hard cases (generated),AI-generated,sr-g0383,data/v2/inputs/old_dataset.xlsx,old_generated:sr-g0383,jira,False
q02376,Hard cases (generated),AI-generated,sr-g0518,data/v2/inputs/old_dataset.xlsx,old_generated:sr-g0518,kb,False
q02377,Hard cases (generated),AI-generated,sr-g0467,data/v2/inputs/old_dataset.xlsx,old_generated:sr-g0467,jira,False
q02378,Ubuntu help chat,"AI, from a real document",ubuntu-irc-tes-5508,https://huggingface.co/datasets/jkkummerfeld/irc_disentangle,ubuntu_irc:ubuntu-irc-tes-5508,,
q02379,QMSum,person,train-46-2,https://github.com/Yale-LILY/QMSum,qmsum:train-46,,
q02380,QMSum,person,val-6-0,https://github.com/Yale-LILY/QMSum,qmsum:val-6,,
q02381,QMSum,person,train-112-5,https://github.com/Yale-LILY/QMSum,qmsum:train-112,,
q02382,CLINC150,person,6572,https://huggingface.co/datasets/clinc/clinc_oos,clinc_smalltalk:6572,,
q02383,EnterpriseRAG-Bench,benchmark,qst_0080,https://huggingface.co/datasets/onyx-dot-app/EnterpriseRAG-Bench,enterprise_rag:qst_0080,,
q02384,QMSum,person,train-49-6,https://github.com/Yale-LILY/QMSum,qmsum:train-49,,
q02385,Apache Kafka Confluence,"AI, from a real document",cwiki-132320622,https://cwiki.apache.org/confluence/spaces/KAFKA/pages/132320622/KIP-533+Add+default+api+timeout+to+AdminClient,kafka_kips:cwiki-132320622,,
q02386,WixQA,person,152,https://huggingface.co/datasets/Wix/WixQA,wixqa_expert:152,,
q02387,MASSIVE,person,16339,https://github.com/alexa/massive,massive_email:16339,,
q02388,Apache Kafka Confluence,"AI, from a real document",cwiki-449282795,https://cwiki.apache.org/confluence/spaces/KAFKA/pages/449282795/KIP-1371+Explicit+Wait+Conditions+for+Consumer+Request+Managers,kafka_kips:cwiki-449282795,,
q02389,EnterpriseRAG-Bench,benchmark,qst_0205,https://huggingface.co/datasets/onyx-dot-app/EnterpriseRAG-Bench,enterprise_rag:qst_0205,,
q02390,MASSIVE,person,16038,https://github.com/alexa/massive,massive_email:16038,,
q02391,Hard cases (generated),AI-generated,sr-g0536,data/v2/inputs/old_dataset.xlsx,old_generated:sr-g0536,slack,False
q02392,Apache Kafka Confluence,"AI, from a real document",cwiki-66854913,https://cwiki.apache.org/confluence/spaces/KAFKA/pages/66854913/KIP-98+-+Exactly+Once+Delivery+and+Transactional+Messaging,kafka_kips:cwiki-66854913,,
q02393,EnterpriseRAG-Bench,benchmark,qst_0250,https://huggingface.co/datasets/onyx-dot-app/EnterpriseRAG-Bench,enterprise_rag:qst_0250,,
q02394,Apache Kafka Confluence,"AI, from a real document",cwiki-95651733,https://cwiki.apache.org/confluence/spaces/KAFKA/pages/95651733/KIP-383+Pluggable+interface+for+SSL+Factory,kafka_kips:cwiki-95651733,,
q02395,CLINC150,person,17920,https://huggingface.co/datasets/clinc/clinc_oos,clinc_smalltalk:17920,,
q02396,Apache Kafka Confluence,"AI, from a real document",cwiki-347933398,https://cwiki.apache.org/confluence/spaces/KAFKA/pages/347933398/KIP-1157+Enforce+KafkaPrincipalSerde+Implementation+for+KafkaPrincipalBuilder,kafka_kips:cwiki-347933398,,
q02397,Hard cases (generated),AI-generated,sr-g0623,data/v2/inputs/old_dataset.xlsx,old_generated:sr-g0623,,False
q02398,Hard cases (generated),AI-generated,sr-g0786,data/v2/inputs/old_dataset.xlsx,old_generated:sr-g0786,notion|jira|kb,False
q02399,QMSum,person,train-85-4,https://github.com/Yale-LILY/QMSum,qmsum:train-85,,
q02400,EnterpriseRAG-Bench,benchmark,qst_0356,https://huggingface.co/datasets/onyx-dot-app/EnterpriseRAG-Bench,enterprise_rag:qst_0356,,
q02401,Hard cases (generated),AI-generated,sr-g0823,data/v2/inputs/old_dataset.xlsx,old_generated:sr-g0823,notion|kb,False
q02402,MASSIVE,person,16726,https://github.com/alexa/massive,massive_email:16726,,
q02403,Hard cases (generated),AI-generated,sr-g0471,data/v2/inputs/old_dataset.xlsx,old_generated:sr-g0471,jira,False
q02404,Hard cases (generated),AI-generated,sr-g0763,data/v2/inputs/old_dataset.xlsx,old_generated:sr-g0763,slack|gmail,False
q02405,QMSum,person,train-28-5,https://github.com/Yale-LILY/QMSum,qmsum:train-28,,
q02406,WixQA,person,77,https://huggingface.co/datasets/Wix/WixQA,wixqa_expert:77,,
q02407,MASSIVE,person,17177,https://github.com/alexa/massive,massive_email:17177,,
q02408,ConcurrentQA,person,PAIRIDX:28369,https://huggingface.co/datasets/stanfordnlp/concurrentqa,concurrentqa_wiki:PAIRIDX:28369,,
q02409,MASSIVE,person,16763,https://github.com/alexa/massive,massive_email:16763,,
q02410,MASSIVE,person,14697,https://github.com/alexa/massive,massive_qa:14697,,
q02411,Natural Questions,person,2015,https://huggingface.co/datasets/google-research-datasets/nq_open,nq_open:2015,,
q02412,MASSIVE,person,16326,https://github.com/alexa/massive,massive_email:16326,,
q02413,MASSIVE,person,14387,https://github.com/alexa/massive,massive_qa:14387,,
q02414,MASSIVE,person,16575,https://github.com/alexa/massive,massive_email:16575,,
q02415,CLINC150,person,1235,https://huggingface.co/datasets/clinc/clinc_oos,clinc_hr:1235,,
q02416,Ubuntu help chat,"AI, from a real document",ubuntu-irc-tes-10245,https://huggingface.co/datasets/jkkummerfeld/irc_disentangle,ubuntu_irc:ubuntu-irc-tes-10245,,
q02417,WixQA,person,184,https://huggingface.co/datasets/Wix/WixQA,wixqa_expert:184,,
q02418,ConcurrentQA,person,PAIRIDX:23133,https://huggingface.co/datasets/stanfordnlp/concurrentqa,concurrentqa_wiki:PAIRIDX:23133,,
q02419,Apache Kafka Jira,"AI, from a real document",KAFKA-21168,https://issues.apache.org/jira/browse/KAFKA-21168,kafka_jira:KAFKA-21168,,
q02420,Hard cases (generated),AI-generated,sr-g0600,data/v2/inputs/old_dataset.xlsx,old_generated:sr-g0600,,False
q02421,MASSIVE,person,17074,https://github.com/alexa/massive,massive_email:17074,,
q02422,Natural Questions,person,2844,https://huggingface.co/datasets/google-research-datasets/nq_open,nq_open:2844,,
q02423,Apache Kafka Confluence,"AI, from a real document",cwiki-118172121,https://cwiki.apache.org/confluence/spaces/KAFKA/pages/118172121/KIP-478+-+Strongly+typed+Processor+API,kafka_kips:cwiki-118172121,,
q02424,MASSIVE,person,15851,https://github.com/alexa/massive,massive_email:15851,,
q02425,MASSIVE,person,16492,https://github.com/alexa/massive,massive_email:16492,,
q02426,ConcurrentQA,person,PAIRIDX:38181,https://huggingface.co/datasets/stanfordnlp/concurrentqa,concurrentqa_wiki:PAIRIDX:38181,,
q02427,CLINC150,person,6569,https://huggingface.co/datasets/clinc/clinc_oos,clinc_smalltalk:6569,,
q02428,EnterpriseRAG-Bench,benchmark,qst_0284,https://huggingface.co/datasets/onyx-dot-app/EnterpriseRAG-Bench,enterprise_rag:qst_0284,,
q02429,EnterpriseRAG-Bench,benchmark,qst_0319,https://huggingface.co/datasets/onyx-dot-app/EnterpriseRAG-Bench,enterprise_rag:qst_0319,,
q02430,Hard cases (generated),AI-generated,sr-g0451,data/v2/inputs/old_dataset.xlsx,old_generated:sr-g0451,slack,False
q02431,QMSum,person,train-88-10,https://github.com/Yale-LILY/QMSum,qmsum:train-88,,
q02432,Natural Questions,person,3145,https://huggingface.co/datasets/google-research-datasets/nq_open,nq_open:3145,,
q02433,Hard cases (generated),AI-generated,sr-g0800,data/v2/inputs/old_dataset.xlsx,old_generated:sr-g0800,slack|jira|kb,False
q02434,Hard cases (generated),AI-generated,sr-g0844,data/v2/inputs/old_dataset.xlsx,old_generated:sr-g0844,gmail|notion,False
q02435,Hard cases (generated),AI-generated,sr-g0773,data/v2/inputs/old_dataset.xlsx,old_generated:sr-g0773,slack|jira|notion,True
q02436,MASSIVE,person,16099,https://github.com/alexa/massive,massive_email:16099,,
q02437,Hard cases (hand-written),hand-written,sr-h0254,data/v2/inputs/old_dataset.xlsx,old_human:sr-h0254,slack|jira,False
q02438,CLINC150,person,1046,https://huggingface.co/datasets/clinc/clinc_oos,clinc_public:1046,,
q02439,Apache Kafka Confluence,"AI, from a real document",cwiki-357960132,https://cwiki.apache.org/confluence/spaces/KAFKA/pages/357960132/KIP-1179+Introduce+remote.log.manager.follower.thread.pool.size+config,kafka_kips:cwiki-357960132,,
q02440,ConcurrentQA,person,PAIRIDX:37346,https://huggingface.co/datasets/stanfordnlp/concurrentqa,concurrentqa_wiki:PAIRIDX:37346,,
q02441,Hard cases (hand-written),hand-written,sr-h0217,data/v2/inputs/old_dataset.xlsx,old_human:sr-h0217,,False
q02442,WixQA,person,45,https://huggingface.co/datasets/Wix/WixQA,wixqa_simulated:45,,
q02443,CLINC150,person,11821,https://huggingface.co/datasets/clinc/clinc_oos,clinc_smalltalk:11821,,
q02444,WixQA,person,83,https://huggingface.co/datasets/Wix/WixQA,wixqa_simulated:83,,
q02445,CLINC150,person,526,https://huggingface.co/datasets/clinc/clinc_oos,clinc_hr:526,,
q02446,Apache Kafka Jira,"AI, from a real document",KAFKA-20526,https://issues.apache.org/jira/browse/KAFKA-20526,kafka_jira:KAFKA-20526,,
q02447,Apache Kafka Confluence,"AI, from a real document",cwiki-231115901,https://cwiki.apache.org/confluence/spaces/KAFKA/pages/231115901/KIP-879+Multi-level+Rack+Awareness,kafka_kips:cwiki-231115901,,
q02448,EnterpriseRAG-Bench,benchmark,qst_0259,https://huggingface.co/datasets/onyx-dot-app/EnterpriseRAG-Bench,enterprise_rag:qst_0259,,
q02449,EnterpriseRAG-Bench,benchmark,qst_0412,https://huggingface.co/datasets/onyx-dot-app/EnterpriseRAG-Bench,enterprise_rag:qst_0412,,
q02450,Apache Kafka Jira,"AI, from a real document",KAFKA-14026,https://issues.apache.org/jira/browse/KAFKA-14026,kafka_jira:KAFKA-14026,,
q02451,Apache Kafka Confluence,"AI, from a real document",cwiki-125308960,https://cwiki.apache.org/confluence/spaces/KAFKA/pages/125308960/KIP-508+Make+Suppression+State+Queriable,kafka_kips:cwiki-125308960,,
q02452,CLINC150,person,382,https://huggingface.co/datasets/clinc/clinc_oos,clinc_public:382,,
q02453,ConcurrentQA,person,PAIRIDX:23258,https://huggingface.co/datasets/stanfordnlp/concurrentqa,concurrentqa_wiki:PAIRIDX:23258,,
q02454,CLINC150,person,1292,https://huggingface.co/datasets/clinc/clinc_oos,clinc_hr:1292,,
q02455,QMSum,person,train-61-2,https://github.com/Yale-LILY/QMSum,qmsum:train-61,,
q02456,Hard cases (generated),AI-generated,sr-g0664,data/v2/inputs/old_dataset.xlsx,old_generated:sr-g0664,notion,False
q02457,Hard cases (generated),AI-generated,sr-g0630,data/v2/inputs/old_dataset.xlsx,old_generated:sr-g0630,,False
q02458,WixQA,person,146,https://huggingface.co/datasets/Wix/WixQA,wixqa_expert:146,,
q02459,MASSIVE,person,16461,https://github.com/alexa/massive,massive_email:16461,,
q02460,CLINC150,person,18451,https://huggingface.co/datasets/clinc/clinc_oos,clinc_public:18451,,
q02461,EnterpriseRAG-Bench,benchmark,qst_0409,https://huggingface.co/datasets/onyx-dot-app/EnterpriseRAG-Bench,enterprise_rag:qst_0409,,
q02462,Natural Questions,person,3339,https://huggingface.co/datasets/google-research-datasets/nq_open,nq_open:3339,,
q02463,QMSum,person,val-18-0,https://github.com/Yale-LILY/QMSum,qmsum:val-18,,
q02464,Hard cases (generated),AI-generated,sr-g0501,data/v2/inputs/old_dataset.xlsx,old_generated:sr-g0501,gmail,False
q02465,Apache Kafka Jira,"AI, from a real document",KAFKA-16198,https://issues.apache.org/jira/browse/KAFKA-16198,kafka_jira:KAFKA-16198,,
q02466,Hard cases (generated),AI-generated,sr-g0705,data/v2/inputs/old_dataset.xlsx,old_generated:sr-g0705,notion|kb,True
q02467,Natural Questions,person,2544,https://huggingface.co/datasets/google-research-datasets/nq_open,nq_open:2544,,
q02468,EnterpriseRAG-Bench,benchmark,qst_0061,https://huggingface.co/datasets/onyx-dot-app/EnterpriseRAG-Bench,enterprise_rag:qst_0061,,
q02469,Hard cases (generated),AI-generated,sr-g0869,data/v2/inputs/old_dataset.xlsx,old_generated:sr-g0869,kb,False
q02470,EnterpriseRAG-Bench,benchmark,qst_0420,https://huggingface.co/datasets/onyx-dot-app/EnterpriseRAG-Bench,enterprise_rag:qst_0420,,
q02471,Hard cases (generated),AI-generated,sr-g0461,data/v2/inputs/old_dataset.xlsx,old_generated:sr-g0461,jira,False
q02472,MASSIVE,person,14156,https://github.com/alexa/massive,massive_qa:14156,,
q02473,EnterpriseRAG-Bench,benchmark,qst_0160,https://huggingface.co/datasets/onyx-dot-app/EnterpriseRAG-Bench,enterprise_rag:qst_0160,,
q02474,Hard cases (generated),AI-generated,sr-g0628,data/v2/inputs/old_dataset.xlsx,old_generated:sr-g0628,,False
q02475,Hard cases (generated),AI-generated,sr-g0888,data/v2/inputs/old_dataset.xlsx,old_generated:sr-g0888,slack|jira,False
q02476,ConcurrentQA,person,PAIRIDX:23952,https://huggingface.co/datasets/stanfordnlp/concurrentqa,concurrentqa_wiki:PAIRIDX:23952,,
q02477,CLINC150,person,7648,https://huggingface.co/datasets/clinc/clinc_oos,clinc_hr:7648,,
q02478,Hard cases (generated),AI-generated,sr-g0633,data/v2/inputs/old_dataset.xlsx,old_generated:sr-g0633,,False
q02479,Ubuntu help chat,"AI, from a real document",ubuntu-irc-tes-1033,https://huggingface.co/datasets/jkkummerfeld/irc_disentangle,ubuntu_irc:ubuntu-irc-tes-1033,,
q02480,ConcurrentQA,person,PAIRIDX:38356,https://huggingface.co/datasets/stanfordnlp/concurrentqa,concurrentqa_wiki:PAIRIDX:38356,,
q02481,QMSum,person,val-30-3,https://github.com/Yale-LILY/QMSum,qmsum:val-30,,
q02482,Apache Kafka Confluence,"AI, from a real document",cwiki-399279015,https://cwiki.apache.org/confluence/spaces/KAFKA/pages/399279015/KIP-1246+Deprecate+backdoor+that+allows+any+client+to+produce+to+internal+topics,kafka_kips:cwiki-399279015,,
q02483,EnterpriseRAG-Bench,benchmark,qst_0047,https://huggingface.co/datasets/onyx-dot-app/EnterpriseRAG-Bench,enterprise_rag:qst_0047,,
q02484,Hard cases (generated),AI-generated,sr-g0781,data/v2/inputs/old_dataset.xlsx,old_generated:sr-g0781,notion|jira|kb,True
q02485,QMSum,person,train-122-4,https://github.com/Yale-LILY/QMSum,qmsum:train-122,,
q02486,Hard cases (generated),AI-generated,sr-g0356,data/v2/inputs/old_dataset.xlsx,old_generated:sr-g0356,slack,False
q02487,Apache Kafka Jira,"AI, from a real document",KAFKA-20426,https://issues.apache.org/jira/browse/KAFKA-20426,kafka_jira:KAFKA-20426,,
q02488,Natural Questions,person,2122,https://huggingface.co/datasets/google-research-datasets/nq_open,nq_open:2122,,
q02489,WixQA,person,73,https://huggingface.co/datasets/Wix/WixQA,wixqa_expert:73,,
q02490,QMSum,person,val-3-4,https://github.com/Yale-LILY/QMSum,qmsum:val-3,,
q02491,CLINC150,person,11855,https://huggingface.co/datasets/clinc/clinc_oos,clinc_smalltalk:11855,,
q02492,MASSIVE,person,13913,https://github.com/alexa/massive,massive_qa:13913,,
q02493,EnterpriseRAG-Bench,benchmark,qst_0373,https://huggingface.co/datasets/onyx-dot-app/EnterpriseRAG-Bench,enterprise_rag:qst_0373,,
q02494,Apache Kafka Confluence,"AI, from a real document",cwiki-51812210,https://cwiki.apache.org/confluence/spaces/KAFKA/pages/51812210/KIP-13+-+Quotas,kafka_kips:cwiki-51812210,,
q02495,ConcurrentQA,person,PAIRIDX:24338,https://huggingface.co/datasets/stanfordnlp/concurrentqa,concurrentqa_wiki:PAIRIDX:24338,,
q02496,MASSIVE,person,16811,https://github.com/alexa/massive,massive_email:16811,,
q02497,Natural Questions,person,554,https://huggingface.co/datasets/google-research-datasets/nq_open,nq_open:554,,
q02498,Hard cases (generated),AI-generated,sr-g0602,data/v2/inputs/old_dataset.xlsx,old_generated:sr-g0602,,False
q02499,WixQA,person,13,https://huggingface.co/datasets/Wix/WixQA,wixqa_expert:13,,
q02500,Natural Questions,person,865,https://huggingface.co/datasets/google-research-datasets/nq_open,nq_open:865,,
q02501,Hard cases (generated),AI-generated,sr-g0571,data/v2/inputs/old_dataset.xlsx,old_generated:sr-g0571,kb,False
q02502,WixQA,person,78,https://huggingface.co/datasets/Wix/WixQA,wixqa_expert:78,,
q02503,Apache Kafka Jira,"AI, from a real document",KAFKA-12752,https://issues.apache.org/jira/browse/KAFKA-12752,kafka_jira:KAFKA-12752,,
q02504,Apache Kafka Jira,"AI, from a real document",KAFKA-16205,https://issues.apache.org/jira/browse/KAFKA-16205,kafka_jira:KAFKA-16205,,
q02505,MASSIVE,person,16476,https://github.com/alexa/massive,massive_email:16476,,
q02506,Apache Kafka Confluence,"AI, from a real document",cwiki-356452875,https://cwiki.apache.org/confluence/spaces/KAFKA/pages/356452875/KIP-1180+Add+generic+feature+level+metrics,kafka_kips:cwiki-356452875,,
q02507,QMSum,person,test-22-1,https://github.com/Yale-LILY/QMSum,qmsum:test-22,,
q02508,CLINC150,person,12191,https://huggingface.co/datasets/clinc/clinc_oos,clinc_hr:12191,,
q02509,EnterpriseRAG-Bench,benchmark,qst_0200,https://huggingface.co/datasets/onyx-dot-app/EnterpriseRAG-Bench,enterprise_rag:qst_0200,,
q02510,Apache Kafka Jira,"AI, from a real document",KAFKA-20430,https://issues.apache.org/jira/browse/KAFKA-20430,kafka_jira:KAFKA-20430,,
q02511,Natural Questions,person,107,https://huggingface.co/datasets/google-research-datasets/nq_open,nq_open:107,,
q02512,WixQA,person,8,https://huggingface.co/datasets/Wix/WixQA,wixqa_expert:8,,
q02513,Hard cases (generated),AI-generated,sr-g0681,data/v2/inputs/old_dataset.xlsx,old_generated:sr-g0681,gmail,False
q02514,MASSIVE,person,13689,https://github.com/alexa/massive,massive_qa:13689,,
q02515,EnterpriseRAG-Bench,benchmark,qst_0267,https://huggingface.co/datasets/onyx-dot-app/EnterpriseRAG-Bench,enterprise_rag:qst_0267,,
q02516,Hard cases (generated),AI-generated,sr-g0660,data/v2/inputs/old_dataset.xlsx,old_generated:sr-g0660,jira,False
q02517,WixQA,person,116,https://huggingface.co/datasets/Wix/WixQA,wixqa_simulated:116,,
q02518,Hard cases (hand-written),hand-written,sr-h0226,data/v2/inputs/old_dataset.xlsx,old_human:sr-h0226,jira,False
q02519,CLINC150,person,9666,https://huggingface.co/datasets/clinc/clinc_oos,clinc_smalltalk:9666,,
q02520,MASSIVE,person,16705,https://github.com/alexa/massive,massive_email:16705,,
q02521,Natural Questions,person,2654,https://huggingface.co/datasets/google-research-datasets/nq_open,nq_open:2654,,
q02522,EnterpriseRAG-Bench,benchmark,qst_0295,https://huggingface.co/datasets/onyx-dot-app/EnterpriseRAG-Bench,enterprise_rag:qst_0295,,
q02523,QMSum,person,train-153-3,https://github.com/Yale-LILY/QMSum,qmsum:train-153,,
q02524,QMSum,person,train-84-3,https://github.com/Yale-LILY/QMSum,qmsum:train-84,,
q02525,Hard cases (generated),AI-generated,sr-g0646,data/v2/inputs/old_dataset.xlsx,old_generated:sr-g0646,slack,False
q02526,CLINC150,person,8870,https://huggingface.co/datasets/clinc/clinc_oos,clinc_hr:8870,,
q02527,EnterpriseRAG-Bench,benchmark,qst_0275,https://huggingface.co/datasets/onyx-dot-app/EnterpriseRAG-Bench,enterprise_rag:qst_0275,,
q02528,CLINC150,person,19229,https://huggingface.co/datasets/clinc/clinc_oos,clinc_smalltalk:19229,,
q02529,WixQA,person,115,https://huggingface.co/datasets/Wix/WixQA,wixqa_simulated:115,,
q02530,MASSIVE,person,16362,https://github.com/alexa/massive,massive_email:16362,,
q02531,Ubuntu help chat,"AI, from a real document",ubuntu-irc-tes-14623,https://huggingface.co/datasets/jkkummerfeld/irc_disentangle,ubuntu_irc:ubuntu-irc-tes-14623,,
q02532,MASSIVE,person,16490,https://github.com/alexa/massive,massive_email:16490,,
q02533,MASSIVE,person,17057,https://github.com/alexa/massive,massive_email:17057,,
q02534,CLINC150,person,13361,https://huggingface.co/datasets/clinc/clinc_oos,clinc_smalltalk:13361,,
q02535,Apache Kafka Confluence,"AI, from a real document",cwiki-406618774,https://cwiki.apache.org/confluence/spaces/KAFKA/pages/406618774/KIP-1269+Configurable+number+of+batches+to+retain+in+broker,kafka_kips:cwiki-406618774,,
q02536,Hard cases (generated),AI-generated,sr-g0867,data/v2/inputs/old_dataset.xlsx,old_generated:sr-g0867,jira,False
q02537,Apache Kafka Confluence,"AI, from a real document",cwiki-55156351,https://cwiki.apache.org/confluence/spaces/KAFKA/pages/55156351/KIP-21+-+Dynamic+Configuration,kafka_kips:cwiki-55156351,,
q02538,CLINC150,person,2817,https://huggingface.co/datasets/clinc/clinc_oos,clinc_hr:2817,,
q02539,QMSum,person,train-121-4,https://github.com/Yale-LILY/QMSum,qmsum:train-121,,
q02540,Hard cases (generated),AI-generated,sr-g0893,data/v2/inputs/old_dataset.xlsx,old_generated:sr-g0893,jira|notion,True
q02541,Apache Kafka Confluence,"AI, from a real document",cwiki-406621810,https://cwiki.apache.org/confluence/spaces/KAFKA/pages/406621810/KIP-1291+Extended+I+O+Metrics+Collection,kafka_kips:cwiki-406621810,,
q02542,EnterpriseRAG-Bench,benchmark,qst_0405,https://huggingface.co/datasets/onyx-dot-app/EnterpriseRAG-Bench,enterprise_rag:qst_0405,,
q02543,WixQA,person,2,https://huggingface.co/datasets/Wix/WixQA,wixqa_expert:2,,
q02544,Hard cases (generated),AI-generated,sr-g0442,data/v2/inputs/old_dataset.xlsx,old_generated:sr-g0442,slack,False
q02545,WixQA,person,6,https://huggingface.co/datasets/Wix/WixQA,wixqa_expert:6,,
q02546,MASSIVE,person,16539,https://github.com/alexa/massive,massive_email:16539,,
q02547,EnterpriseRAG-Bench,benchmark,qst_0291,https://huggingface.co/datasets/onyx-dot-app/EnterpriseRAG-Bench,enterprise_rag:qst_0291,,
q02548,EnterpriseRAG-Bench,benchmark,qst_0214,https://huggingface.co/datasets/onyx-dot-app/EnterpriseRAG-Bench,enterprise_rag:qst_0214,,
q02549,Hard cases (generated),AI-generated,sr-g0382,data/v2/inputs/old_dataset.xlsx,old_generated:sr-g0382,jira,False
q02550,WixQA,person,118,https://huggingface.co/datasets/Wix/WixQA,wixqa_simulated:118,,
q02551,CLINC150,person,15458,https://huggingface.co/datasets/clinc/clinc_oos,clinc_public:15458,,
q02552,Ubuntu help chat,"AI, from a real document",ubuntu-irc-val-8675,https://huggingface.co/datasets/jkkummerfeld/irc_disentangle,ubuntu_irc:ubuntu-irc-val-8675,,
q02553,MASSIVE,person,16979,https://github.com/alexa/massive,massive_email:16979,,
q02554,EnterpriseRAG-Bench,benchmark,qst_0360,https://huggingface.co/datasets/onyx-dot-app/EnterpriseRAG-Bench,enterprise_rag:qst_0360,,
q02555,EnterpriseRAG-Bench,benchmark,qst_0323,https://huggingface.co/datasets/onyx-dot-app/EnterpriseRAG-Bench,enterprise_rag:qst_0323,,
q02556,EnterpriseRAG-Bench,benchmark,qst_0418,https://huggingface.co/datasets/onyx-dot-app/EnterpriseRAG-Bench,enterprise_rag:qst_0418,,
q02557,Hard cases (generated),AI-generated,sr-g0456,data/v2/inputs/old_dataset.xlsx,old_generated:sr-g0456,jira,False
q02558,Ubuntu help chat,"AI, from a real document",ubuntu-irc-tes-7375,https://huggingface.co/datasets/jkkummerfeld/irc_disentangle,ubuntu_irc:ubuntu-irc-tes-7375,,
q02559,Hard cases (generated),AI-generated,sr-g0687,data/v2/inputs/old_dataset.xlsx,old_generated:sr-g0687,kb,False
q02560,CLINC150,person,18447,https://huggingface.co/datasets/clinc/clinc_oos,clinc_public:18447,,
q02561,MASSIVE,person,16141,https://github.com/alexa/massive,massive_email:16141,,
q02562,Natural Questions,person,518,https://huggingface.co/datasets/google-research-datasets/nq_open,nq_open:518,,
q02563,EnterpriseRAG-Bench,benchmark,qst_0162,https://huggingface.co/datasets/onyx-dot-app/EnterpriseRAG-Bench,enterprise_rag:qst_0162,,
q02564,EnterpriseRAG-Bench,benchmark,qst_0349,https://huggingface.co/datasets/onyx-dot-app/EnterpriseRAG-Bench,enterprise_rag:qst_0349,,
q02565,Apache Kafka Jira,"AI, from a real document",KAFKA-16989,https://issues.apache.org/jira/browse/KAFKA-16989,kafka_jira:KAFKA-16989,,
q02566,Apache Kafka Confluence,"AI, from a real document",cwiki-177049958,https://cwiki.apache.org/confluence/spaces/KAFKA/pages/177049958/KIP-731+Record+Rate+Limiting+for+Kafka+Connect,kafka_kips:cwiki-177049958,,
q02567,QMSum,person,train-51-5,https://github.com/Yale-LILY/QMSum,qmsum:train-51,,
q02568,Natural Questions,person,832,https://huggingface.co/datasets/google-research-datasets/nq_open,nq_open:832,,
q02569,Hard cases (generated),AI-generated,sr-g0673,data/v2/inputs/old_dataset.xlsx,old_generated:sr-g0673,notion,False
q02570,Hard cases (hand-written),hand-written,sr-h0216,data/v2/inputs/old_dataset.xlsx,old_human:sr-h0216,,False
q02571,Apache Kafka Confluence,"AI, from a real document",cwiki-321719044,https://cwiki.apache.org/confluence/spaces/KAFKA/pages/321719044/KIP-1093+Add+more+observability+for+MirrorMaker2,kafka_kips:cwiki-321719044,,
q02572,CLINC150,person,4842,https://huggingface.co/datasets/clinc/clinc_oos,clinc_hr:4842,,
q02573,Apache Kafka Jira,"AI, from a real document",KAFKA-13993,https://issues.apache.org/jira/browse/KAFKA-13993,kafka_jira:KAFKA-13993,,
q02574,WixQA,person,0,https://huggingface.co/datasets/Wix/WixQA,wixqa_simulated:0,,
q02575,WixQA,person,26,https://huggingface.co/datasets/Wix/WixQA,wixqa_expert:26,,
q02576,Hard cases (generated),AI-generated,sr-g0448,data/v2/inputs/old_dataset.xlsx,old_generated:sr-g0448,slack,False
q02577,EnterpriseRAG-Bench,benchmark,qst_0165,https://huggingface.co/datasets/onyx-dot-app/EnterpriseRAG-Bench,enterprise_rag:qst_0165,,
q02578,MASSIVE,person,16400,https://github.com/alexa/massive,massive_email:16400,,
q02579,CLINC150,person,9625,https://huggingface.co/datasets/clinc/clinc_oos,clinc_smalltalk:9625,,
q02580,Ubuntu help chat,"AI, from a real document",ubuntu-irc-val-2290,https://huggingface.co/datasets/jkkummerfeld/irc_disentangle,ubuntu_irc:ubuntu-irc-val-2290,,
q02581,Natural Questions,person,1752,https://huggingface.co/datasets/google-research-datasets/nq_open,nq_open:1752,,
q02582,QMSum,person,train-10-6,https://github.com/Yale-LILY/QMSum,qmsum:train-10,,
q02583,Ubuntu help chat,"AI, from a real document",ubuntu-irc-val-4793,https://huggingface.co/datasets/jkkummerfeld/irc_disentangle,ubuntu_irc:ubuntu-irc-val-4793,,
q02584,QMSum,person,test-17-2,https://github.com/Yale-LILY/QMSum,qmsum:test-17,,
q02585,Ubuntu help chat,"AI, from a real document",ubuntu-irc-val-11056,https://huggingface.co/datasets/jkkummerfeld/irc_disentangle,ubuntu_irc:ubuntu-irc-val-11056,,
q02586,CLINC150,person,2863,https://huggingface.co/datasets/clinc/clinc_oos,clinc_hr:2863,,
q02587,EnterpriseRAG-Bench,benchmark,qst_0002,https://huggingface.co/datasets/onyx-dot-app/EnterpriseRAG-Bench,enterprise_rag:qst_0002,,
q02588,Apache Kafka Confluence,"AI, from a real document",cwiki-406621583,https://cwiki.apache.org/confluence/spaces/KAFKA/pages/406621583/KIP-1287+Disallow+sendOffsetsToTransaction+from+committing+offsets+for+unassigned+partitions,kafka_kips:cwiki-406621583,,
q02589,Apache Kafka Jira,"AI, from a real document",KAFKA-14660,https://issues.apache.org/jira/browse/KAFKA-14660,kafka_jira:KAFKA-14660,,
q02590,Hard cases (generated),AI-generated,sr-g0502,data/v2/inputs/old_dataset.xlsx,old_generated:sr-g0502,gmail,False
q02591,MASSIVE,person,14592,https://github.com/alexa/massive,massive_qa:14592,,
q02592,CLINC150,person,534,https://huggingface.co/datasets/clinc/clinc_oos,clinc_hr:534,,
q02593,Hard cases (generated),AI-generated,sr-g0420,data/v2/inputs/old_dataset.xlsx,old_generated:sr-g0420,gmail,False
q02594,CLINC150,person,12076,https://huggingface.co/datasets/clinc/clinc_oos,clinc_smalltalk:12076,,
q02595,Hard cases (generated),AI-generated,sr-g0647,data/v2/inputs/old_dataset.xlsx,old_generated:sr-g0647,slack,False
q02596,EnterpriseRAG-Bench,benchmark,qst_0313,https://huggingface.co/datasets/onyx-dot-app/EnterpriseRAG-Bench,enterprise_rag:qst_0313,,
q02597,Hard cases (generated),AI-generated,sr-g0733,data/v2/inputs/old_dataset.xlsx,old_generated:sr-g0733,gmail|kb,False
q02598,MASSIVE,person,17084,https://github.com/alexa/massive,massive_email:17084,,
q02599,CLINC150,person,21019,https://huggingface.co/datasets/clinc/clinc_oos,clinc_hr:21019,,
q02600,CLINC150,person,15497,https://huggingface.co/datasets/clinc/clinc_oos,clinc_hr:15497,,
q02601,Hard cases (generated),AI-generated,sr-g0159,data/v2/inputs/old_dataset.xlsx,old_generated:sr-g0159,slack,False
q02602,WixQA,person,184,https://huggingface.co/datasets/Wix/WixQA,wixqa_simulated:184,,
q02603,Ubuntu help chat,"AI, from a real document",ubuntu-irc-tes-14575,https://huggingface.co/datasets/jkkummerfeld/irc_disentangle,ubuntu_irc:ubuntu-irc-tes-14575,,
q02604,QMSum,person,train-50-6,https://github.com/Yale-LILY/QMSum,qmsum:train-50,,
q02605,ConcurrentQA,person,PAIRIDX:34290,https://huggingface.co/datasets/stanfordnlp/concurrentqa,concurrentqa_wiki:PAIRIDX:34290,,
q02606,Hard cases (hand-written),hand-written,sr-h0016,data/v2/inputs/old_dataset.xlsx,old_human:sr-h0016,notion,True
q02607,Hard cases (hand-written),hand-written,sr-h0019,data/v2/inputs/old_dataset.xlsx,old_human:sr-h0019,jira,False
q02608,WixQA,person,96,https://huggingface.co/datasets/Wix/WixQA,wixqa_simulated:96,,
q02609,Hard cases (hand-written),hand-written,sr-h0142,data/v2/inputs/old_dataset.xlsx,old_human:sr-h0142,gmail,False
q02610,Hard cases (hand-written),hand-written,sr-h0186,data/v2/inputs/old_dataset.xlsx,old_human:sr-h0186,notion,True
q02611,Apache Kafka Jira,"AI, from a real document",KAFKA-14650,https://issues.apache.org/jira/browse/KAFKA-14650,kafka_jira:KAFKA-14650,,
q02612,Hard cases (generated),AI-generated,sr-g0244,data/v2/inputs/old_dataset.xlsx,old_generated:sr-g0244,notion|kb,False
q02613,MASSIVE,person,16079,https://github.com/alexa/massive,massive_email:16079,,
q02614,QMSum,person,train-115-1,https://github.com/Yale-LILY/QMSum,qmsum:train-115,,
q02615,Hard cases (generated),AI-generated,sr-g0103,data/v2/inputs/old_dataset.xlsx,old_generated:sr-g0103,gmail,False
q02616,ConcurrentQA,person,PAIRIDX:25906,https://huggingface.co/datasets/stanfordnlp/concurrentqa,concurrentqa_wiki:PAIRIDX:25906,,
q02617,Hard cases (generated),AI-generated,sr-g0112,data/v2/inputs/old_dataset.xlsx,old_generated:sr-g0112,kb,False
q02618,Hard cases (generated),AI-generated,sr-g0311,data/v2/inputs/old_dataset.xlsx,old_generated:sr-g0311,jira|notion,False
q02619,Hard cases (hand-written),hand-written,sr-h0115,data/v2/inputs/old_dataset.xlsx,old_human:sr-h0115,slack,False
q02620,Hard cases (generated),AI-generated,sr-g0012,data/v2/inputs/old_dataset.xlsx,old_generated:sr-g0012,gmail,False
q02621,Hard cases (generated),AI-generated,sr-g0001,data/v2/inputs/old_dataset.xlsx,old_generated:sr-g0001,slack,False
q02622,Ubuntu help chat,"AI, from a real document",ubuntu-irc-tes-1085,https://huggingface.co/datasets/jkkummerfeld/irc_disentangle,ubuntu_irc:ubuntu-irc-tes-1085,,
q02623,EnterpriseRAG-Bench,benchmark,qst_0334,https://huggingface.co/datasets/onyx-dot-app/EnterpriseRAG-Bench,enterprise_rag:qst_0334,,
q02624,Hard cases (hand-written),hand-written,sr-h0077,data/v2/inputs/old_dataset.xlsx,old_human:sr-h0077,notion|kb,True
q02625,QMSum,person,train-64-4,https://github.com/Yale-LILY/QMSum,qmsum:train-64,,
q02626,Natural Questions,person,648,https://huggingface.co/datasets/google-research-datasets/nq_open,nq_open:648,,
q02627,CLINC150,person,9672,https://huggingface.co/datasets/clinc/clinc_oos,clinc_smalltalk:9672,,
q02628,QMSum,person,val-9-3,https://github.com/Yale-LILY/QMSum,qmsum:val-9,,
q02629,QMSum,person,train-23-3,https://github.com/Yale-LILY/QMSum,qmsum:train-23,,
q02630,Hard cases (generated),AI-generated,sr-g0124,data/v2/inputs/old_dataset.xlsx,old_generated:sr-g0124,,False
q02631,Hard cases (generated),AI-generated,sr-g0173,data/v2/inputs/old_dataset.xlsx,old_generated:sr-g0173,notion,False
q02632,QMSum,person,val-26-1,https://github.com/Yale-LILY/QMSum,qmsum:val-26,,
q02633,Hard cases (hand-written),hand-written,sr-h0075,data/v2/inputs/old_dataset.xlsx,old_human:sr-h0075,notion|kb,True
q02634,Apache Kafka Jira,"AI, from a real document",KAFKA-15337,https://issues.apache.org/jira/browse/KAFKA-15337,kafka_jira:KAFKA-15337,,
q02635,Hard cases (hand-written),hand-written,sr-h0044,data/v2/inputs/old_dataset.xlsx,old_human:sr-h0044,jira|notion|gmail|kb,True
q02636,Hard cases (generated),AI-generated,sr-g0158,data/v2/inputs/old_dataset.xlsx,old_generated:sr-g0158,slack,False
q02637,Apache Kafka Confluence,"AI, from a real document",cwiki-406620926,https://cwiki.apache.org/confluence/spaces/KAFKA/pages/406620926/KIP-1286+Add+last-applied-image-latency+metric+for+brokers,kafka_kips:cwiki-406620926,,
q02638,Apache Kafka Jira,"AI, from a real document",KAFKA-16159,https://issues.apache.org/jira/browse/KAFKA-16159,kafka_jira:KAFKA-16159,,
q02639,Hard cases (generated),AI-generated,sr-g0225,data/v2/inputs/old_dataset.xlsx,old_generated:sr-g0225,slack|notion,False
q02640,Hard cases (generated),AI-generated,sr-g0133,data/v2/inputs/old_dataset.xlsx,old_generated:sr-g0133,,False
q02641,Hard cases (generated),AI-generated,sr-g0022,data/v2/inputs/old_dataset.xlsx,old_generated:sr-g0022,slack,False
q02642,Hard cases (generated),AI-generated,sr-g0047,data/v2/inputs/old_dataset.xlsx,old_generated:sr-g0047,notion,True
q02643,Hard cases (generated),AI-generated,sr-g0211,data/v2/inputs/old_dataset.xlsx,old_generated:sr-g0211,slack|gmail,False
q02644,Hard cases (generated),AI-generated,sr-g0254,data/v2/inputs/old_dataset.xlsx,old_generated:sr-g0254,notion|kb,False
q02645,EnterpriseRAG-Bench,benchmark,qst_0127,https://huggingface.co/datasets/onyx-dot-app/EnterpriseRAG-Bench,enterprise_rag:qst_0127,,
q02646,Ubuntu help chat,"AI, from a real document",ubuntu-irc-val-11039,https://huggingface.co/datasets/jkkummerfeld/irc_disentangle,ubuntu_irc:ubuntu-irc-val-11039,,
q02647,Hard cases (hand-written),hand-written,sr-h0178,data/v2/inputs/old_dataset.xlsx,old_human:sr-h0178,notion|kb,True
q02648,Hard cases (generated),AI-generated,sr-g0134,data/v2/inputs/old_dataset.xlsx,old_generated:sr-g0134,,False
q02649,Hard cases (hand-written),hand-written,sr-h0098,data/v2/inputs/old_dataset.xlsx,old_human:sr-h0098,slack|notion,False
q02650,Hard cases (hand-written),hand-written,sr-h0190,data/v2/inputs/old_dataset.xlsx,old_human:sr-h0190,notion,True
q02651,CLINC150,person,21995,https://huggingface.co/datasets/clinc/clinc_oos,clinc_hr:21995,,
q02652,QMSum,person,train-16-4,https://github.com/Yale-LILY/QMSum,qmsum:train-16,,
q02653,Hard cases (generated),AI-generated,sr-g0204,data/v2/inputs/old_dataset.xlsx,old_generated:sr-g0204,jira|notion,True
q02654,Hard cases (generated),AI-generated,sr-g0272,data/v2/inputs/old_dataset.xlsx,old_generated:sr-g0272,gmail|kb,False
q02655,Hard cases (hand-written),hand-written,sr-h0155,data/v2/inputs/old_dataset.xlsx,old_human:sr-h0155,slack|notion|gmail|kb,True
q02656,Hard cases (generated),AI-generated,sr-g0009,data/v2/inputs/old_dataset.xlsx,old_generated:sr-g0009,notion,False
q02657,Hard cases (generated),AI-generated,sr-g0307,data/v2/inputs/old_dataset.xlsx,old_generated:sr-g0307,slack|notion,False
q02658,EnterpriseRAG-Bench,benchmark,qst_0144,https://huggingface.co/datasets/onyx-dot-app/EnterpriseRAG-Bench,enterprise_rag:qst_0144,,
q02659,Ubuntu help chat,"AI, from a real document",ubuntu-irc-tes-8851,https://huggingface.co/datasets/jkkummerfeld/irc_disentangle,ubuntu_irc:ubuntu-irc-tes-8851,,
q02660,Hard cases (generated),AI-generated,sr-g0300,data/v2/inputs/old_dataset.xlsx,old_generated:sr-g0300,slack|jira,False
q02661,Hard cases (generated),AI-generated,sr-g0330,data/v2/inputs/old_dataset.xlsx,old_generated:sr-g0330,notion,True
q02662,Hard cases (generated),AI-generated,sr-g0060,data/v2/inputs/old_dataset.xlsx,old_generated:sr-g0060,kb,False
q02663,Hard cases (hand-written),hand-written,sr-h0094,data/v2/inputs/old_dataset.xlsx,old_human:sr-h0094,slack|notion,False
q02664,WixQA,person,190,https://huggingface.co/datasets/Wix/WixQA,wixqa_expert:190,,
q02665,MASSIVE,person,17076,https://github.com/alexa/massive,massive_email:17076,,
q02666,WixQA,person,46,https://huggingface.co/datasets/Wix/WixQA,wixqa_expert:46,,
q02667,Hard cases (generated),AI-generated,sr-g0229,data/v2/inputs/old_dataset.xlsx,old_generated:sr-g0229,slack|jira,False
q02668,Hard cases (hand-written),hand-written,sr-h0096,data/v2/inputs/old_dataset.xlsx,old_human:sr-h0096,slack|notion,False
q02669,MASSIVE,person,14458,https://github.com/alexa/massive,massive_qa:14458,,
q02670,QMSum,person,train-50-3,https://github.com/Yale-LILY/QMSum,qmsum:train-50,,
q02671,EnterpriseRAG-Bench,benchmark,qst_0408,https://huggingface.co/datasets/onyx-dot-app/EnterpriseRAG-Bench,enterprise_rag:qst_0408,,
q02672,QMSum,person,train-138-0,https://github.com/Yale-LILY/QMSum,qmsum:train-138,,
q02673,WixQA,person,10,https://huggingface.co/datasets/Wix/WixQA,wixqa_simulated:10,,
q02674,Apache Kafka Jira,"AI, from a real document",KAFKA-19718,https://issues.apache.org/jira/browse/KAFKA-19718,kafka_jira:KAFKA-19718,,
q02675,Natural Questions,person,1005,https://huggingface.co/datasets/google-research-datasets/nq_open,nq_open:1005,,
q02676,EnterpriseRAG-Bench,benchmark,qst_0174,https://huggingface.co/datasets/onyx-dot-app/EnterpriseRAG-Bench,enterprise_rag:qst_0174,,
q02677,EnterpriseRAG-Bench,benchmark,qst_0069,https://huggingface.co/datasets/onyx-dot-app/EnterpriseRAG-Bench,enterprise_rag:qst_0069,,
q02678,Hard cases (generated),AI-generated,sr-g0246,data/v2/inputs/old_dataset.xlsx,old_generated:sr-g0246,notion|kb,False
q02679,Hard cases (hand-written),hand-written,sr-h0212,data/v2/inputs/old_dataset.xlsx,old_human:sr-h0212,slack|jira,False
q02680,EnterpriseRAG-Bench,benchmark,qst_0207,https://huggingface.co/datasets/onyx-dot-app/EnterpriseRAG-Bench,enterprise_rag:qst_0207,,
q02681,EnterpriseRAG-Bench,benchmark,qst_0078,https://huggingface.co/datasets/onyx-dot-app/EnterpriseRAG-Bench,enterprise_rag:qst_0078,,
q02682,QMSum,person,train-131-2,https://github.com/Yale-LILY/QMSum,qmsum:train-131,,
q02683,Apache Kafka Jira,"AI, from a real document",KAFKA-20393,https://issues.apache.org/jira/browse/KAFKA-20393,kafka_jira:KAFKA-20393,,
q02684,QMSum,person,train-62-4,https://github.com/Yale-LILY/QMSum,qmsum:train-62,,
q02685,Hard cases (hand-written),hand-written,sr-h0127,data/v2/inputs/old_dataset.xlsx,old_human:sr-h0127,notion,True
q02686,MASSIVE,person,16513,https://github.com/alexa/massive,massive_email:16513,,
q02687,Hard cases (generated),AI-generated,sr-g0328,data/v2/inputs/old_dataset.xlsx,old_generated:sr-g0328,jira,False
q02688,MASSIVE,person,14848,https://github.com/alexa/massive,massive_qa:14848,,
q02689,Hard cases (hand-written),hand-written,sr-h0215,data/v2/inputs/old_dataset.xlsx,old_human:sr-h0215,jira,False
q02690,Hard cases (generated),AI-generated,sr-g0190,data/v2/inputs/old_dataset.xlsx,old_generated:sr-g0190,slack|jira,False
q02691,Apache Kafka Confluence,"AI, from a real document",cwiki-93325630,https://cwiki.apache.org/confluence/spaces/KAFKA/pages/93325630/KIP-377+TopicCommand+to+use+AdminClient,kafka_kips:cwiki-93325630,,
q02692,Hard cases (hand-written),hand-written,sr-h0118,data/v2/inputs/old_dataset.xlsx,old_human:sr-h0118,slack,False
q02693,Hard cases (hand-written),hand-written,sr-h0113,data/v2/inputs/old_dataset.xlsx,old_human:sr-h0113,slack|jira,False
q02694,Hard cases (generated),AI-generated,sr-g0149,data/v2/inputs/old_dataset.xlsx,old_generated:sr-g0149,,False
q02695,Hard cases (hand-written),hand-written,sr-h0065,data/v2/inputs/old_dataset.xlsx,old_human:sr-h0065,jira,False
q02696,Natural Questions,person,2972,https://huggingface.co/datasets/google-research-datasets/nq_open,nq_open:2972,,
q02697,CLINC150,person,9693,https://huggingface.co/datasets/clinc/clinc_oos,clinc_smalltalk:9693,,
q02698,Apache Kafka Confluence,"AI, from a real document",cwiki-100829515,https://cwiki.apache.org/confluence/spaces/KAFKA/pages/100829515/KIP-421+Automatically+resolve+external+configurations.,kafka_kips:cwiki-100829515,,
q02699,Apache Kafka Jira,"AI, from a real document",KAFKA-12770,https://issues.apache.org/jira/browse/KAFKA-12770,kafka_jira:KAFKA-12770,,
q02700,EnterpriseRAG-Bench,benchmark,qst_0192,https://huggingface.co/datasets/onyx-dot-app/EnterpriseRAG-Bench,enterprise_rag:qst_0192,,
q02701,Natural Questions,person,1631,https://huggingface.co/datasets/google-research-datasets/nq_open,nq_open:1631,,
q02702,Hard cases (hand-written),hand-written,sr-h0090,data/v2/inputs/old_dataset.xlsx,old_human:sr-h0090,slack|notion,False
q02703,Natural Questions,person,2012,https://huggingface.co/datasets/google-research-datasets/nq_open,nq_open:2012,,
q02704,EnterpriseRAG-Bench,benchmark,qst_0038,https://huggingface.co/datasets/onyx-dot-app/EnterpriseRAG-Bench,enterprise_rag:qst_0038,,
q02705,QMSum,person,train-34-1,https://github.com/Yale-LILY/QMSum,qmsum:train-34,,
q02706,Hard cases (hand-written),hand-written,sr-h0135,data/v2/inputs/old_dataset.xlsx,old_human:sr-h0135,,False
q02707,MASSIVE,person,16367,https://github.com/alexa/massive,massive_email:16367,,
q02708,Hard cases (hand-written),hand-written,sr-h0175,data/v2/inputs/old_dataset.xlsx,old_human:sr-h0175,notion|kb,True
q02709,Hard cases (generated),AI-generated,sr-g0136,data/v2/inputs/old_dataset.xlsx,old_generated:sr-g0136,,False
q02710,Hard cases (generated),AI-generated,sr-g0336,data/v2/inputs/old_dataset.xlsx,old_generated:sr-g0336,kb,False
q02711,MASSIVE,person,12990,https://github.com/alexa/massive,massive_qa:12990,,
q02712,Hard cases (hand-written),hand-written,sr-h0017,data/v2/inputs/old_dataset.xlsx,old_human:sr-h0017,jira,False
q02713,Apache Kafka Jira,"AI, from a real document",KAFKA-14629,https://issues.apache.org/jira/browse/KAFKA-14629,kafka_jira:KAFKA-14629,,
q02714,Hard cases (generated),AI-generated,sr-g0152,data/v2/inputs/old_dataset.xlsx,old_generated:sr-g0152,,False
q02715,WixQA,person,129,https://huggingface.co/datasets/Wix/WixQA,wixqa_expert:129,,
q02716,CLINC150,person,18723,https://huggingface.co/datasets/clinc/clinc_oos,clinc_hr:18723,,
q02717,EnterpriseRAG-Bench,benchmark,qst_0065,https://huggingface.co/datasets/onyx-dot-app/EnterpriseRAG-Bench,enterprise_rag:qst_0065,,
q02718,Hard cases (generated),AI-generated,sr-g0192,data/v2/inputs/old_dataset.xlsx,old_generated:sr-g0192,slack|jira,False
q02719,Hard cases (generated),AI-generated,sr-g0075,data/v2/inputs/old_dataset.xlsx,old_generated:sr-g0075,slack,False
q02720,Hard cases (generated),AI-generated,sr-g0277,data/v2/inputs/old_dataset.xlsx,old_generated:sr-g0277,slack|jira|notion,True
q02721,Hard cases (hand-written),hand-written,sr-h0003,data/v2/inputs/old_dataset.xlsx,old_human:sr-h0003,slack,False
q02722,Hard cases (generated),AI-generated,sr-g0175,data/v2/inputs/old_dataset.xlsx,old_generated:sr-g0175,gmail,False
q02723,Hard cases (hand-written),hand-written,sr-h0191,data/v2/inputs/old_dataset.xlsx,old_human:sr-h0191,slack|notion,False
q02724,Hard cases (hand-written),hand-written,sr-h0010,data/v2/inputs/old_dataset.xlsx,old_human:sr-h0010,,True
q02725,Hard cases (generated),AI-generated,sr-g0129,data/v2/inputs/old_dataset.xlsx,old_generated:sr-g0129,,False
q02726,Hard cases (generated),AI-generated,sr-g0215,data/v2/inputs/old_dataset.xlsx,old_generated:sr-g0215,jira|kb,False
q02727,EnterpriseRAG-Bench,benchmark,qst_0227,https://huggingface.co/datasets/onyx-dot-app/EnterpriseRAG-Bench,enterprise_rag:qst_0227,,
q02728,EnterpriseRAG-Bench,benchmark,qst_0072,https://huggingface.co/datasets/onyx-dot-app/EnterpriseRAG-Bench,enterprise_rag:qst_0072,,
q02729,QMSum,person,train-151-4,https://github.com/Yale-LILY/QMSum,qmsum:train-151,,
q02730,CLINC150,person,1066,https://huggingface.co/datasets/clinc/clinc_oos,clinc_public:1066,,
q02731,Hard cases (hand-written),hand-written,sr-h0101,data/v2/inputs/old_dataset.xlsx,old_human:sr-h0101,notion,True
q02732,MASSIVE,person,14145,https://github.com/alexa/massive,massive_qa:14145,,
q02733,Hard cases (generated),AI-generated,sr-g0316,data/v2/inputs/old_dataset.xlsx,old_generated:sr-g0316,slack|gmail,False
q02734,Hard cases (hand-written),hand-written,sr-h0133,data/v2/inputs/old_dataset.xlsx,old_human:sr-h0133,notion,True
q02735,Hard cases (generated),AI-generated,sr-g0201,data/v2/inputs/old_dataset.xlsx,old_generated:sr-g0201,jira|notion,False
q02736,CLINC150,person,1073,https://huggingface.co/datasets/clinc/clinc_oos,clinc_public:1073,,
q02737,CLINC150,person,17023,https://huggingface.co/datasets/clinc/clinc_oos,clinc_hr:17023,,
q02738,Hard cases (generated),AI-generated,sr-g0294,data/v2/inputs/old_dataset.xlsx,old_generated:sr-g0294,slack|jira|kb,True
q02739,Hard cases (generated),AI-generated,sr-g0331,data/v2/inputs/old_dataset.xlsx,old_generated:sr-g0331,notion,True
q02740,EnterpriseRAG-Bench,benchmark,qst_0052,https://huggingface.co/datasets/onyx-dot-app/EnterpriseRAG-Bench,enterprise_rag:qst_0052,,
q02741,Hard cases (hand-written),hand-written,sr-h0031,data/v2/inputs/old_dataset.xlsx,old_human:sr-h0031,slack,False
q02742,Hard cases (hand-written),hand-written,sr-h0103,data/v2/inputs/old_dataset.xlsx,old_human:sr-h0103,slack,False
q02743,Apache Kafka Confluence,"AI, from a real document",cwiki-340036792,https://cwiki.apache.org/confluence/spaces/KAFKA/pages/340036792/KIP-1139+Add+support+for+OAuth+jwt-bearer+grant+type,kafka_kips:cwiki-340036792,,
q02744,Apache Kafka Jira,"AI, from a real document",KAFKA-18920,https://issues.apache.org/jira/browse/KAFKA-18920,kafka_jira:KAFKA-18920,,
q02745,Natural Questions,person,2980,https://huggingface.co/datasets/google-research-datasets/nq_open,nq_open:2980,,
q02746,Hard cases (generated),AI-generated,sr-g0155,data/v2/inputs/old_dataset.xlsx,old_generated:sr-g0155,slack,False
q02747,CLINC150,person,2978,https://huggingface.co/datasets/clinc/clinc_oos,clinc_smalltalk:2978,,
q02748,Hard cases (hand-written),hand-written,sr-h0005,data/v2/inputs/old_dataset.xlsx,old_human:sr-h0005,notion,True
q02749,Hard cases (generated),AI-generated,sr-g0257,data/v2/inputs/old_dataset.xlsx,old_generated:sr-g0257,slack|notion,False
q02750,Hard cases (generated),AI-generated,sr-g0231,data/v2/inputs/old_dataset.xlsx,old_generated:sr-g0231,slack|jira,False
q02751,Natural Questions,person,1173,https://huggingface.co/datasets/google-research-datasets/nq_open,nq_open:1173,,
q02752,WixQA,person,62,https://huggingface.co/datasets/Wix/WixQA,wixqa_expert:62,,
q02753,Hard cases (hand-written),hand-written,sr-h0125,data/v2/inputs/old_dataset.xlsx,old_human:sr-h0125,slack,False
q02754,Hard cases (generated),AI-generated,sr-g0061,data/v2/inputs/old_dataset.xlsx,old_generated:sr-g0061,kb,False
q02755,Hard cases (generated),AI-generated,sr-g0024,data/v2/inputs/old_dataset.xlsx,old_generated:sr-g0024,slack,False
q02756,Hard cases (generated),AI-generated,sr-g0019,data/v2/inputs/old_dataset.xlsx,old_generated:sr-g0019,slack,False
q02757,CLINC150,person,13343,https://huggingface.co/datasets/clinc/clinc_oos,clinc_smalltalk:13343,,
q02758,QMSum,person,train-27-1,https://github.com/Yale-LILY/QMSum,qmsum:train-27,,
q02759,Apache Kafka Jira,"AI, from a real document",KAFKA-17053,https://issues.apache.org/jira/browse/KAFKA-17053,kafka_jira:KAFKA-17053,,
q02760,Hard cases (hand-written),hand-written,sr-h0177,data/v2/inputs/old_dataset.xlsx,old_human:sr-h0177,notion|kb,True
q02761,CLINC150,person,2163,https://huggingface.co/datasets/clinc/clinc_oos,clinc_smalltalk:2163,,
q02762,Hard cases (generated),AI-generated,sr-g0077,data/v2/inputs/old_dataset.xlsx,old_generated:sr-g0077,slack,False
q02763,Apache Kafka Jira,"AI, from a real document",KAFKA-16124,https://issues.apache.org/jira/browse/KAFKA-16124,kafka_jira:KAFKA-16124,,
q02764,Hard cases (generated),AI-generated,sr-g0023,data/v2/inputs/old_dataset.xlsx,old_generated:sr-g0023,slack,False
q02765,Hard cases (hand-written),hand-written,sr-h0033,data/v2/inputs/old_dataset.xlsx,old_human:sr-h0033,kb,False
q02766,CLINC150,person,1076,https://huggingface.co/datasets/clinc/clinc_oos,clinc_public:1076,,
q02767,QMSum,person,train-74-0,https://github.com/Yale-LILY/QMSum,qmsum:train-74,,
q02768,Ubuntu help chat,"AI, from a real document",ubuntu-irc-tes-5542,https://huggingface.co/datasets/jkkummerfeld/irc_disentangle,ubuntu_irc:ubuntu-irc-tes-5542,,
q02769,Hard cases (hand-written),hand-written,sr-h0166,data/v2/inputs/old_dataset.xlsx,old_human:sr-h0166,jira,False
q02770,Hard cases (hand-written),hand-written,sr-h0068,data/v2/inputs/old_dataset.xlsx,old_human:sr-h0068,gmail,False
q02771,Hard cases (generated),AI-generated,sr-g0314,data/v2/inputs/old_dataset.xlsx,old_generated:sr-g0314,gmail|notion,True
q02772,Hard cases (generated),AI-generated,sr-g0205,data/v2/inputs/old_dataset.xlsx,old_generated:sr-g0205,gmail|notion,True
q02773,Hard cases (hand-written),hand-written,sr-h0117,data/v2/inputs/old_dataset.xlsx,old_human:sr-h0117,jira,False
q02774,Hard cases (generated),AI-generated,sr-g0109,data/v2/inputs/old_dataset.xlsx,old_generated:sr-g0109,kb,False
q02775,Hard cases (hand-written),hand-written,sr-h0107,data/v2/inputs/old_dataset.xlsx,old_human:sr-h0107,slack|jira,False
q02776,Hard cases (hand-written),hand-written,sr-h0160,data/v2/inputs/old_dataset.xlsx,old_human:sr-h0160,notion,True
q02777,QMSum,person,train-5-1,https://github.com/Yale-LILY/QMSum,qmsum:train-5,,
q02778,Hard cases (generated),AI-generated,sr-g0191,data/v2/inputs/old_dataset.xlsx,old_generated:sr-g0191,slack|jira,False
q02779,Apache Kafka Confluence,"AI, from a real document",cwiki-309496747,https://cwiki.apache.org/confluence/spaces/KAFKA/pages/309496747/KIP-1054+Support+external+schemas+in+JSONConverter,kafka_kips:cwiki-309496747,,
q02780,Hard cases (generated),AI-generated,sr-g0295,data/v2/inputs/old_dataset.xlsx,old_generated:sr-g0295,slack|jira|kb,False
q02781,CLINC150,person,19209,https://huggingface.co/datasets/clinc/clinc_oos,clinc_hr:19209,,
q02782,Hard cases (generated),AI-generated,sr-g0180,data/v2/inputs/old_dataset.xlsx,old_generated:sr-g0180,gmail,False
q02783,Hard cases (hand-written),hand-written,sr-h0082,data/v2/inputs/old_dataset.xlsx,old_human:sr-h0082,notion|kb,True
q02784,MASSIVE,person,16046,https://github.com/alexa/massive,massive_email:16046,,
q02785,Hard cases (hand-written),hand-written,sr-h0168,data/v2/inputs/old_dataset.xlsx,old_human:sr-h0168,slack,False
q02786,Hard cases (generated),AI-generated,sr-g0266,data/v2/inputs/old_dataset.xlsx,old_generated:sr-g0266,slack|gmail,False
q02787,Hard cases (generated),AI-generated,sr-g0287,data/v2/inputs/old_dataset.xlsx,old_generated:sr-g0287,slack|notion|gmail,True
q02788,Hard cases (generated),AI-generated,sr-g0139,data/v2/inputs/old_dataset.xlsx,old_generated:sr-g0139,,False
q02789,Apache Kafka Confluence,"AI, from a real document",cwiki-158870065,https://cwiki.apache.org/confluence/spaces/KAFKA/pages/158870065/KIP-656+MirrorMaker2+Exactly-once+Semantics,kafka_kips:cwiki-158870065,,
q02790,Hard cases (generated),AI-generated,sr-g0034,data/v2/inputs/old_dataset.xlsx,old_generated:sr-g0034,jira,False
q02791,Hard cases (generated),AI-generated,sr-g0081,data/v2/inputs/old_dataset.xlsx,old_generated:sr-g0081,jira,False
q02792,EnterpriseRAG-Bench,benchmark,qst_0091,https://huggingface.co/datasets/onyx-dot-app/EnterpriseRAG-Bench,enterprise_rag:qst_0091,,
q02793,Hard cases (generated),AI-generated,sr-g0274,data/v2/inputs/old_dataset.xlsx,old_generated:sr-g0274,slack|jira|notion,False
q02794,Hard cases (hand-written),hand-written,sr-h0147,data/v2/inputs/old_dataset.xlsx,old_human:sr-h0147,notion,True
q02795,Hard cases (hand-written),hand-written,sr-h0131,data/v2/inputs/old_dataset.xlsx,old_human:sr-h0131,,False
q02796,EnterpriseRAG-Bench,benchmark,qst_0327,https://huggingface.co/datasets/onyx-dot-app/EnterpriseRAG-Bench,enterprise_rag:qst_0327,,
q02797,Hard cases (generated),AI-generated,sr-g0032,data/v2/inputs/old_dataset.xlsx,old_generated:sr-g0032,jira,False
q02798,WixQA,person,129,https://huggingface.co/datasets/Wix/WixQA,wixqa_simulated:129,,
q02799,EnterpriseRAG-Bench,benchmark,qst_0283,https://huggingface.co/datasets/onyx-dot-app/EnterpriseRAG-Bench,enterprise_rag:qst_0283,,
q02800,EnterpriseRAG-Bench,benchmark,qst_0134,https://huggingface.co/datasets/onyx-dot-app/EnterpriseRAG-Bench,enterprise_rag:qst_0134,,
q02801,MASSIVE,person,16381,https://github.com/alexa/massive,massive_email:16381,,
q02802,Hard cases (generated),AI-generated,sr-g0329,data/v2/inputs/old_dataset.xlsx,old_generated:sr-g0329,jira,False
q02803,Hard cases (generated),AI-generated,sr-g0221,data/v2/inputs/old_dataset.xlsx,old_generated:sr-g0221,slack|notion,False
q02804,CLINC150,person,14045,https://huggingface.co/datasets/clinc/clinc_oos,clinc_smalltalk:14045,,
q02805,Natural Questions,person,402,https://huggingface.co/datasets/google-research-datasets/nq_open,nq_open:402,,
q02806,QMSum,person,train-11-0,https://github.com/Yale-LILY/QMSum,qmsum:train-11,,
q02807,ConcurrentQA,person,PAIRIDX:23019,https://huggingface.co/datasets/stanfordnlp/concurrentqa,concurrentqa_wiki:PAIRIDX:23019,,
q02808,Hard cases (generated),AI-generated,sr-g0044,data/v2/inputs/old_dataset.xlsx,old_generated:sr-g0044,notion,True
q02809,QMSum,person,val-8-1,https://github.com/Yale-LILY/QMSum,qmsum:val-8,,
q02810,EnterpriseRAG-Bench,benchmark,qst_0041,https://huggingface.co/datasets/onyx-dot-app/EnterpriseRAG-Bench,enterprise_rag:qst_0041,,
q02811,Ubuntu help chat,"AI, from a real document",ubuntu-irc-val-2404,https://huggingface.co/datasets/jkkummerfeld/irc_disentangle,ubuntu_irc:ubuntu-irc-val-2404,,
q02812,WixQA,person,27,https://huggingface.co/datasets/Wix/WixQA,wixqa_simulated:27,,
q02813,Hard cases (generated),AI-generated,sr-g0194,data/v2/inputs/old_dataset.xlsx,old_generated:sr-g0194,notion|kb,True
q02814,Hard cases (generated),AI-generated,sr-g0174,data/v2/inputs/old_dataset.xlsx,old_generated:sr-g0174,notion,False
q02815,Hard cases (generated),AI-generated,sr-g0115,data/v2/inputs/old_dataset.xlsx,old_generated:sr-g0115,,False
q02816,Hard cases (generated),AI-generated,sr-g0234,data/v2/inputs/old_dataset.xlsx,old_generated:sr-g0234,slack|jira,False
q02817,CLINC150,person,22508,https://huggingface.co/datasets/clinc/clinc_oos,clinc_smalltalk:22508,,
q02818,Hard cases (generated),AI-generated,sr-g0021,data/v2/inputs/old_dataset.xlsx,old_generated:sr-g0021,slack,False
q02819,EnterpriseRAG-Bench,benchmark,qst_0343,https://huggingface.co/datasets/onyx-dot-app/EnterpriseRAG-Bench,enterprise_rag:qst_0343,,
q02820,Hard cases (generated),AI-generated,sr-g0107,data/v2/inputs/old_dataset.xlsx,old_generated:sr-g0107,kb,False
q02821,MASSIVE,person,13278,https://github.com/alexa/massive,massive_qa:13278,,
q02822,Hard cases (hand-written),hand-written,sr-h0196,data/v2/inputs/old_dataset.xlsx,old_human:sr-h0196,slack|notion,True
q02823,Hard cases (generated),AI-generated,sr-g0252,data/v2/inputs/old_dataset.xlsx,old_generated:sr-g0252,slack|jira,False
q02824,WixQA,person,175,https://huggingface.co/datasets/Wix/WixQA,wixqa_simulated:175,,
q02825,Hard cases (generated),AI-generated,sr-g0041,data/v2/inputs/old_dataset.xlsx,old_generated:sr-g0041,notion,True
q02826,WixQA,person,150,https://huggingface.co/datasets/Wix/WixQA,wixqa_simulated:150,,
q02827,Apache Kafka Confluence,"AI, from a real document",cwiki-240884528,https://cwiki.apache.org/confluence/spaces/KAFKA/pages/240884528/KIP-909+DNS+Resolution+Failure+Should+Not+Fail+the+Clients,kafka_kips:cwiki-240884528,,
q02828,Apache Kafka Jira,"AI, from a real document",KAFKA-14648,https://issues.apache.org/jira/browse/KAFKA-14648,kafka_jira:KAFKA-14648,,
q02829,Hard cases (hand-written),hand-written,sr-h0087,data/v2/inputs/old_dataset.xlsx,old_human:sr-h0087,kb,False
q02830,MASSIVE,person,16463,https://github.com/alexa/massive,massive_email:16463,,
q02831,QMSum,person,train-100-2,https://github.com/Yale-LILY/QMSum,qmsum:train-100,,
q02832,Hard cases (generated),AI-generated,sr-g0156,data/v2/inputs/old_dataset.xlsx,old_generated:sr-g0156,slack,False
q02833,Ubuntu help chat,"AI, from a real document",ubuntu-irc-tes-4203,https://huggingface.co/datasets/jkkummerfeld/irc_disentangle,ubuntu_irc:ubuntu-irc-tes-4203,,
q02834,Hard cases (generated),AI-generated,sr-g0126,data/v2/inputs/old_dataset.xlsx,old_generated:sr-g0126,,False
q02835,Hard cases (hand-written),hand-written,sr-h0069,data/v2/inputs/old_dataset.xlsx,old_human:sr-h0069,notion,True
q02836,Hard cases (hand-written),hand-written,sr-h0134,data/v2/inputs/old_dataset.xlsx,old_human:sr-h0134,notion,True
q02837,Natural Questions,person,2286,https://huggingface.co/datasets/google-research-datasets/nq_open,nq_open:2286,,
q02838,Hard cases (hand-written),hand-written,sr-h0004,data/v2/inputs/old_dataset.xlsx,old_human:sr-h0004,notion,True
q02839,Hard cases (hand-written),hand-written,sr-h0024,data/v2/inputs/old_dataset.xlsx,old_human:sr-h0024,,False
q02840,Hard cases (generated),AI-generated,sr-g0008,data/v2/inputs/old_dataset.xlsx,old_generated:sr-g0008,notion,False
q02841,Hard cases (generated),AI-generated,sr-g0195,data/v2/inputs/old_dataset.xlsx,old_generated:sr-g0195,notion|kb,True
q02842,MASSIVE,person,16384,https://github.com/alexa/massive,massive_email:16384,,
q02843,CLINC150,person,12093,https://huggingface.co/datasets/clinc/clinc_oos,clinc_smalltalk:12093,,
q02844,QMSum,person,train-23-4,https://github.com/Yale-LILY/QMSum,qmsum:train-23,,
q02845,QMSum,person,train-58-0,https://github.com/Yale-LILY/QMSum,qmsum:train-58,,
q02846,Hard cases (generated),AI-generated,sr-g0013,data/v2/inputs/old_dataset.xlsx,old_generated:sr-g0013,gmail,False
q02847,EnterpriseRAG-Bench,benchmark,qst_0022,https://huggingface.co/datasets/onyx-dot-app/EnterpriseRAG-Bench,enterprise_rag:qst_0022,,
q02848,QMSum,person,train-67-4,https://github.com/Yale-LILY/QMSum,qmsum:train-67,,
q02849,Hard cases (hand-written),hand-written,sr-h0122,data/v2/inputs/old_dataset.xlsx,old_human:sr-h0122,,False
q02850,Hard cases (generated),AI-generated,sr-g0072,data/v2/inputs/old_dataset.xlsx,old_generated:sr-g0072,slack,False
q02851,Hard cases (hand-written),hand-written,sr-h0201,data/v2/inputs/old_dataset.xlsx,old_human:sr-h0201,notion,True
q02852,Hard cases (generated),AI-generated,sr-g0285,data/v2/inputs/old_dataset.xlsx,old_generated:sr-g0285,notion|jira|kb,False
q02853,Apache Kafka Confluence,"AI, from a real document",cwiki-399278471,https://cwiki.apache.org/confluence/spaces/KAFKA/pages/399278471/KIP-1239+Batch+offset+translation+in+RemoteClusterUtils,kafka_kips:cwiki-399278471,,
q02854,Hard cases (generated),AI-generated,sr-g0063,data/v2/inputs/old_dataset.xlsx,old_generated:sr-g0063,kb,False
q02855,Hard cases (generated),AI-generated,sr-g0193,data/v2/inputs/old_dataset.xlsx,old_generated:sr-g0193,notion|kb,True
q02856,Hard cases (generated),AI-generated,sr-g0337,data/v2/inputs/old_dataset.xlsx,old_generated:sr-g0337,kb,False
q02857,Hard cases (generated),AI-generated,sr-g0324,data/v2/inputs/old_dataset.xlsx,old_generated:sr-g0324,slack,False
q02858,Hard cases (generated),AI-generated,sr-g0120,data/v2/inputs/old_dataset.xlsx,old_generated:sr-g0120,,False
q02859,ConcurrentQA,person,PAIRIDX:18267,https://huggingface.co/datasets/stanfordnlp/concurrentqa,concurrentqa_wiki:PAIRIDX:18267,,
q02860,EnterpriseRAG-Bench,benchmark,qst_0444,https://huggingface.co/datasets/onyx-dot-app/EnterpriseRAG-Bench,enterprise_rag:qst_0444,,
q02861,Hard cases (generated),AI-generated,sr-g0198,data/v2/inputs/old_dataset.xlsx,old_generated:sr-g0198,slack|notion,True
q02862,CLINC150,person,7646,https://huggingface.co/datasets/clinc/clinc_oos,clinc_hr:7646,,
q02863,EnterpriseRAG-Bench,benchmark,qst_0166,https://huggingface.co/datasets/onyx-dot-app/EnterpriseRAG-Bench,enterprise_rag:qst_0166,,
q02864,Apache Kafka Confluence,"AI, from a real document",cwiki-97554055,https://cwiki.apache.org/confluence/spaces/KAFKA/pages/97554055/KIP-403+Increase+ProducerPerformance+precision+by+using+nanoTime,kafka_kips:cwiki-97554055,,
q02865,CLINC150,person,21912,https://huggingface.co/datasets/clinc/clinc_oos,clinc_smalltalk:21912,,
q02866,Hard cases (hand-written),hand-written,sr-h0137,data/v2/inputs/old_dataset.xlsx,old_human:sr-h0137,gmail,False
q02867,Hard cases (hand-written),hand-written,sr-h0207,data/v2/inputs/old_dataset.xlsx,old_human:sr-h0207,slack|jira,False
q02868,Hard cases (generated),AI-generated,sr-g0209,data/v2/inputs/old_dataset.xlsx,old_generated:sr-g0209,slack|gmail,False
q02869,Hard cases (generated),AI-generated,sr-g0162,data/v2/inputs/old_dataset.xlsx,old_generated:sr-g0162,jira,False
q02870,Hard cases (hand-written),hand-written,sr-h0138,data/v2/inputs/old_dataset.xlsx,old_human:sr-h0138,notion,True
q02871,Hard cases (hand-written),hand-written,sr-h0035,data/v2/inputs/old_dataset.xlsx,old_human:sr-h0035,slack|notion,True
q02872,Hard cases (generated),AI-generated,sr-g0230,data/v2/inputs/old_dataset.xlsx,old_generated:sr-g0230,slack|jira,False
q02873,Apache Kafka Jira,"AI, from a real document",KAFKA-13363,https://issues.apache.org/jira/browse/KAFKA-13363,kafka_jira:KAFKA-13363,,
q02874,QMSum,person,train-73-4,https://github.com/Yale-LILY/QMSum,qmsum:train-73,,
q02875,Hard cases (generated),AI-generated,sr-g0145,data/v2/inputs/old_dataset.xlsx,old_generated:sr-g0145,,False
q02876,EnterpriseRAG-Bench,benchmark,qst_0265,https://huggingface.co/datasets/onyx-dot-app/EnterpriseRAG-Bench,enterprise_rag:qst_0265,,
q02877,CLINC150,person,11887,https://huggingface.co/datasets/clinc/clinc_oos,clinc_smalltalk:11887,,
q02878,Ubuntu help chat,"AI, from a real document",ubuntu-irc-val-11148,https://huggingface.co/datasets/jkkummerfeld/irc_disentangle,ubuntu_irc:ubuntu-irc-val-11148,,
q02879,Hard cases (generated),AI-generated,sr-g0226,data/v2/inputs/old_dataset.xlsx,old_generated:sr-g0226,slack|notion,False
q02880,Hard cases (hand-written),hand-written,sr-h0023,data/v2/inputs/old_dataset.xlsx,old_human:sr-h0023,slack,False
q02881,Hard cases (generated),AI-generated,sr-g0080,data/v2/inputs/old_dataset.xlsx,old_generated:sr-g0080,jira,False
q02882,Hard cases (generated),AI-generated,sr-g0255,data/v2/inputs/old_dataset.xlsx,old_generated:sr-g0255,notion|kb,False
q02883,EnterpriseRAG-Bench,benchmark,qst_0016,https://huggingface.co/datasets/onyx-dot-app/EnterpriseRAG-Bench,enterprise_rag:qst_0016,,
q02884,MASSIVE,person,13828,https://github.com/alexa/massive,massive_qa:13828,,
q02885,Ubuntu help chat,"AI, from a real document",ubuntu-irc-tes-3982,https://huggingface.co/datasets/jkkummerfeld/irc_disentangle,ubuntu_irc:ubuntu-irc-tes-3982,,
q02886,EnterpriseRAG-Bench,benchmark,qst_0338,https://huggingface.co/datasets/onyx-dot-app/EnterpriseRAG-Bench,enterprise_rag:qst_0338,,
q02887,CLINC150,person,14027,https://huggingface.co/datasets/clinc/clinc_oos,clinc_smalltalk:14027,,
q02888,EnterpriseRAG-Bench,benchmark,qst_0243,https://huggingface.co/datasets/onyx-dot-app/EnterpriseRAG-Bench,enterprise_rag:qst_0243,,
q02889,Hard cases (hand-written),hand-written,sr-h0120,data/v2/inputs/old_dataset.xlsx,old_human:sr-h0120,notion,True
q02890,EnterpriseRAG-Bench,benchmark,qst_0380,https://huggingface.co/datasets/onyx-dot-app/EnterpriseRAG-Bench,enterprise_rag:qst_0380,,
q02891,Hard cases (generated),AI-generated,sr-g0117,data/v2/inputs/old_dataset.xlsx,old_generated:sr-g0117,,False
q02892,Apache Kafka Jira,"AI, from a real document",KAFKA-14641,https://issues.apache.org/jira/browse/KAFKA-14641,kafka_jira:KAFKA-14641,,
q02893,Hard cases (generated),AI-generated,sr-g0279,data/v2/inputs/old_dataset.xlsx,old_generated:sr-g0279,slack|jira|notion,False
q02894,Hard cases (hand-written),hand-written,sr-h0121,data/v2/inputs/old_dataset.xlsx,old_human:sr-h0121,,False
q02895,WixQA,person,29,https://huggingface.co/datasets/Wix/WixQA,wixqa_expert:29,,
q02896,Hard cases (generated),AI-generated,sr-g0086,data/v2/inputs/old_dataset.xlsx,old_generated:sr-g0086,jira,False
q02897,QMSum,person,train-42-4,https://github.com/Yale-LILY/QMSum,qmsum:train-42,,
q02898,Natural Questions,person,1704,https://huggingface.co/datasets/google-research-datasets/nq_open,nq_open:1704,,
q02899,Hard cases (hand-written),hand-written,sr-h0086,data/v2/inputs/old_dataset.xlsx,old_human:sr-h0086,notion,True
q02900,Hard cases (generated),AI-generated,sr-g0305,data/v2/inputs/old_dataset.xlsx,old_generated:sr-g0305,notion|kb,True
q02901,Hard cases (generated),AI-generated,sr-g0239,data/v2/inputs/old_dataset.xlsx,old_generated:sr-g0239,notion|kb,False
q02902,QMSum,person,train-27-3,https://github.com/Yale-LILY/QMSum,qmsum:train-27,,
q02903,EnterpriseRAG-Bench,benchmark,qst_0260,https://huggingface.co/datasets/onyx-dot-app/EnterpriseRAG-Bench,enterprise_rag:qst_0260,,
q02904,CLINC150,person,7601,https://huggingface.co/datasets/clinc/clinc_oos,clinc_hr:7601,,
q02905,WixQA,person,68,https://huggingface.co/datasets/Wix/WixQA,wixqa_simulated:68,,
q02906,Hard cases (generated),AI-generated,sr-g0043,data/v2/inputs/old_dataset.xlsx,old_generated:sr-g0043,notion,True
q02907,Hard cases (generated),AI-generated,sr-g0250,data/v2/inputs/old_dataset.xlsx,old_generated:sr-g0250,slack|jira,False
q02908,Hard cases (hand-written),hand-written,sr-h0064,data/v2/inputs/old_dataset.xlsx,old_human:sr-h0064,notion,True
q02909,Hard cases (hand-written),hand-written,sr-h0018,data/v2/inputs/old_dataset.xlsx,old_human:sr-h0018,notion,True
q02910,EnterpriseRAG-Bench,benchmark,qst_0450,https://huggingface.co/datasets/onyx-dot-app/EnterpriseRAG-Bench,enterprise_rag:qst_0450,,
q02911,Hard cases (generated),AI-generated,sr-g0038,data/v2/inputs/old_dataset.xlsx,old_generated:sr-g0038,jira,False
q02912,QMSum,person,train-11-3,https://github.com/Yale-LILY/QMSum,qmsum:train-11,,
q02913,Hard cases (generated),AI-generated,sr-g0106,data/v2/inputs/old_dataset.xlsx,old_generated:sr-g0106,kb,False
q02914,ConcurrentQA,person,PAIRIDX:82454,https://huggingface.co/datasets/stanfordnlp/concurrentqa,concurrentqa_wiki:PAIRIDX:82454,,
q02915,Apache Kafka Confluence,"AI, from a real document",cwiki-315493897,https://cwiki.apache.org/confluence/spaces/KAFKA/pages/315493897/KIP-1079+Deprecate+delete-config+of+TopicCommand,kafka_kips:cwiki-315493897,,
q02916,Hard cases (hand-written),hand-written,sr-h0014,data/v2/inputs/old_dataset.xlsx,old_human:sr-h0014,gmail,False
q02917,CLINC150,person,8859,https://huggingface.co/datasets/clinc/clinc_oos,clinc_hr:8859,,
q02918,Natural Questions,person,1316,https://huggingface.co/datasets/google-research-datasets/nq_open,nq_open:1316,,
q02919,Hard cases (generated),AI-generated,sr-g0113,data/v2/inputs/old_dataset.xlsx,old_generated:sr-g0113,kb,False
q02920,Natural Questions,person,1331,https://huggingface.co/datasets/google-research-datasets/nq_open,nq_open:1331,,
q02921,Ubuntu help chat,"AI, from a real document",ubuntu-irc-val-4767,https://huggingface.co/datasets/jkkummerfeld/irc_disentangle,ubuntu_irc:ubuntu-irc-val-4767,,
q02922,Hard cases (generated),AI-generated,sr-g0296,data/v2/inputs/old_dataset.xlsx,old_generated:sr-g0296,slack|jira|kb,False
q02923,Apache Kafka Jira,"AI, from a real document",KAFKA-19773,https://issues.apache.org/jira/browse/KAFKA-19773,kafka_jira:KAFKA-19773,,
q02924,MASSIVE,person,15880,https://github.com/alexa/massive,massive_email:15880,,
q02925,Hard cases (generated),AI-generated,sr-g0037,data/v2/inputs/old_dataset.xlsx,old_generated:sr-g0037,jira,False
q02926,Hard cases (hand-written),hand-written,sr-h0055,data/v2/inputs/old_dataset.xlsx,old_human:sr-h0055,kb,False
q02927,EnterpriseRAG-Bench,benchmark,qst_0419,https://huggingface.co/datasets/onyx-dot-app/EnterpriseRAG-Bench,enterprise_rag:qst_0419,,
q02928,MASSIVE,person,15963,https://github.com/alexa/massive,massive_email:15963,,
q02929,Hard cases (hand-written),hand-written,sr-h0112,data/v2/inputs/old_dataset.xlsx,old_human:sr-h0112,slack|jira,False
q02930,Natural Questions,person,607,https://huggingface.co/datasets/google-research-datasets/nq_open,nq_open:607,,
q02931,CLINC150,person,21251,https://huggingface.co/datasets/clinc/clinc_oos,clinc_smalltalk:21251,,
q02932,EnterpriseRAG-Bench,benchmark,qst_0054,https://huggingface.co/datasets/onyx-dot-app/EnterpriseRAG-Bench,enterprise_rag:qst_0054,,
q02933,QMSum,person,train-65-0,https://github.com/Yale-LILY/QMSum,qmsum:train-65,,
q02934,Hard cases (hand-written),hand-written,sr-h0145,data/v2/inputs/old_dataset.xlsx,old_human:sr-h0145,gmail,False
q02935,Hard cases (generated),AI-generated,sr-g0258,data/v2/inputs/old_dataset.xlsx,old_generated:sr-g0258,slack|notion,False
q02936,Hard cases (generated),AI-generated,sr-g0073,data/v2/inputs/old_dataset.xlsx,old_generated:sr-g0073,slack,False
q02937,Hard cases (generated),AI-generated,sr-g0125,data/v2/inputs/old_dataset.xlsx,old_generated:sr-g0125,,False
q02938,Hard cases (generated),AI-generated,sr-g0100,data/v2/inputs/old_dataset.xlsx,old_generated:sr-g0100,gmail,False
q02939,Hard cases (hand-written),hand-written,sr-h0063,data/v2/inputs/old_dataset.xlsx,old_human:sr-h0063,notion,False
q02940,QMSum,person,val-28-0,https://github.com/Yale-LILY/QMSum,qmsum:val-28,,
q02941,Hard cases (generated),AI-generated,sr-g0342,data/v2/inputs/old_dataset.xlsx,old_generated:sr-g0342,gmail|notion,False
q02942,Apache Kafka Confluence,"AI, from a real document",cwiki-284790213,https://cwiki.apache.org/confluence/spaces/KAFKA/pages/284790213/KIP-1014+Managing+Unstable+Features+in+Apache+Kafka,kafka_kips:cwiki-284790213,,
q02943,EnterpriseRAG-Bench,benchmark,qst_0074,https://huggingface.co/datasets/onyx-dot-app/EnterpriseRAG-Bench,enterprise_rag:qst_0074,,
q02944,Ubuntu help chat,"AI, from a real document",ubuntu-irc-tes-8955,https://huggingface.co/datasets/jkkummerfeld/irc_disentangle,ubuntu_irc:ubuntu-irc-tes-8955,,
q02945,Ubuntu help chat,"AI, from a real document",ubuntu-irc-tes-1291,https://huggingface.co/datasets/jkkummerfeld/irc_disentangle,ubuntu_irc:ubuntu-irc-tes-1291,,
q02946,Hard cases (hand-written),hand-written,sr-h0058,data/v2/inputs/old_dataset.xlsx,old_human:sr-h0058,slack,False
q02947,Hard cases (generated),AI-generated,sr-g0183,data/v2/inputs/old_dataset.xlsx,old_generated:sr-g0183,kb,False
q02948,EnterpriseRAG-Bench,benchmark,qst_0381,https://huggingface.co/datasets/onyx-dot-app/EnterpriseRAG-Bench,enterprise_rag:qst_0381,,
q02949,Apache Kafka Confluence,"AI, from a real document",cwiki-170265745,https://cwiki.apache.org/confluence/spaces/KAFKA/pages/170265745/KIP-697+Stricter+parsing+of+addresses+in+configs,kafka_kips:cwiki-170265745,,
q02950,QMSum,person,train-95-1,https://github.com/Yale-LILY/QMSum,qmsum:train-95,,
q02951,Hard cases (generated),AI-generated,sr-g0184,data/v2/inputs/old_dataset.xlsx,old_generated:sr-g0184,kb,False
q02952,EnterpriseRAG-Bench,benchmark,qst_0118,https://huggingface.co/datasets/onyx-dot-app/EnterpriseRAG-Bench,enterprise_rag:qst_0118,,
q02953,MASSIVE,person,16719,https://github.com/alexa/massive,massive_email:16719,,
q02954,Hard cases (hand-written),hand-written,sr-h0076,data/v2/inputs/old_dataset.xlsx,old_human:sr-h0076,notion|kb,True
q02955,Apache Kafka Confluence,"AI, from a real document",cwiki-263429475,https://cwiki.apache.org/confluence/spaces/KAFKA/pages/263429475/KIP-982+Access+SslPrincipalMapper+and+kerberosShortNamer+in+Custom+KafkaPrincipalBuilder,kafka_kips:cwiki-263429475,,
q02956,WixQA,person,186,https://huggingface.co/datasets/Wix/WixQA,wixqa_simulated:186,,
q02957,CLINC150,person,12128,https://huggingface.co/datasets/clinc/clinc_oos,clinc_hr:12128,,
q02958,Hard cases (generated),AI-generated,sr-g0208,data/v2/inputs/old_dataset.xlsx,old_generated:sr-g0208,gmail|notion,False
q02959,CLINC150,person,13320,https://huggingface.co/datasets/clinc/clinc_oos,clinc_smalltalk:13320,,
q02960,Hard cases (hand-written),hand-written,sr-h0202,data/v2/inputs/old_dataset.xlsx,old_human:sr-h0202,slack,False
q02961,MASSIVE,person,16992,https://github.com/alexa/massive,massive_email:16992,,
q02962,EnterpriseRAG-Bench,benchmark,qst_0190,https://huggingface.co/datasets/onyx-dot-app/EnterpriseRAG-Bench,enterprise_rag:qst_0190,,
q02963,MASSIVE,person,17005,https://github.com/alexa/massive,massive_email:17005,,
q02964,Hard cases (hand-written),hand-written,sr-h0013,data/v2/inputs/old_dataset.xlsx,old_human:sr-h0013,slack,False
q02965,Hard cases (generated),AI-generated,sr-g0217,data/v2/inputs/old_dataset.xlsx,old_generated:sr-g0217,gmail|kb,False
q02966,Hard cases (generated),AI-generated,sr-g0036,data/v2/inputs/old_dataset.xlsx,old_generated:sr-g0036,jira,False
q02967,Apache Kafka Jira,"AI, from a real document",KAFKA-16179,https://issues.apache.org/jira/browse/KAFKA-16179,kafka_jira:KAFKA-16179,,
q02968,Hard cases (generated),AI-generated,sr-g0005,data/v2/inputs/old_dataset.xlsx,old_generated:sr-g0005,jira,False
q02969,QMSum,person,train-66-3,https://github.com/Yale-LILY/QMSum,qmsum:train-66,,
q02970,Hard cases (hand-written),hand-written,sr-h0020,data/v2/inputs/old_dataset.xlsx,old_human:sr-h0020,gmail,False
q02971,Hard cases (hand-written),hand-written,sr-h0046,data/v2/inputs/old_dataset.xlsx,old_human:sr-h0046,slack|notion|gmail|kb,True
q02972,Ubuntu help chat,"AI, from a real document",ubuntu-irc-val-11011,https://huggingface.co/datasets/jkkummerfeld/irc_disentangle,ubuntu_irc:ubuntu-irc-val-11011,,
q02973,Hard cases (generated),AI-generated,sr-g0344,data/v2/inputs/old_dataset.xlsx,old_generated:sr-g0344,jira|kb,False
q02974,Apache Kafka Confluence,"AI, from a real document",cwiki-345377525,https://cwiki.apache.org/confluence/spaces/KAFKA/pages/345377525/KIP-1146+Anchored+punctuation,kafka_kips:cwiki-345377525,,
q02975,Hard cases (hand-written),hand-written,sr-h0184,data/v2/inputs/old_dataset.xlsx,old_human:sr-h0184,notion|kb,True
q02976,Hard cases (generated),AI-generated,sr-g0150,data/v2/inputs/old_dataset.xlsx,old_generated:sr-g0150,,False
q02977,QMSum,person,train-65-2,https://github.com/Yale-LILY/QMSum,qmsum:train-65,,
q02978,Ubuntu help chat,"AI, from a real document",ubuntu-irc-val-11027,https://huggingface.co/datasets/jkkummerfeld/irc_disentangle,ubuntu_irc:ubuntu-irc-val-11027,,
q02979,Hard cases (generated),AI-generated,sr-g0282,data/v2/inputs/old_dataset.xlsx,old_generated:sr-g0282,notion|jira|kb,True
q02980,Ubuntu help chat,"AI, from a real document",ubuntu-irc-val-3640,https://huggingface.co/datasets/jkkummerfeld/irc_disentangle,ubuntu_irc:ubuntu-irc-val-3640,,
q02981,Hard cases (hand-written),hand-written,sr-h0001,data/v2/inputs/old_dataset.xlsx,old_human:sr-h0001,gmail,False
q02982,Hard cases (generated),AI-generated,sr-g0127,data/v2/inputs/old_dataset.xlsx,old_generated:sr-g0127,,False
q02983,EnterpriseRAG-Bench,benchmark,qst_0068,https://huggingface.co/datasets/onyx-dot-app/EnterpriseRAG-Bench,enterprise_rag:qst_0068,,
q02984,Hard cases (hand-written),hand-written,sr-h0156,data/v2/inputs/old_dataset.xlsx,old_human:sr-h0156,slack|jira|notion|gmail,True
q02985,WixQA,person,80,https://huggingface.co/datasets/Wix/WixQA,wixqa_expert:80,,
q02986,Hard cases (hand-written),hand-written,sr-h0011,data/v2/inputs/old_dataset.xlsx,old_human:sr-h0011,gmail,False
q02987,Hard cases (hand-written),hand-written,sr-h0188,data/v2/inputs/old_dataset.xlsx,old_human:sr-h0188,notion,True
q02988,Apache Kafka Confluence,"AI, from a real document",cwiki-191334838,https://cwiki.apache.org/confluence/spaces/KAFKA/pages/191334838/KIP-785+Automatic+storage+formatting,kafka_kips:cwiki-191334838,,
q02989,Ubuntu help chat,"AI, from a real document",ubuntu-irc-tes-13240,https://huggingface.co/datasets/jkkummerfeld/irc_disentangle,ubuntu_irc:ubuntu-irc-tes-13240,,
q02990,WixQA,person,173,https://huggingface.co/datasets/Wix/WixQA,wixqa_expert:173,,
q02991,Apache Kafka Confluence,"AI, from a real document",cwiki-152114962,https://cwiki.apache.org/confluence/spaces/KAFKA/pages/152114962/KIP-611+Improved+Handling+of+Abandoned+Connectors+and+Tasks,kafka_kips:cwiki-152114962,,
q02992,Apache Kafka Jira,"AI, from a real document",KAFKA-16206,https://issues.apache.org/jira/browse/KAFKA-16206,kafka_jira:KAFKA-16206,,
q02993,Hard cases (generated),AI-generated,sr-g0026,data/v2/inputs/old_dataset.xlsx,old_generated:sr-g0026,slack,False
q02994,Hard cases (generated),AI-generated,sr-g0110,data/v2/inputs/old_dataset.xlsx,old_generated:sr-g0110,kb,False
q02995,Apache Kafka Jira,"AI, from a real document",KAFKA-20453,https://issues.apache.org/jira/browse/KAFKA-20453,kafka_jira:KAFKA-20453,,
q02996,Apache Kafka Confluence,"AI, from a real document",cwiki-148643048,https://cwiki.apache.org/confluence/spaces/KAFKA/pages/148643048/KIP-584+Versioning+scheme+for+features,kafka_kips:cwiki-148643048,,
q02997,Hard cases (generated),AI-generated,sr-g0293,data/v2/inputs/old_dataset.xlsx,old_generated:sr-g0293,slack|jira|kb,False
q02998,Natural Questions,person,1154,https://huggingface.co/datasets/google-research-datasets/nq_open,nq_open:1154,,
q02999,Hard cases (generated),AI-generated,sr-g0325,data/v2/inputs/old_dataset.xlsx,old_generated:sr-g0325,slack,True
q03000,Hard cases (generated),AI-generated,sr-g0249,data/v2/inputs/old_dataset.xlsx,old_generated:sr-g0249,slack|jira,False
q03001,Apache Kafka Jira,"AI, from a real document",KAFKA-21181,https://issues.apache.org/jira/browse/KAFKA-21181,kafka_jira:KAFKA-21181,,
q03002,Natural Questions,person,2372,https://huggingface.co/datasets/google-research-datasets/nq_open,nq_open:2372,,
q03003,Hard cases (hand-written),hand-written,sr-h0157,data/v2/inputs/old_dataset.xlsx,old_human:sr-h0157,slack|jira|gmail|kb,False
q03004,Hard cases (generated),AI-generated,sr-g0076,data/v2/inputs/old_dataset.xlsx,old_generated:sr-g0076,slack,False
q03005,Hard cases (generated),AI-generated,sr-g0264,data/v2/inputs/old_dataset.xlsx,old_generated:sr-g0264,gmail|notion,False
q03006,CLINC150,person,18987,https://huggingface.co/datasets/clinc/clinc_oos,clinc_smalltalk:18987,,
q03007,Hard cases (hand-written),hand-written,sr-h0128,data/v2/inputs/old_dataset.xlsx,old_human:sr-h0128,kb,False
q03008,Hard cases (generated),AI-generated,sr-g0066,data/v2/inputs/old_dataset.xlsx,old_generated:sr-g0066,kb,False
q03009,Hard cases (generated),AI-generated,sr-g0317,data/v2/inputs/old_dataset.xlsx,old_generated:sr-g0317,slack|gmail,False
q03010,Ubuntu help chat,"AI, from a real document",ubuntu-irc-tes-4193,https://huggingface.co/datasets/jkkummerfeld/irc_disentangle,ubuntu_irc:ubuntu-irc-tes-4193,,
q03011,WixQA,person,69,https://huggingface.co/datasets/Wix/WixQA,wixqa_expert:69,,
q03012,Hard cases (generated),AI-generated,sr-g0248,data/v2/inputs/old_dataset.xlsx,old_generated:sr-g0248,notion|kb,False
q03013,CLINC150,person,14077,https://huggingface.co/datasets/clinc/clinc_oos,clinc_smalltalk:14077,,
q03014,EnterpriseRAG-Bench,benchmark,qst_0039,https://huggingface.co/datasets/onyx-dot-app/EnterpriseRAG-Bench,enterprise_rag:qst_0039,,
q03015,Natural Questions,person,2994,https://huggingface.co/datasets/google-research-datasets/nq_open,nq_open:2994,,
q03016,WixQA,person,48,https://huggingface.co/datasets/Wix/WixQA,wixqa_simulated:48,,
q03017,QMSum,person,train-57-1,https://github.com/Yale-LILY/QMSum,qmsum:train-57,,
q03018,Hard cases (generated),AI-generated,sr-g0118,data/v2/inputs/old_dataset.xlsx,old_generated:sr-g0118,,False
q03019,Hard cases (generated),AI-generated,sr-g0210,data/v2/inputs/old_dataset.xlsx,old_generated:sr-g0210,slack|gmail,False
q03020,Hard cases (hand-written),hand-written,sr-h0100,data/v2/inputs/old_dataset.xlsx,old_human:sr-h0100,notion,True
q03021,CLINC150,person,12156,https://huggingface.co/datasets/clinc/clinc_oos,clinc_hr:12156,,
q03022,QMSum,person,train-113-2,https://github.com/Yale-LILY/QMSum,qmsum:train-113,,
q03023,QMSum,person,val-4-1,https://github.com/Yale-LILY/QMSum,qmsum:val-4,,
q03024,Natural Questions,person,798,https://huggingface.co/datasets/google-research-datasets/nq_open,nq_open:798,,
q03025,Natural Questions,person,3359,https://huggingface.co/datasets/google-research-datasets/nq_open,nq_open:3359,,
q03026,Ubuntu help chat,"AI, from a real document",ubuntu-irc-tes-13158,https://huggingface.co/datasets/jkkummerfeld/irc_disentangle,ubuntu_irc:ubuntu-irc-tes-13158,,
q03027,Hard cases (generated),AI-generated,sr-g0207,data/v2/inputs/old_dataset.xlsx,old_generated:sr-g0207,gmail|notion,True
q03028,Hard cases (generated),AI-generated,sr-g0212,data/v2/inputs/old_dataset.xlsx,old_generated:sr-g0212,slack|gmail,False
q03029,WixQA,person,53,https://huggingface.co/datasets/Wix/WixQA,wixqa_expert:53,,
q03030,MASSIVE,person,16390,https://github.com/alexa/massive,massive_email:16390,,
q03031,Hard cases (hand-written),hand-written,sr-h0030,data/v2/inputs/old_dataset.xlsx,old_human:sr-h0030,notion,True
q03032,Hard cases (hand-written),hand-written,sr-h0172,data/v2/inputs/old_dataset.xlsx,old_human:sr-h0172,notion,True
q03033,QMSum,person,train-151-5,https://github.com/Yale-LILY/QMSum,qmsum:train-151,,
q03034,Hard cases (generated),AI-generated,sr-g0157,data/v2/inputs/old_dataset.xlsx,old_generated:sr-g0157,slack,False
q03035,Hard cases (generated),AI-generated,sr-g0291,data/v2/inputs/old_dataset.xlsx,old_generated:sr-g0291,slack|notion|gmail,True
q03036,Hard cases (hand-written),hand-written,sr-h0012,data/v2/inputs/old_dataset.xlsx,old_human:sr-h0012,notion,True
q03037,EnterpriseRAG-Bench,benchmark,qst_0206,https://huggingface.co/datasets/onyx-dot-app/EnterpriseRAG-Bench,enterprise_rag:qst_0206,,
q03038,Apache Kafka Confluence,"AI, from a real document",cwiki-356452810,https://cwiki.apache.org/confluence/spaces/KAFKA/pages/356452810/KIP-1178+Introduce+remote.max.partition.fetch.bytes+config+in+Consumer,kafka_kips:cwiki-356452810,,
q03039,Hard cases (generated),AI-generated,sr-g0214,data/v2/inputs/old_dataset.xlsx,old_generated:sr-g0214,jira|kb,False
q03040,Hard cases (generated),AI-generated,sr-g0035,data/v2/inputs/old_dataset.xlsx,old_generated:sr-g0035,jira,False
q03041,Hard cases (generated),AI-generated,sr-g0303,data/v2/inputs/old_dataset.xlsx,old_generated:sr-g0303,notion|kb,True
q03042,Hard cases (generated),AI-generated,sr-g0176,data/v2/inputs/old_dataset.xlsx,old_generated:sr-g0176,gmail,False
q03043,CLINC150,person,514,https://huggingface.co/datasets/clinc/clinc_oos,clinc_hr:514,,
q03044,Apache Kafka Jira,"AI, from a real document",KAFKA-21221,https://issues.apache.org/jira/browse/KAFKA-21221,kafka_jira:KAFKA-21221,,
q03045,Hard cases (generated),AI-generated,sr-g0163,data/v2/inputs/old_dataset.xlsx,old_generated:sr-g0163,jira,False
q03046,Hard cases (generated),AI-generated,sr-g0089,data/v2/inputs/old_dataset.xlsx,old_generated:sr-g0089,notion,False
q03047,Apache Kafka Confluence,"AI, from a real document",cwiki-406622499,https://cwiki.apache.org/confluence/spaces/KAFKA/pages/406622499/KIP-1316+Circuit+Breaker+for+Share+Group+DLQ+Overflow,kafka_kips:cwiki-406622499,,
q03048,Hard cases (generated),AI-generated,sr-g0308,data/v2/inputs/old_dataset.xlsx,old_generated:sr-g0308,slack|notion,True
q03049,Apache Kafka Confluence,"AI, from a real document",cwiki-66849788,https://cwiki.apache.org/confluence/spaces/KAFKA/pages/66849788/KIP-88+OffsetFetch+Protocol+Update,kafka_kips:cwiki-66849788,,
q03050,EnterpriseRAG-Bench,benchmark,qst_0361,https://huggingface.co/datasets/onyx-dot-app/EnterpriseRAG-Bench,enterprise_rag:qst_0361,,
q03051,Hard cases (generated),AI-generated,sr-g0122,data/v2/inputs/old_dataset.xlsx,old_generated:sr-g0122,,False
q03052,Hard cases (generated),AI-generated,sr-g0297,data/v2/inputs/old_dataset.xlsx,old_generated:sr-g0297,slack|jira|kb,False
q03053,EnterpriseRAG-Bench,benchmark,qst_0468,https://huggingface.co/datasets/onyx-dot-app/EnterpriseRAG-Bench,enterprise_rag:qst_0468,,
q03054,CLINC150,person,6505,https://huggingface.co/datasets/clinc/clinc_oos,clinc_smalltalk:6505,,
q03055,Hard cases (generated),AI-generated,sr-g0079,data/v2/inputs/old_dataset.xlsx,old_generated:sr-g0079,jira,False
q03056,Hard cases (generated),AI-generated,sr-g0286,data/v2/inputs/old_dataset.xlsx,old_generated:sr-g0286,notion|jira|kb,True
q03057,MASSIVE,person,16759,https://github.com/alexa/massive,massive_email:16759,,
q03058,MASSIVE,person,16299,https://github.com/alexa/massive,massive_email:16299,,
q03059,ConcurrentQA,person,PAIRIDX:22897,https://huggingface.co/datasets/stanfordnlp/concurrentqa,concurrentqa_wiki:PAIRIDX:22897,,
q03060,Hard cases (hand-written),hand-written,sr-h0080,data/v2/inputs/old_dataset.xlsx,old_human:sr-h0080,notion|kb,True
q03061,QMSum,person,train-15-1,https://github.com/Yale-LILY/QMSum,qmsum:train-15,,
q03062,WixQA,person,87,https://huggingface.co/datasets/Wix/WixQA,wixqa_expert:87,,
q03063,QMSum,person,test-0-1,https://github.com/Yale-LILY/QMSum,qmsum:test-0,,
q03064,EnterpriseRAG-Bench,benchmark,qst_0451,https://huggingface.co/datasets/onyx-dot-app/EnterpriseRAG-Bench,enterprise_rag:qst_0451,,
q03065,Hard cases (generated),AI-generated,sr-g0053,data/v2/inputs/old_dataset.xlsx,old_generated:sr-g0053,gmail,False
q03066,Hard cases (hand-written),hand-written,sr-h0060,data/v2/inputs/old_dataset.xlsx,old_human:sr-h0060,jira,False
q03067,Apache Kafka Jira,"AI, from a real document",KAFKA-12693,https://issues.apache.org/jira/browse/KAFKA-12693,kafka_jira:KAFKA-12693,,
q03068,CLINC150,person,18519,https://huggingface.co/datasets/clinc/clinc_oos,clinc_hr:18519,,
q03069,EnterpriseRAG-Bench,benchmark,qst_0297,https://huggingface.co/datasets/onyx-dot-app/EnterpriseRAG-Bench,enterprise_rag:qst_0297,,
q03070,Natural Questions,person,621,https://huggingface.co/datasets/google-research-datasets/nq_open,nq_open:621,,
q03071,MASSIVE,person,15935,https://github.com/alexa/massive,massive_email:15935,,
q03072,CLINC150,person,4878,https://huggingface.co/datasets/clinc/clinc_oos,clinc_hr:4878,,
q03073,Hard cases (hand-written),hand-written,sr-h0170,data/v2/inputs/old_dataset.xlsx,old_human:sr-h0170,kb,False
q03074,EnterpriseRAG-Bench,benchmark,qst_0382,https://huggingface.co/datasets/onyx-dot-app/EnterpriseRAG-Bench,enterprise_rag:qst_0382,,
q03075,Hard cases (generated),AI-generated,sr-g0281,data/v2/inputs/old_dataset.xlsx,old_generated:sr-g0281,notion|jira|kb,True
q03076,CLINC150,person,17683,https://huggingface.co/datasets/clinc/clinc_oos,clinc_hr:17683,,
q03077,Hard cases (generated),AI-generated,sr-g0240,data/v2/inputs/old_dataset.xlsx,old_generated:sr-g0240,notion|kb,False
q03078,CLINC150,person,1080,https://huggingface.co/datasets/clinc/clinc_oos,clinc_public:1080,,
q03079,WixQA,person,31,https://huggingface.co/datasets/Wix/WixQA,wixqa_simulated:31,,
q03080,WixQA,person,168,https://huggingface.co/datasets/Wix/WixQA,wixqa_expert:168,,
q03081,Hard cases (hand-written),hand-written,sr-h0006,data/v2/inputs/old_dataset.xlsx,old_human:sr-h0006,slack,False
q03082,Apache Kafka Jira,"AI, from a real document",KAFKA-14000,https://issues.apache.org/jira/browse/KAFKA-14000,kafka_jira:KAFKA-14000,,
q03083,Ubuntu help chat,"AI, from a real document",ubuntu-irc-tes-5621,https://huggingface.co/datasets/jkkummerfeld/irc_disentangle,ubuntu_irc:ubuntu-irc-tes-5621,,
q03084,WixQA,person,172,https://huggingface.co/datasets/Wix/WixQA,wixqa_simulated:172,,
q03085,Hard cases (hand-written),hand-written,sr-h0102,data/v2/inputs/old_dataset.xlsx,old_human:sr-h0102,slack,False
q03086,Hard cases (generated),AI-generated,sr-g0074,data/v2/inputs/old_dataset.xlsx,old_generated:sr-g0074,slack,False
q03087,Hard cases (hand-written),hand-written,sr-h0182,data/v2/inputs/old_dataset.xlsx,old_human:sr-h0182,notion|kb,True
q03088,WixQA,person,4,https://huggingface.co/datasets/Wix/WixQA,wixqa_simulated:4,,
q03089,Hard cases (hand-written),hand-written,sr-h0159,data/v2/inputs/old_dataset.xlsx,old_human:sr-h0159,jira,False
q03090,Hard cases (generated),AI-generated,sr-g0253,data/v2/inputs/old_dataset.xlsx,old_generated:sr-g0253,notion|kb,False
q03091,EnterpriseRAG-Bench,benchmark,qst_0119,https://huggingface.co/datasets/onyx-dot-app/EnterpriseRAG-Bench,enterprise_rag:qst_0119,,
q03092,WixQA,person,69,https://huggingface.co/datasets/Wix/WixQA,wixqa_simulated:69,,
q03093,Apache Kafka Jira,"AI, from a real document",KAFKA-13384,https://issues.apache.org/jira/browse/KAFKA-13384,kafka_jira:KAFKA-13384,,
q03094,Ubuntu help chat,"AI, from a real document",ubuntu-irc-tes-11908,https://huggingface.co/datasets/jkkummerfeld/irc_disentangle,ubuntu_irc:ubuntu-irc-tes-11908,,
q03095,Ubuntu help chat,"AI, from a real document",ubuntu-irc-val-1002,https://huggingface.co/datasets/jkkummerfeld/irc_disentangle,ubuntu_irc:ubuntu-irc-val-1002,,
q03096,Hard cases (hand-written),hand-written,sr-h0129,data/v2/inputs/old_dataset.xlsx,old_human:sr-h0129,notion,True
q03097,Hard cases (generated),AI-generated,sr-g0121,data/v2/inputs/old_dataset.xlsx,old_generated:sr-g0121,,False
q03098,ConcurrentQA,person,PAIRIDX:81281,https://huggingface.co/datasets/stanfordnlp/concurrentqa,concurrentqa_wiki:PAIRIDX:81281,,
q03099,Ubuntu help chat,"AI, from a real document",ubuntu-irc-tes-10327,https://huggingface.co/datasets/jkkummerfeld/irc_disentangle,ubuntu_irc:ubuntu-irc-tes-10327,,
q03100,Hard cases (hand-written),hand-written,sr-h0027,data/v2/inputs/old_dataset.xlsx,old_human:sr-h0027,notion,True
q03101,Apache Kafka Confluence,"AI, from a real document",cwiki-381028888,https://cwiki.apache.org/confluence/spaces/KAFKA/pages/381028888/KIP-1209+Add+configuration+to+control+internal+topic+creation+in+Kafka+Connect,kafka_kips:cwiki-381028888,,
q03102,Hard cases (hand-written),hand-written,sr-h0039,data/v2/inputs/old_dataset.xlsx,old_human:sr-h0039,slack|jira|notion|kb,True
q03103,Hard cases (generated),AI-generated,sr-g0263,data/v2/inputs/old_dataset.xlsx,old_generated:sr-g0263,gmail|notion,False
q03104,Hard cases (generated),AI-generated,sr-g0057,data/v2/inputs/old_dataset.xlsx,old_generated:sr-g0057,gmail,False
q03105,Hard cases (generated),AI-generated,sr-g0197,data/v2/inputs/old_dataset.xlsx,old_generated:sr-g0197,slack|notion,False
q03106,Hard cases (hand-written),hand-written,sr-h0047,data/v2/inputs/old_dataset.xlsx,old_human:sr-h0047,slack|jira|notion|gmail,True
q03107,Hard cases (generated),AI-generated,sr-g0318,data/v2/inputs/old_dataset.xlsx,old_generated:sr-g0318,jira|kb,False
q03108,WixQA,person,187,https://huggingface.co/datasets/Wix/WixQA,wixqa_expert:187,,
q03109,Hard cases (hand-written),hand-written,sr-h0150,data/v2/inputs/old_dataset.xlsx,old_human:sr-h0150,slack,False
q03110,Apache Kafka Confluence,"AI, from a real document",cwiki-211884640,https://cwiki.apache.org/confluence/spaces/KAFKA/pages/211884640/KIP-839+Provide+builders+for+KafkaProducer+KafkaConsumer+and+KafkaStreams,kafka_kips:cwiki-211884640,,
q03111,MASSIVE,person,14601,https://github.com/alexa/massive,massive_qa:14601,,
q03112,Hard cases (hand-written),hand-written,sr-h0140,data/v2/inputs/old_dataset.xlsx,old_human:sr-h0140,notion,True
q03113,Hard cases (hand-written),hand-written,sr-h0099,data/v2/inputs/old_dataset.xlsx,old_human:sr-h0099,slack|notion,False
q03114,Hard cases (generated),AI-generated,sr-g0052,data/v2/inputs/old_dataset.xlsx,old_generated:sr-g0052,gmail,False
q03115,Apache Kafka Confluence,"AI, from a real document",cwiki-158869615,https://cwiki.apache.org/confluence/spaces/KAFKA/pages/158869615/KIP-649+Dynamic+Client+Configuration,kafka_kips:cwiki-158869615,,
q03116,Apache Kafka Jira,"AI, from a real document",KAFKA-12784,https://issues.apache.org/jira/browse/KAFKA-12784,kafka_jira:KAFKA-12784,,
q03117,CLINC150,person,1974,https://huggingface.co/datasets/clinc/clinc_oos,clinc_smalltalk:1974,,
q03118,Hard cases (generated),AI-generated,sr-g0042,data/v2/inputs/old_dataset.xlsx,old_generated:sr-g0042,notion,True
q03119,Hard cases (generated),AI-generated,sr-g0312,data/v2/inputs/old_dataset.xlsx,old_generated:sr-g0312,gmail|notion,True
q03120,Hard cases (generated),AI-generated,sr-g0085,data/v2/inputs/old_dataset.xlsx,old_generated:sr-g0085,jira,False
q03121,QMSum,person,train-132-2,https://github.com/Yale-LILY/QMSum,qmsum:train-132,,
q03122,Hard cases (hand-written),hand-written,sr-h0089,data/v2/inputs/old_dataset.xlsx,old_human:sr-h0089,slack|notion,False
q03123,Hard cases (generated),AI-generated,sr-g0116,data/v2/inputs/old_dataset.xlsx,old_generated:sr-g0116,,False
q03124,Hard cases (generated),AI-generated,sr-g0241,data/v2/inputs/old_dataset.xlsx,old_generated:sr-g0241,notion|kb,False
q03125,MASSIVE,person,17001,https://github.com/alexa/massive,massive_email:17001,,
q03126,Hard cases (generated),AI-generated,sr-g0058,data/v2/inputs/old_dataset.xlsx,old_generated:sr-g0058,gmail,False
q03127,Hard cases (hand-written),hand-written,sr-h0081,data/v2/inputs/old_dataset.xlsx,old_human:sr-h0081,notion|kb,True
q03128,Hard cases (generated),AI-generated,sr-g0339,data/v2/inputs/old_dataset.xlsx,old_generated:sr-g0339,notion|kb,True
q03129,Hard cases (hand-written),hand-written,sr-h0041,data/v2/inputs/old_dataset.xlsx,old_human:sr-h0041,notion|jira,True
q03130,Hard cases (generated),AI-generated,sr-g0238,data/v2/inputs/old_dataset.xlsx,old_generated:sr-g0238,slack|jira,False
q03131,Hard cases (hand-written),hand-written,sr-h0124,data/v2/inputs/old_dataset.xlsx,old_human:sr-h0124,notion,False
q03132,WixQA,person,31,https://huggingface.co/datasets/Wix/WixQA,wixqa_expert:31,,
q03133,Hard cases (generated),AI-generated,sr-g0273,data/v2/inputs/old_dataset.xlsx,old_generated:sr-g0273,gmail|kb,False
q03134,Hard cases (hand-written),hand-written,sr-h0057,data/v2/inputs/old_dataset.xlsx,old_human:sr-h0057,notion,True
q03135,MASSIVE,person,15931,https://github.com/alexa/massive,massive_email:15931,,
q03136,EnterpriseRAG-Bench,benchmark,qst_0240,https://huggingface.co/datasets/onyx-dot-app/EnterpriseRAG-Bench,enterprise_rag:qst_0240,,
q03137,CLINC150,person,9673,https://huggingface.co/datasets/clinc/clinc_oos,clinc_smalltalk:9673,,
q03138,QMSum,person,train-77-5,https://github.com/Yale-LILY/QMSum,qmsum:train-77,,
q03139,Hard cases (generated),AI-generated,sr-g0261,data/v2/inputs/old_dataset.xlsx,old_generated:sr-g0261,jira|notion,False
q03140,Apache Kafka Confluence,"AI, from a real document",cwiki-379685565,https://cwiki.apache.org/confluence/spaces/KAFKA/pages/379685565/KIP-1208+Add+prefix+to+TopicBasedRemoteLogMetadataManagerConfig+to+enable+setting+admin+configs,kafka_kips:cwiki-379685565,,
q03141,QMSum,person,train-108-1,https://github.com/Yale-LILY/QMSum,qmsum:train-108,,
q03142,EnterpriseRAG-Bench,benchmark,qst_0153,https://huggingface.co/datasets/onyx-dot-app/EnterpriseRAG-Bench,enterprise_rag:qst_0153,,
q03143,Hard cases (generated),AI-generated,sr-g0323,data/v2/inputs/old_dataset.xlsx,old_generated:sr-g0323,gmail|kb,False
q03144,Hard cases (hand-written),hand-written,sr-h0163,data/v2/inputs/old_dataset.xlsx,old_human:sr-h0163,kb,False
q03145,Hard cases (hand-written),hand-written,sr-h0176,data/v2/inputs/old_dataset.xlsx,old_human:sr-h0176,notion|kb,True
q03146,CLINC150,person,324,https://huggingface.co/datasets/clinc/clinc_oos,clinc_public:324,,
q03147,Hard cases (hand-written),hand-written,sr-h0199,data/v2/inputs/old_dataset.xlsx,old_human:sr-h0199,slack|notion,False
q03148,Ubuntu help chat,"AI, from a real document",ubuntu-irc-tes-13148,https://huggingface.co/datasets/jkkummerfeld/irc_disentangle,ubuntu_irc:ubuntu-irc-tes-13148,,
q03149,Apache Kafka Jira,"AI, from a real document",KAFKA-16180,https://issues.apache.org/jira/browse/KAFKA-16180,kafka_jira:KAFKA-16180,,
q03150,Hard cases (hand-written),hand-written,sr-h0164,data/v2/inputs/old_dataset.xlsx,old_human:sr-h0164,notion,True
q03151,Hard cases (generated),AI-generated,sr-g0114,data/v2/inputs/old_dataset.xlsx,old_generated:sr-g0114,,False
q03152,Hard cases (generated),AI-generated,sr-g0135,data/v2/inputs/old_dataset.xlsx,old_generated:sr-g0135,,False
q03153,Hard cases (hand-written),hand-written,sr-h0043,data/v2/inputs/old_dataset.xlsx,old_human:sr-h0043,slack|notion|gmail|kb,True
q03154,EnterpriseRAG-Bench,benchmark,qst_0301,https://huggingface.co/datasets/onyx-dot-app/EnterpriseRAG-Bench,enterprise_rag:qst_0301,,
q03155,Hard cases (generated),AI-generated,sr-g0172,data/v2/inputs/old_dataset.xlsx,old_generated:sr-g0172,notion,True
q03156,Hard cases (hand-written),hand-written,sr-h0002,data/v2/inputs/old_dataset.xlsx,old_human:sr-h0002,notion,True
q03157,Hard cases (generated),AI-generated,sr-g0309,data/v2/inputs/old_dataset.xlsx,old_generated:sr-g0309,jira|notion,True
q03158,CLINC150,person,13305,https://huggingface.co/datasets/clinc/clinc_oos,clinc_smalltalk:13305,,
q03159,Ubuntu help chat,"AI, from a real document",ubuntu-irc-tes-10257,https://huggingface.co/datasets/jkkummerfeld/irc_disentangle,ubuntu_irc:ubuntu-irc-tes-10257,,
q03160,Hard cases (hand-written),hand-written,sr-h0148,data/v2/inputs/old_dataset.xlsx,old_human:sr-h0148,notion,True
q03161,Ubuntu help chat,"AI, from a real document",ubuntu-irc-tes-13343,https://huggingface.co/datasets/jkkummerfeld/irc_disentangle,ubuntu_irc:ubuntu-irc-tes-13343,,
q03162,Hard cases (hand-written),hand-written,sr-h0146,data/v2/inputs/old_dataset.xlsx,old_human:sr-h0146,kb,False
q03163,Apache Kafka Confluence,"AI, from a real document",cwiki-191337127,https://cwiki.apache.org/confluence/spaces/KAFKA/pages/191337127/KIP-795+Add+public+APIs+for+AbstractCoordinator,kafka_kips:cwiki-191337127,,
q03164,Hard cases (generated),AI-generated,sr-g0031,data/v2/inputs/old_dataset.xlsx,old_generated:sr-g0031,jira,False
q03165,CLINC150,person,13324,https://huggingface.co/datasets/clinc/clinc_oos,clinc_smalltalk:13324,,
q03166,Hard cases (hand-written),hand-written,sr-h0136,data/v2/inputs/old_dataset.xlsx,old_human:sr-h0136,,True
q03167,Hard cases (generated),AI-generated,sr-g0168,data/v2/inputs/old_dataset.xlsx,old_generated:sr-g0168,notion,True
q03168,MASSIVE,person,16448,https://github.com/alexa/massive,massive_email:16448,,
q03169,WixQA,person,107,https://huggingface.co/datasets/Wix/WixQA,wixqa_simulated:107,,
q03170,Hard cases (hand-written),hand-written,sr-h0119,data/v2/inputs/old_dataset.xlsx,old_human:sr-h0119,,False
q03171,Hard cases (hand-written),hand-written,sr-h0143,data/v2/inputs/old_dataset.xlsx,old_human:sr-h0143,notion,True
q03172,Hard cases (generated),AI-generated,sr-g0028,data/v2/inputs/old_dataset.xlsx,old_generated:sr-g0028,slack,False
q03173,Hard cases (generated),AI-generated,sr-g0188,data/v2/inputs/old_dataset.xlsx,old_generated:sr-g0188,kb,False
q03174,MASSIVE,person,14083,https://github.com/alexa/massive,massive_qa:14083,,
q03175,Hard cases (generated),AI-generated,sr-g0319,data/v2/inputs/old_dataset.xlsx,old_generated:sr-g0319,jira|kb,False
q03176,Hard cases (hand-written),hand-written,sr-h0093,data/v2/inputs/old_dataset.xlsx,old_human:sr-h0093,slack|notion,False
q03177,Hard cases (generated),AI-generated,sr-g0148,data/v2/inputs/old_dataset.xlsx,old_generated:sr-g0148,,False
q03178,EnterpriseRAG-Bench,benchmark,qst_0163,https://huggingface.co/datasets/onyx-dot-app/EnterpriseRAG-Bench,enterprise_rag:qst_0163,,
q03179,WixQA,person,9,https://huggingface.co/datasets/Wix/WixQA,wixqa_expert:9,,
q03180,Apache Kafka Jira,"AI, from a real document",KAFKA-12751,https://issues.apache.org/jira/browse/KAFKA-12751,kafka_jira:KAFKA-12751,,
q03181,Hard cases (generated),AI-generated,sr-g0284,data/v2/inputs/old_dataset.xlsx,old_generated:sr-g0284,notion|jira|kb,True
q03182,Apache Kafka Confluence,"AI, from a real document",cwiki-325421632,https://cwiki.apache.org/confluence/spaces/KAFKA/pages/325421632/KIP-1097+Add+Kafka+Connect+exception+handler,kafka_kips:cwiki-325421632,,
q03183,Hard cases (hand-written),hand-written,sr-h0049,data/v2/inputs/old_dataset.xlsx,old_human:sr-h0049,jira,False
q03184,Hard cases (hand-written),hand-written,sr-h0158,data/v2/inputs/old_dataset.xlsx,old_human:sr-h0158,slack|notion|gmail|kb,True
q03185,Hard cases (generated),AI-generated,sr-g0094,data/v2/inputs/old_dataset.xlsx,old_generated:sr-g0094,notion,False
q03186,Ubuntu help chat,"AI, from a real document",ubuntu-irc-val-11033,https://huggingface.co/datasets/jkkummerfeld/irc_disentangle,ubuntu_irc:ubuntu-irc-val-11033,,
q03187,Hard cases (generated),AI-generated,sr-g0306,data/v2/inputs/old_dataset.xlsx,old_generated:sr-g0306,slack|notion,True
q03188,Hard cases (hand-written),hand-written,sr-h0061,data/v2/inputs/old_dataset.xlsx,old_human:sr-h0061,gmail,False
q03189,Hard cases (generated),AI-generated,sr-g0216,data/v2/inputs/old_dataset.xlsx,old_generated:sr-g0216,gmail|kb,False
q03190,Hard cases (hand-written),hand-written,sr-h0208,data/v2/inputs/old_dataset.xlsx,old_human:sr-h0208,slack|jira,False
q03191,Hard cases (generated),AI-generated,sr-g0265,data/v2/inputs/old_dataset.xlsx,old_generated:sr-g0265,slack|gmail,False
q03192,CLINC150,person,15450,https://huggingface.co/datasets/clinc/clinc_oos,clinc_public:15450,,
q03193,Hard cases (hand-written),hand-written,sr-h0154,data/v2/inputs/old_dataset.xlsx,old_human:sr-h0154,jira|notion|gmail|kb,True
q03194,Hard cases (hand-written),hand-written,sr-h0025,data/v2/inputs/old_dataset.xlsx,old_human:sr-h0025,notion,True
q03195,Apache Kafka Confluence,"AI, from a real document",cwiki-379685395,https://cwiki.apache.org/confluence/spaces/KAFKA/pages/379685395/KIP-1207+Fix+anomaly+of+JMX+metrics+RequestHandlerAvgIdlePercent+in+kraft+combined+mode,kafka_kips:cwiki-379685395,,
q03196,Hard cases (generated),AI-generated,sr-g0326,data/v2/inputs/old_dataset.xlsx,old_generated:sr-g0326,slack,False
q03197,Hard cases (hand-written),hand-written,sr-h0015,data/v2/inputs/old_dataset.xlsx,old_human:sr-h0015,,False
q03198,EnterpriseRAG-Bench,benchmark,qst_0195,https://huggingface.co/datasets/onyx-dot-app/EnterpriseRAG-Bench,enterprise_rag:qst_0195,,
q03199,Hard cases (hand-written),hand-written,sr-h0192,data/v2/inputs/old_dataset.xlsx,old_human:sr-h0192,slack|notion,False
q03200,Hard cases (generated),AI-generated,sr-g0040,data/v2/inputs/old_dataset.xlsx,old_generated:sr-g0040,notion,True
q03201,Hard cases (generated),AI-generated,sr-g0310,data/v2/inputs/old_dataset.xlsx,old_generated:sr-g0310,jira|notion,True
q03202,Hard cases (generated),AI-generated,sr-g0301,data/v2/inputs/old_dataset.xlsx,old_generated:sr-g0301,slack|jira,False
q03203,Hard cases (hand-written),hand-written,sr-h0209,data/v2/inputs/old_dataset.xlsx,old_human:sr-h0209,slack|jira,False
q03204,Apache Kafka Confluence,"AI, from a real document",cwiki-308152759,https://cwiki.apache.org/confluence/spaces/KAFKA/pages/308152759/KIP-1047+Introduce+new+org.apache.kafka.tools.api.Decoder+to+replace+kafka.serializer.Decoder,kafka_kips:cwiki-308152759,,
q03205,Apache Kafka Confluence,"AI, from a real document",cwiki-148638436,https://cwiki.apache.org/confluence/spaces/KAFKA/pages/148638436/KIP-572+Improve+timeouts+and+retries+in+Kafka+Streams,kafka_kips:cwiki-148638436,,
q03206,Hard cases (generated),AI-generated,sr-g0247,data/v2/inputs/old_dataset.xlsx,old_generated:sr-g0247,notion|kb,False
q03207,Hard cases (hand-written),hand-written,sr-h0054,data/v2/inputs/old_dataset.xlsx,old_human:sr-h0054,gmail,False
q03208,Hard cases (generated),AI-generated,sr-g0153,data/v2/inputs/old_dataset.xlsx,old_generated:sr-g0153,,False
q03209,EnterpriseRAG-Bench,benchmark,qst_0013,https://huggingface.co/datasets/onyx-dot-app/EnterpriseRAG-Bench,enterprise_rag:qst_0013,,
q03210,Hard cases (generated),AI-generated,sr-g0104,data/v2/inputs/old_dataset.xlsx,old_generated:sr-g0104,gmail,False
q03211,Natural Questions,person,546,https://huggingface.co/datasets/google-research-datasets/nq_open,nq_open:546,,
q03212,EnterpriseRAG-Bench,benchmark,qst_0051,https://huggingface.co/datasets/onyx-dot-app/EnterpriseRAG-Bench,enterprise_rag:qst_0051,,
q03213,CLINC150,person,20994,https://huggingface.co/datasets/clinc/clinc_oos,clinc_hr:20994,,
q03214,EnterpriseRAG-Bench,benchmark,qst_0108,https://huggingface.co/datasets/onyx-dot-app/EnterpriseRAG-Bench,enterprise_rag:qst_0108,,
q03215,Hard cases (generated),AI-generated,sr-g0315,data/v2/inputs/old_dataset.xlsx,old_generated:sr-g0315,slack|gmail,False
q03216,Hard cases (generated),AI-generated,sr-g0189,data/v2/inputs/old_dataset.xlsx,old_generated:sr-g0189,slack|jira,False
q03217,MASSIVE,person,17088,https://github.com/alexa/massive,massive_email:17088,,
q03218,Hard cases (hand-written),hand-written,sr-h0009,data/v2/inputs/old_dataset.xlsx,old_human:sr-h0009,slack,False
q03219,Hard cases (generated),AI-generated,sr-g0276,data/v2/inputs/old_dataset.xlsx,old_generated:sr-g0276,slack|jira|notion,True
q03220,Apache Kafka Jira,"AI, from a real document",KAFKA-13370,https://issues.apache.org/jira/browse/KAFKA-13370,kafka_jira:KAFKA-13370,,
q03221,WixQA,person,154,https://huggingface.co/datasets/Wix/WixQA,wixqa_expert:154,,
q03222,Hard cases (hand-written),hand-written,sr-h0067,data/v2/inputs/old_dataset.xlsx,old_human:sr-h0067,kb,False
q03223,CLINC150,person,18983,https://huggingface.co/datasets/clinc/clinc_oos,clinc_smalltalk:18983,,
q03224,Hard cases (hand-written),hand-written,sr-h0053,data/v2/inputs/old_dataset.xlsx,old_human:sr-h0053,slack,False
q03225,Hard cases (hand-written),hand-written,sr-h0183,data/v2/inputs/old_dataset.xlsx,old_human:sr-h0183,notion|kb,True
q03226,Natural Questions,person,594,https://huggingface.co/datasets/google-research-datasets/nq_open,nq_open:594,,
q03227,ConcurrentQA,person,PAIRIDX:18631,https://huggingface.co/datasets/stanfordnlp/concurrentqa,concurrentqa_wiki:PAIRIDX:18631,,
q03228,MASSIVE,person,17117,https://github.com/alexa/massive,massive_email:17117,,
q03229,Apache Kafka Confluence,"AI, from a real document",cwiki-451972636,https://cwiki.apache.org/confluence/spaces/KAFKA/pages/451972636/KIP-1374+Allow+StreamsBuilder.globalTable+to+Rekey,kafka_kips:cwiki-451972636,,
q03230,Hard cases (generated),AI-generated,sr-g0340,data/v2/inputs/old_dataset.xlsx,old_generated:sr-g0340,slack|notion,False
q03231,Hard cases (generated),AI-generated,sr-g0202,data/v2/inputs/old_dataset.xlsx,old_generated:sr-g0202,jira|notion,True
q03232,MASSIVE,person,17170,https://github.com/alexa/massive,massive_email:17170,,
q03233,Hard cases (generated),AI-generated,sr-g0223,data/v2/inputs/old_dataset.xlsx,old_generated:sr-g0223,slack|notion,False
q03234,Hard cases (generated),AI-generated,sr-g0087,data/v2/inputs/old_dataset.xlsx,old_generated:sr-g0087,notion,False
q03235,Hard cases (hand-written),hand-written,sr-h0045,data/v2/inputs/old_dataset.xlsx,old_human:sr-h0045,slack|jira|notion|kb,True
q03236,WixQA,person,132,https://huggingface.co/datasets/Wix/WixQA,wixqa_simulated:132,,
q03237,Hard cases (hand-written),hand-written,sr-h0139,data/v2/inputs/old_dataset.xlsx,old_human:sr-h0139,slack,False
q03238,EnterpriseRAG-Bench,benchmark,qst_0081,https://huggingface.co/datasets/onyx-dot-app/EnterpriseRAG-Bench,enterprise_rag:qst_0081,,
q03239,MASSIVE,person,16920,https://github.com/alexa/massive,massive_email:16920,,
q03240,Hard cases (generated),AI-generated,sr-g0097,data/v2/inputs/old_dataset.xlsx,old_generated:sr-g0097,gmail,False
q03241,CLINC150,person,14001,https://huggingface.co/datasets/clinc/clinc_oos,clinc_smalltalk:14001,,
q03242,MASSIVE,person,13207,https://github.com/alexa/massive,massive_qa:13207,,
q03243,Apache Kafka Jira,"AI, from a real document",KAFKA-13407,https://issues.apache.org/jira/browse/KAFKA-13407,kafka_jira:KAFKA-13407,,
q03244,CLINC150,person,18981,https://huggingface.co/datasets/clinc/clinc_oos,clinc_smalltalk:18981,,
q03245,Apache Kafka Jira,"AI, from a real document",KAFKA-14717,https://issues.apache.org/jira/browse/KAFKA-14717,kafka_jira:KAFKA-14717,,
q03246,CLINC150,person,326,https://huggingface.co/datasets/clinc/clinc_oos,clinc_public:326,,
q03247,Ubuntu help chat,"AI, from a real document",ubuntu-irc-tes-5503,https://huggingface.co/datasets/jkkummerfeld/irc_disentangle,ubuntu_irc:ubuntu-irc-tes-5503,,
q03248,Ubuntu help chat,"AI, from a real document",ubuntu-irc-tes-10291,https://huggingface.co/datasets/jkkummerfeld/irc_disentangle,ubuntu_irc:ubuntu-irc-tes-10291,,
q03249,Hard cases (generated),AI-generated,sr-g0327,data/v2/inputs/old_dataset.xlsx,old_generated:sr-g0327,jira,False
q03250,Hard cases (generated),AI-generated,sr-g0268,data/v2/inputs/old_dataset.xlsx,old_generated:sr-g0268,jira|kb,False
q03251,Hard cases (hand-written),hand-written,sr-h0037,data/v2/inputs/old_dataset.xlsx,old_human:sr-h0037,jira,False
q03252,WixQA,person,74,https://huggingface.co/datasets/Wix/WixQA,wixqa_expert:74,,
q03253,Hard cases (hand-written),hand-written,sr-h0007,data/v2/inputs/old_dataset.xlsx,old_human:sr-h0007,notion,True
q03254,ConcurrentQA,person,PAIRIDX:34427,https://huggingface.co/datasets/stanfordnlp/concurrentqa,concurrentqa_wiki:PAIRIDX:34427,,
q03255,Ubuntu help chat,"AI, from a real document",ubuntu-irc-val-8549,https://huggingface.co/datasets/jkkummerfeld/irc_disentangle,ubuntu_irc:ubuntu-irc-val-8549,,
q03256,MASSIVE,person,14548,https://github.com/alexa/massive,massive_qa:14548,,
q03257,Hard cases (hand-written),hand-written,sr-h0197,data/v2/inputs/old_dataset.xlsx,old_human:sr-h0197,slack|notion,False
q03258,Hard cases (generated),AI-generated,sr-g0185,data/v2/inputs/old_dataset.xlsx,old_generated:sr-g0185,kb,False
q03259,EnterpriseRAG-Bench,benchmark,qst_0346,https://huggingface.co/datasets/onyx-dot-app/EnterpriseRAG-Bench,enterprise_rag:qst_0346,,
q03260,Hard cases (generated),AI-generated,sr-g0096,data/v2/inputs/old_dataset.xlsx,old_generated:sr-g0096,gmail,False
q03261,CLINC150,person,2138,https://huggingface.co/datasets/clinc/clinc_oos,clinc_smalltalk:2138,,
q03262,Hard cases (generated),AI-generated,sr-g0160,data/v2/inputs/old_dataset.xlsx,old_generated:sr-g0160,slack,False
q03263,Hard cases (hand-written),hand-written,sr-h0187,data/v2/inputs/old_dataset.xlsx,old_human:sr-h0187,kb,False
q03264,Hard cases (hand-written),hand-written,sr-h0070,data/v2/inputs/old_dataset.xlsx,old_human:sr-h0070,jira,False
q03265,Hard cases (generated),AI-generated,sr-g0093,data/v2/inputs/old_dataset.xlsx,old_generated:sr-g0093,notion,False
q03266,Hard cases (hand-written),hand-written,sr-h0206,data/v2/inputs/old_dataset.xlsx,old_human:sr-h0206,slack|jira,False
q03267,Hard cases (hand-written),hand-written,sr-h0088,data/v2/inputs/old_dataset.xlsx,old_human:sr-h0088,notion,True
q03268,Hard cases (hand-written),hand-written,sr-h0029,data/v2/inputs/old_dataset.xlsx,old_human:sr-h0029,slack,False
q03269,EnterpriseRAG-Bench,benchmark,qst_0097,https://huggingface.co/datasets/onyx-dot-app/EnterpriseRAG-Bench,enterprise_rag:qst_0097,,
q03270,Hard cases (hand-written),hand-written,sr-h0171,data/v2/inputs/old_dataset.xlsx,old_human:sr-h0171,jira,False
q03271,Hard cases (hand-written),hand-written,sr-h0095,data/v2/inputs/old_dataset.xlsx,old_human:sr-h0095,slack|notion,False
q03272,Apache Kafka Jira,"AI, from a real document",KAFKA-21229,https://issues.apache.org/jira/browse/KAFKA-21229,kafka_jira:KAFKA-21229,,
q03273,Hard cases (generated),AI-generated,sr-g0088,data/v2/inputs/old_dataset.xlsx,old_generated:sr-g0088,notion,False
q03274,Hard cases (generated),AI-generated,sr-g0343,data/v2/inputs/old_dataset.xlsx,old_generated:sr-g0343,slack|gmail,False
q03275,Ubuntu help chat,"AI, from a real document",ubuntu-irc-tes-1161,https://huggingface.co/datasets/jkkummerfeld/irc_disentangle,ubuntu_irc:ubuntu-irc-tes-1161,,
q03276,WixQA,person,140,https://huggingface.co/datasets/Wix/WixQA,wixqa_expert:140,,
q03277,WixQA,person,84,https://huggingface.co/datasets/Wix/WixQA,wixqa_simulated:84,,
q03278,Hard cases (generated),AI-generated,sr-g0030,data/v2/inputs/old_dataset.xlsx,old_generated:sr-g0030,jira,False
q03279,CLINC150,person,15649,https://huggingface.co/datasets/clinc/clinc_oos,clinc_smalltalk:15649,,
q03280,Hard cases (generated),AI-generated,sr-g0269,data/v2/inputs/old_dataset.xlsx,old_generated:sr-g0269,jira|kb,False
q03281,Hard cases (generated),AI-generated,sr-g0154,data/v2/inputs/old_dataset.xlsx,old_generated:sr-g0154,slack,False
q03282,Hard cases (hand-written),hand-written,sr-h0162,data/v2/inputs/old_dataset.xlsx,old_human:sr-h0162,gmail,False
q03283,Hard cases (hand-written),hand-written,sr-h0066,data/v2/inputs/old_dataset.xlsx,old_human:sr-h0066,slack,False
q03284,Hard cases (generated),AI-generated,sr-g0251,data/v2/inputs/old_dataset.xlsx,old_generated:sr-g0251,slack|jira,False
q03285,Apache Kafka Jira,"AI, from a real document",KAFKA-14670,https://issues.apache.org/jira/browse/KAFKA-14670,kafka_jira:KAFKA-14670,,
q03286,Hard cases (hand-written),hand-written,sr-h0195,data/v2/inputs/old_dataset.xlsx,old_human:sr-h0195,slack|notion,False
q03287,WixQA,person,100,https://huggingface.co/datasets/Wix/WixQA,wixqa_expert:100,,
q03288,Hard cases (hand-written),hand-written,sr-h0144,data/v2/inputs/old_dataset.xlsx,old_human:sr-h0144,notion,True
q03289,Hard cases (hand-written),hand-written,sr-h0151,data/v2/inputs/old_dataset.xlsx,old_human:sr-h0151,slack|jira|notion|gmail,True
q03290,Hard cases (hand-written),hand-written,sr-h0126,data/v2/inputs/old_dataset.xlsx,old_human:sr-h0126,,True
q03291,Hard cases (generated),AI-generated,sr-g0056,data/v2/inputs/old_dataset.xlsx,old_generated:sr-g0056,gmail,False
q03292,Apache Kafka Confluence,"AI, from a real document",cwiki-73631210,https://cwiki.apache.org/confluence/spaces/KAFKA/pages/73631210/KIP-181+DescribeGroups+Protocol+Enhancement,kafka_kips:cwiki-73631210,,
q03293,QMSum,person,val-8-0,https://github.com/Yale-LILY/QMSum,qmsum:val-8,,
q03294,Hard cases (generated),AI-generated,sr-g0065,data/v2/inputs/old_dataset.xlsx,old_generated:sr-g0065,kb,False
q03295,MASSIVE,person,16019,https://github.com/alexa/massive,massive_email:16019,,
q03296,Ubuntu help chat,"AI, from a real document",ubuntu-irc-tes-8687,https://huggingface.co/datasets/jkkummerfeld/irc_disentangle,ubuntu_irc:ubuntu-irc-tes-8687,,
q03297,Hard cases (hand-written),hand-written,sr-h0210,data/v2/inputs/old_dataset.xlsx,old_human:sr-h0210,slack|jira,False
q03298,CLINC150,person,13307,https://huggingface.co/datasets/clinc/clinc_oos,clinc_smalltalk:13307,,
q03299,QMSum,person,train-95-0,https://github.com/Yale-LILY/QMSum,qmsum:train-95,,
q03300,QMSum,person,train-18-4,https://github.com/Yale-LILY/QMSum,qmsum:train-18,,
q03301,EnterpriseRAG-Bench,benchmark,qst_0021,https://huggingface.co/datasets/onyx-dot-app/EnterpriseRAG-Bench,enterprise_rag:qst_0021,,
q03302,Hard cases (generated),AI-generated,sr-g0084,data/v2/inputs/old_dataset.xlsx,old_generated:sr-g0084,jira,False
q03303,Hard cases (generated),AI-generated,sr-g0177,data/v2/inputs/old_dataset.xlsx,old_generated:sr-g0177,gmail,False
q03304,Hard cases (generated),AI-generated,sr-g0046,data/v2/inputs/old_dataset.xlsx,old_generated:sr-g0046,notion,True
q03305,Apache Kafka Confluence,"AI, from a real document",cwiki-278465741,https://cwiki.apache.org/confluence/spaces/KAFKA/pages/278465741/KIP-1004+Enforce+tasks.max+property+in+Kafka+Connect,kafka_kips:cwiki-278465741,,
q03306,MASSIVE,person,16298,https://github.com/alexa/massive,massive_email:16298,,
q03307,Hard cases (generated),AI-generated,sr-g0165,data/v2/inputs/old_dataset.xlsx,old_generated:sr-g0165,jira,False
q03308,Apache Kafka Confluence,"AI, from a real document",cwiki-62692483,https://cwiki.apache.org/confluence/spaces/KAFKA/pages/62692483/KIP-54+-+Sticky+Partition+Assignment+Strategy,kafka_kips:cwiki-62692483,,
q03309,Hard cases (hand-written),hand-written,sr-h0110,data/v2/inputs/old_dataset.xlsx,old_human:sr-h0110,slack|jira,False
q03310,EnterpriseRAG-Bench,benchmark,qst_0440,https://huggingface.co/datasets/onyx-dot-app/EnterpriseRAG-Bench,enterprise_rag:qst_0440,,
q03311,Hard cases (generated),AI-generated,sr-g0321,data/v2/inputs/old_dataset.xlsx,old_generated:sr-g0321,gmail|kb,False
q03312,Hard cases (generated),AI-generated,sr-g0132,data/v2/inputs/old_dataset.xlsx,old_generated:sr-g0132,,False
q03313,Hard cases (hand-written),hand-written,sr-h0114,data/v2/inputs/old_dataset.xlsx,old_human:sr-h0114,jira,False
q03314,EnterpriseRAG-Bench,benchmark,qst_0179,https://huggingface.co/datasets/onyx-dot-app/EnterpriseRAG-Bench,enterprise_rag:qst_0179,,
q03315,Hard cases (generated),AI-generated,sr-g0292,data/v2/inputs/old_dataset.xlsx,old_generated:sr-g0292,slack|notion|gmail,True
q03316,Hard cases (generated),AI-generated,sr-g0090,data/v2/inputs/old_dataset.xlsx,old_generated:sr-g0090,notion,False
q03317,Hard cases (hand-written),hand-written,sr-h0097,data/v2/inputs/old_dataset.xlsx,old_human:sr-h0097,slack|notion,False
q03318,Hard cases (hand-written),hand-written,sr-h0026,data/v2/inputs/old_dataset.xlsx,old_human:sr-h0026,slack,False
q03319,EnterpriseRAG-Bench,benchmark,qst_0303,https://huggingface.co/datasets/onyx-dot-app/EnterpriseRAG-Bench,enterprise_rag:qst_0303,,
q03320,Apache Kafka Jira,"AI, from a real document",KAFKA-15341,https://issues.apache.org/jira/browse/KAFKA-15341,kafka_jira:KAFKA-15341,,
q03321,Hard cases (generated),AI-generated,sr-g0219,data/v2/inputs/old_dataset.xlsx,old_generated:sr-g0219,slack|notion,False
q03322,Hard cases (hand-written),hand-written,sr-h0083,data/v2/inputs/old_dataset.xlsx,old_human:sr-h0083,kb,False
q03323,CLINC150,person,6563,https://huggingface.co/datasets/clinc/clinc_oos,clinc_smalltalk:6563,,
q03324,MASSIVE,person,17115,https://github.com/alexa/massive,massive_email:17115,,
q03325,Natural Questions,person,2115,https://huggingface.co/datasets/google-research-datasets/nq_open,nq_open:2115,,
q03326,Hard cases (generated),AI-generated,sr-g0025,data/v2/inputs/old_dataset.xlsx,old_generated:sr-g0025,slack,False
q03327,Hard cases (generated),AI-generated,sr-g0338,data/v2/inputs/old_dataset.xlsx,old_generated:sr-g0338,slack|jira,False
q03328,EnterpriseRAG-Bench,benchmark,qst_0023,https://huggingface.co/datasets/onyx-dot-app/EnterpriseRAG-Bench,enterprise_rag:qst_0023,,
q03329,CLINC150,person,14014,https://huggingface.co/datasets/clinc/clinc_oos,clinc_smalltalk:14014,,
q03330,Hard cases (hand-written),hand-written,sr-h0189,data/v2/inputs/old_dataset.xlsx,old_human:sr-h0189,kb,False
q03331,Natural Questions,person,1403,https://huggingface.co/datasets/google-research-datasets/nq_open,nq_open:1403,,
q03332,Hard cases (hand-written),hand-written,sr-h0105,data/v2/inputs/old_dataset.xlsx,old_human:sr-h0105,slack|jira,False
q03333,MASSIVE,person,16990,https://github.com/alexa/massive,massive_email:16990,,
q03334,Hard cases (generated),AI-generated,sr-g0059,data/v2/inputs/old_dataset.xlsx,old_generated:sr-g0059,kb,False
q03335,Hard cases (hand-written),hand-written,sr-h0181,data/v2/inputs/old_dataset.xlsx,old_human:sr-h0181,notion|kb,True
q03336,Hard cases (generated),AI-generated,sr-g0181,data/v2/inputs/old_dataset.xlsx,old_generated:sr-g0181,gmail,False
q03337,Hard cases (generated),AI-generated,sr-g0007,data/v2/inputs/old_dataset.xlsx,old_generated:sr-g0007,notion,False
q03338,EnterpriseRAG-Bench,benchmark,qst_0309,https://huggingface.co/datasets/onyx-dot-app/EnterpriseRAG-Bench,enterprise_rag:qst_0309,,
q03339,CLINC150,person,15844,https://huggingface.co/datasets/clinc/clinc_oos,clinc_smalltalk:15844,,
q03340,Hard cases (hand-written),hand-written,sr-h0173,data/v2/inputs/old_dataset.xlsx,old_human:sr-h0173,slack,False
q03341,EnterpriseRAG-Bench,benchmark,qst_0149,https://huggingface.co/datasets/onyx-dot-app/EnterpriseRAG-Bench,enterprise_rag:qst_0149,,
q03342,Hard cases (generated),AI-generated,sr-g0068,data/v2/inputs/old_dataset.xlsx,old_generated:sr-g0068,kb,False
q03343,QMSum,person,test-15-2,https://github.com/Yale-LILY/QMSum,qmsum:test-15,,
q03344,Hard cases (generated),AI-generated,sr-g0280,data/v2/inputs/old_dataset.xlsx,old_generated:sr-g0280,slack|jira|notion,True
q03345,Natural Questions,person,2409,https://huggingface.co/datasets/google-research-datasets/nq_open,nq_open:2409,,
q03346,Apache Kafka Jira,"AI, from a real document",KAFKA-19735,https://issues.apache.org/jira/browse/KAFKA-19735,kafka_jira:KAFKA-19735,,
q03347,Hard cases (generated),AI-generated,sr-g0003,data/v2/inputs/old_dataset.xlsx,old_generated:sr-g0003,slack,False
q03348,MASSIVE,person,14766,https://github.com/alexa/massive,massive_qa:14766,,
q03349,Hard cases (hand-written),hand-written,sr-h0106,data/v2/inputs/old_dataset.xlsx,old_human:sr-h0106,slack|jira,False
q03350,QMSum,person,train-114-1,https://github.com/Yale-LILY/QMSum,qmsum:train-114,,
q03351,CLINC150,person,15319,https://huggingface.co/datasets/clinc/clinc_oos,clinc_public:15319,,
q03352,Apache Kafka Confluence,"AI, from a real document",cwiki-61318265,https://cwiki.apache.org/confluence/spaces/KAFKA/pages/61318265/KIP-32+-+Add+timestamps+to+Kafka+message,kafka_kips:cwiki-61318265,,
q03353,Hard cases (hand-written),hand-written,sr-h0073,data/v2/inputs/old_dataset.xlsx,old_human:sr-h0073,notion|kb,True
q03354,Hard cases (hand-written),hand-written,sr-h0200,data/v2/inputs/old_dataset.xlsx,old_human:sr-h0200,slack|notion,True
q03355,Hard cases (hand-written),hand-written,sr-h0211,data/v2/inputs/old_dataset.xlsx,old_human:sr-h0211,slack|jira,False
q03356,Hard cases (generated),AI-generated,sr-g0313,data/v2/inputs/old_dataset.xlsx,old_generated:sr-g0313,gmail|notion,True
q03357,Hard cases (hand-written),hand-written,sr-h0071,data/v2/inputs/old_dataset.xlsx,old_human:sr-h0071,notion|kb,True
q03358,Ubuntu help chat,"AI, from a real document",ubuntu-irc-tes-14759,https://huggingface.co/datasets/jkkummerfeld/irc_disentangle,ubuntu_irc:ubuntu-irc-tes-14759,,
q03359,Hard cases (generated),AI-generated,sr-g0015,data/v2/inputs/old_dataset.xlsx,old_generated:sr-g0015,kb,False
q03360,Hard cases (hand-written),hand-written,sr-h0034,data/v2/inputs/old_dataset.xlsx,old_human:sr-h0034,notion,True
q03361,Hard cases (hand-written),hand-written,sr-h0085,data/v2/inputs/old_dataset.xlsx,old_human:sr-h0085,kb,False
q03362,CLINC150,person,15829,https://huggingface.co/datasets/clinc/clinc_oos,clinc_hr:15829,,
q03363,EnterpriseRAG-Bench,benchmark,qst_0044,https://huggingface.co/datasets/onyx-dot-app/EnterpriseRAG-Bench,enterprise_rag:qst_0044,,
q03364,MASSIVE,person,16414,https://github.com/alexa/massive,massive_email:16414,,
q03365,Hard cases (hand-written),hand-written,sr-h0141,data/v2/inputs/old_dataset.xlsx,old_human:sr-h0141,slack,False
q03366,CLINC150,person,1039,https://huggingface.co/datasets/clinc/clinc_oos,clinc_public:1039,,
q03367,WixQA,person,91,https://huggingface.co/datasets/Wix/WixQA,wixqa_expert:91,,
q03368,Hard cases (generated),AI-generated,sr-g0069,data/v2/inputs/old_dataset.xlsx,old_generated:sr-g0069,slack,False
q03369,MASSIVE,person,14291,https://github.com/alexa/massive,massive_qa:14291,,
q03370,Ubuntu help chat,"AI, from a real document",ubuntu-irc-tes-5554,https://huggingface.co/datasets/jkkummerfeld/irc_disentangle,ubuntu_irc:ubuntu-irc-tes-5554,,
q03371,Hard cases (hand-written),hand-written,sr-h0032,data/v2/inputs/old_dataset.xlsx,old_human:sr-h0032,jira,False
q03372,Hard cases (generated),AI-generated,sr-g0131,data/v2/inputs/old_dataset.xlsx,old_generated:sr-g0131,,False
q03373,EnterpriseRAG-Bench,benchmark,qst_0379,https://huggingface.co/datasets/onyx-dot-app/EnterpriseRAG-Bench,enterprise_rag:qst_0379,,
q03374,Hard cases (hand-written),hand-written,sr-h0167,data/v2/inputs/old_dataset.xlsx,old_human:sr-h0167,notion,True
q03375,Hard cases (generated),AI-generated,sr-g0164,data/v2/inputs/old_dataset.xlsx,old_generated:sr-g0164,jira,False
q03376,WixQA,person,147,https://huggingface.co/datasets/Wix/WixQA,wixqa_simulated:147,,
q03377,Hard cases (hand-written),hand-written,sr-h0092,data/v2/inputs/old_dataset.xlsx,old_human:sr-h0092,slack|notion,False
q03378,EnterpriseRAG-Bench,benchmark,qst_0249,https://huggingface.co/datasets/onyx-dot-app/EnterpriseRAG-Bench,enterprise_rag:qst_0249,,
q03379,Hard cases (generated),AI-generated,sr-g0083,data/v2/inputs/old_dataset.xlsx,old_generated:sr-g0083,jira,False
q03380,Hard cases (generated),AI-generated,sr-g0017,data/v2/inputs/old_dataset.xlsx,old_generated:sr-g0017,jira,True
q03381,Hard cases (generated),AI-generated,sr-g0259,data/v2/inputs/old_dataset.xlsx,old_generated:sr-g0259,jira|notion,False
q03382,Hard cases (hand-written),hand-written,sr-h0091,data/v2/inputs/old_dataset.xlsx,old_human:sr-h0091,slack|notion,False
q03383,Hard cases (generated),AI-generated,sr-g0232,data/v2/inputs/old_dataset.xlsx,old_generated:sr-g0232,slack|jira,False
q03384,MASSIVE,person,16788,https://github.com/alexa/massive,massive_email:16788,,
q03385,Natural Questions,person,468,https://huggingface.co/datasets/google-research-datasets/nq_open,nq_open:468,,
q03386,Hard cases (hand-written),hand-written,sr-h0180,data/v2/inputs/old_dataset.xlsx,old_human:sr-h0180,notion|kb,True
q03387,Hard cases (hand-written),hand-written,sr-h0194,data/v2/inputs/old_dataset.xlsx,old_human:sr-h0194,slack|notion,False
q03388,MASSIVE,person,16214,https://github.com/alexa/massive,massive_email:16214,,
q03389,CLINC150,person,18737,https://huggingface.co/datasets/clinc/clinc_oos,clinc_hr:18737,,
q03390,Hard cases (generated),AI-generated,sr-g0062,data/v2/inputs/old_dataset.xlsx,old_generated:sr-g0062,kb,False
q03391,Hard cases (generated),AI-generated,sr-g0227,data/v2/inputs/old_dataset.xlsx,old_generated:sr-g0227,slack|notion,False
q03392,Apache Kafka Confluence,"AI, from a real document",cwiki-373886068,https://cwiki.apache.org/confluence/spaces/KAFKA/pages/373886068/KIP-1193+Deprecate+MX4j+support,kafka_kips:cwiki-373886068,,
q03393,QMSum,person,train-144-6,https://github.com/Yale-LILY/QMSum,qmsum:train-144,,
q03394,Hard cases (generated),AI-generated,sr-g0299,data/v2/inputs/old_dataset.xlsx,old_generated:sr-g0299,slack|jira,False
q03395,Hard cases (generated),AI-generated,sr-g0262,data/v2/inputs/old_dataset.xlsx,old_generated:sr-g0262,gmail|notion,False
q03396,Hard cases (generated),AI-generated,sr-g0095,data/v2/inputs/old_dataset.xlsx,old_generated:sr-g0095,notion,False
q03397,WixQA,person,147,https://huggingface.co/datasets/Wix/WixQA,wixqa_expert:147,,
q03398,Hard cases (generated),AI-generated,sr-g0186,data/v2/inputs/old_dataset.xlsx,old_generated:sr-g0186,kb,False
q03399,Hard cases (generated),AI-generated,sr-g0016,data/v2/inputs/old_dataset.xlsx,old_generated:sr-g0016,jira,False
q03400,Hard cases (generated),AI-generated,sr-g0341,data/v2/inputs/old_dataset.xlsx,old_generated:sr-g0341,jira|notion,False
q03401,Hard cases (generated),AI-generated,sr-g0335,data/v2/inputs/old_dataset.xlsx,old_generated:sr-g0335,gmail,False
q03402,Hard cases (generated),AI-generated,sr-g0011,data/v2/inputs/old_dataset.xlsx,old_generated:sr-g0011,gmail,False
q03403,Hard cases (generated),AI-generated,sr-g0004,data/v2/inputs/old_dataset.xlsx,old_generated:sr-g0004,slack,False
q03404,Hard cases (generated),AI-generated,sr-g0002,data/v2/inputs/old_dataset.xlsx,old_generated:sr-g0002,slack,False
q03405,MASSIVE,person,16048,https://github.com/alexa/massive,massive_email:16048,,
q03406,WixQA,person,9,https://huggingface.co/datasets/Wix/WixQA,wixqa_simulated:9,,
q03407,Hard cases (generated),AI-generated,sr-g0020,data/v2/inputs/old_dataset.xlsx,old_generated:sr-g0020,slack,False
q03408,EnterpriseRAG-Bench,benchmark,qst_0433,https://huggingface.co/datasets/onyx-dot-app/EnterpriseRAG-Bench,enterprise_rag:qst_0433,,
q03409,MASSIVE,person,16925,https://github.com/alexa/massive,massive_email:16925,,
q03410,Hard cases (hand-written),hand-written,sr-h0040,data/v2/inputs/old_dataset.xlsx,old_human:sr-h0040,slack|jira|notion|gmail,True
q03411,Hard cases (generated),AI-generated,sr-g0143,data/v2/inputs/old_dataset.xlsx,old_generated:sr-g0143,,False
q03412,CLINC150,person,15501,https://huggingface.co/datasets/clinc/clinc_oos,clinc_hr:15501,,
q03413,Hard cases (hand-written),hand-written,sr-h0022,data/v2/inputs/old_dataset.xlsx,old_human:sr-h0022,notion,True
q03414,MASSIVE,person,16445,https://github.com/alexa/massive,massive_email:16445,,
q03415,CLINC150,person,2184,https://huggingface.co/datasets/clinc/clinc_oos,clinc_smalltalk:2184,,
q03416,CLINC150,person,12175,https://huggingface.co/datasets/clinc/clinc_oos,clinc_hr:12175,,
q03417,Natural Questions,person,1513,https://huggingface.co/datasets/google-research-datasets/nq_open,nq_open:1513,,
q03418,Apache Kafka Confluence,"AI, from a real document",cwiki-406623554,https://cwiki.apache.org/confluence/spaces/KAFKA/pages/406623554/KIP-1300+Update+KStream-KStream+Join+to+Use+Plain-Value-Header+Window+Stores,kafka_kips:cwiki-406623554,,
q03419,QMSum,person,train-79-6,https://github.com/Yale-LILY/QMSum,qmsum:train-79,,
q03420,MASSIVE,person,16761,https://github.com/alexa/massive,massive_email:16761,,
q03421,Hard cases (generated),AI-generated,sr-g0128,data/v2/inputs/old_dataset.xlsx,old_generated:sr-g0128,,False
q03422,Hard cases (generated),AI-generated,sr-g0092,data/v2/inputs/old_dataset.xlsx,old_generated:sr-g0092,notion,False
q03423,Apache Kafka Confluence,"AI, from a real document",cwiki-406618693,https://cwiki.apache.org/confluence/spaces/KAFKA/pages/406618693/KIP-1267+Tiered+Storage+Cost+Attribution+Metrics,kafka_kips:cwiki-406618693,,
q03424,MASSIVE,person,16092,https://github.com/alexa/massive,massive_email:16092,,
q03425,Hard cases (generated),AI-generated,sr-g0033,data/v2/inputs/old_dataset.xlsx,old_generated:sr-g0033,jira,False
q03426,Apache Kafka Confluence,"AI, from a real document",cwiki-318605843,https://cwiki.apache.org/confluence/spaces/KAFKA/pages/318605843/KIP-1083+Increase+default+value+of+task.shutdown.graceful.timeout.ms+in+Connect,kafka_kips:cwiki-318605843,,
q03427,ConcurrentQA,person,PAIRIDX:86519,https://huggingface.co/datasets/stanfordnlp/concurrentqa,concurrentqa_wiki:PAIRIDX:86519,,
q03428,Natural Questions,person,2265,https://huggingface.co/datasets/google-research-datasets/nq_open,nq_open:2265,,
q03429,Hard cases (generated),AI-generated,sr-g0054,data/v2/inputs/old_dataset.xlsx,old_generated:sr-g0054,gmail,False
q03430,CLINC150,person,21966,https://huggingface.co/datasets/clinc/clinc_oos,clinc_smalltalk:21966,,
q03431,Apache Kafka Jira,"AI, from a real document",KAFKA-14740,https://issues.apache.org/jira/browse/KAFKA-14740,kafka_jira:KAFKA-14740,,
q03432,Hard cases (generated),AI-generated,sr-g0048,data/v2/inputs/old_dataset.xlsx,old_generated:sr-g0048,notion,True
q03433,QMSum,person,test-10-1,https://github.com/Yale-LILY/QMSum,qmsum:test-10,,
q03434,Hard cases (generated),AI-generated,sr-g0302,data/v2/inputs/old_dataset.xlsx,old_generated:sr-g0302,slack|jira,False
q03435,EnterpriseRAG-Bench,benchmark,qst_0049,https://huggingface.co/datasets/onyx-dot-app/EnterpriseRAG-Bench,enterprise_rag:qst_0049,,
q03436,QMSum,person,train-36-4,https://github.com/Yale-LILY/QMSum,qmsum:train-36,,
q03437,Hard cases (hand-written),hand-written,sr-h0213,data/v2/inputs/old_dataset.xlsx,old_human:sr-h0213,jira,False
q03438,CLINC150,person,18027,https://huggingface.co/datasets/clinc/clinc_oos,clinc_smalltalk:18027,,
q03439,Hard cases (generated),AI-generated,sr-g0091,data/v2/inputs/old_dataset.xlsx,old_generated:sr-g0091,notion,False
q03440,Hard cases (hand-written),hand-written,sr-h0111,data/v2/inputs/old_dataset.xlsx,old_human:sr-h0111,slack|jira,False
q03441,Apache Kafka Jira,"AI, from a real document",KAFKA-21209,https://issues.apache.org/jira/browse/KAFKA-21209,kafka_jira:KAFKA-21209,,
q03442,Natural Questions,person,1481,https://huggingface.co/datasets/google-research-datasets/nq_open,nq_open:1481,,
q03443,MASSIVE,person,17049,https://github.com/alexa/massive,massive_email:17049,,
q03444,Hard cases (generated),AI-generated,sr-g0010,data/v2/inputs/old_dataset.xlsx,old_generated:sr-g0010,notion,False
q03445,QMSum,person,test-29-1,https://github.com/Yale-LILY/QMSum,qmsum:test-29,,
q03446,EnterpriseRAG-Bench,benchmark,qst_0374,https://huggingface.co/datasets/onyx-dot-app/EnterpriseRAG-Bench,enterprise_rag:qst_0374,,
q03447,MASSIVE,person,16042,https://github.com/alexa/massive,massive_email:16042,,
q03448,Hard cases (generated),AI-generated,sr-g0334,data/v2/inputs/old_dataset.xlsx,old_generated:sr-g0334,gmail,False
q03449,QMSum,person,train-58-1,https://github.com/Yale-LILY/QMSum,qmsum:train-58,,
q03450,Hard cases (generated),AI-generated,sr-g0101,data/v2/inputs/old_dataset.xlsx,old_generated:sr-g0101,gmail,False
q03451,Hard cases (hand-written),hand-written,sr-h0109,data/v2/inputs/old_dataset.xlsx,old_human:sr-h0109,slack|jira,False
q03452,Hard cases (generated),AI-generated,sr-g0289,data/v2/inputs/old_dataset.xlsx,old_generated:sr-g0289,slack|notion|gmail,True
q03453,Apache Kafka Confluence,"AI, from a real document",cwiki-73632065,https://cwiki.apache.org/confluence/spaces/KAFKA/pages/73632065/KIP-183+-+Change+PreferredReplicaLeaderElectionCommand+to+use+AdminClient,kafka_kips:cwiki-73632065,,
q03454,Hard cases (hand-written),hand-written,sr-h0108,data/v2/inputs/old_dataset.xlsx,old_human:sr-h0108,slack|jira,False
q03455,MASSIVE,person,16994,https://github.com/alexa/massive,massive_email:16994,,
q03456,Hard cases (generated),AI-generated,sr-g0224,data/v2/inputs/old_dataset.xlsx,old_generated:sr-g0224,slack|notion,False
q03457,Hard cases (generated),AI-generated,sr-g0166,data/v2/inputs/old_dataset.xlsx,old_generated:sr-g0166,jira,False
q03458,WixQA,person,65,https://huggingface.co/datasets/Wix/WixQA,wixqa_simulated:65,,
q03459,Hard cases (hand-written),hand-written,sr-h0152,data/v2/inputs/old_dataset.xlsx,old_human:sr-h0152,slack|jira|notion|kb,True
q03460,Hard cases (hand-written),hand-written,sr-h0185,data/v2/inputs/old_dataset.xlsx,old_human:sr-h0185,kb,False
q03461,Hard cases (generated),AI-generated,sr-g0102,data/v2/inputs/old_dataset.xlsx,old_generated:sr-g0102,gmail,False
q03462,EnterpriseRAG-Bench,benchmark,qst_0315,https://huggingface.co/datasets/onyx-dot-app/EnterpriseRAG-Bench,enterprise_rag:qst_0315,,
q03463,Apache Kafka Jira,"AI, from a real document",KAFKA-12732,https://issues.apache.org/jira/browse/KAFKA-12732,kafka_jira:KAFKA-12732,,
q03464,WixQA,person,49,https://huggingface.co/datasets/Wix/WixQA,wixqa_expert:49,,
q03465,Hard cases (hand-written),hand-written,sr-h0056,data/v2/inputs/old_dataset.xlsx,old_human:sr-h0056,jira,False
q03466,Hard cases (generated),AI-generated,sr-g0070,data/v2/inputs/old_dataset.xlsx,old_generated:sr-g0070,slack,False
q03467,Ubuntu help chat,"AI, from a real document",ubuntu-irc-tes-8807,https://huggingface.co/datasets/jkkummerfeld/irc_disentangle,ubuntu_irc:ubuntu-irc-tes-8807,,
q03468,Natural Questions,person,663,https://huggingface.co/datasets/google-research-datasets/nq_open,nq_open:663,,
q03469,Natural Questions,person,355,https://huggingface.co/datasets/google-research-datasets/nq_open,nq_open:355,,
q03470,Hard cases (generated),AI-generated,sr-g0119,data/v2/inputs/old_dataset.xlsx,old_generated:sr-g0119,,False
q03471,EnterpriseRAG-Bench,benchmark,qst_0215,https://huggingface.co/datasets/onyx-dot-app/EnterpriseRAG-Bench,enterprise_rag:qst_0215,,
q03472,Hard cases (hand-written),hand-written,sr-h0036,data/v2/inputs/old_dataset.xlsx,old_human:sr-h0036,slack,False
q03473,Hard cases (hand-written),hand-written,sr-h0153,data/v2/inputs/old_dataset.xlsx,old_human:sr-h0153,slack|jira|gmail|kb,False
q03474,Hard cases (generated),AI-generated,sr-g0108,data/v2/inputs/old_dataset.xlsx,old_generated:sr-g0108,kb,False
q03475,Hard cases (hand-written),hand-written,sr-h0062,data/v2/inputs/old_dataset.xlsx,old_human:sr-h0062,kb,False
q03476,Hard cases (generated),AI-generated,sr-g0027,data/v2/inputs/old_dataset.xlsx,old_generated:sr-g0027,slack,False
q03477,Hard cases (generated),AI-generated,sr-g0178,data/v2/inputs/old_dataset.xlsx,old_generated:sr-g0178,gmail,False
q03478,Hard cases (hand-written),hand-written,sr-h0161,data/v2/inputs/old_dataset.xlsx,old_human:sr-h0161,slack,False
q03479,Hard cases (hand-written),hand-written,sr-h0052,data/v2/inputs/old_dataset.xlsx,old_human:sr-h0052,jira,False
q03480,Ubuntu help chat,"AI, from a real document",ubuntu-irc-val-7463,https://huggingface.co/datasets/jkkummerfeld/irc_disentangle,ubuntu_irc:ubuntu-irc-val-7463,,
q03481,Hard cases (hand-written),hand-written,sr-h0193,data/v2/inputs/old_dataset.xlsx,old_human:sr-h0193,slack|notion,False
q03482,Natural Questions,person,210,https://huggingface.co/datasets/google-research-datasets/nq_open,nq_open:210,,
q03483,Apache Kafka Confluence,"AI, from a real document",cwiki-440304156,https://cwiki.apache.org/confluence/spaces/KAFKA/pages/440304156/KIP-1365+Transform+Observability+and+Skipped+Record+Handling+for+Kafka+Connect,kafka_kips:cwiki-440304156,,
q03484,WixQA,person,151,https://huggingface.co/datasets/Wix/WixQA,wixqa_expert:151,,
q03485,Hard cases (generated),AI-generated,sr-g0071,data/v2/inputs/old_dataset.xlsx,old_generated:sr-g0071,slack,False
q03486,QMSum,person,val-2-0,https://github.com/Yale-LILY/QMSum,qmsum:val-2,,
q03487,EnterpriseRAG-Bench,benchmark,qst_0201,https://huggingface.co/datasets/onyx-dot-app/EnterpriseRAG-Bench,enterprise_rag:qst_0201,,
q03488,Hard cases (generated),AI-generated,sr-g0290,data/v2/inputs/old_dataset.xlsx,old_generated:sr-g0290,slack|notion|gmail,True
q03489,Hard cases (hand-written),hand-written,sr-h0072,data/v2/inputs/old_dataset.xlsx,old_human:sr-h0072,notion|kb,True
q03490,Hard cases (hand-written),hand-written,sr-h0165,data/v2/inputs/old_dataset.xlsx,old_human:sr-h0165,jira,False
q03491,Hard cases (generated),AI-generated,sr-g0029,data/v2/inputs/old_dataset.xlsx,old_generated:sr-g0029,jira,False
q03492,Hard cases (generated),AI-generated,sr-g0123,data/v2/inputs/old_dataset.xlsx,old_generated:sr-g0123,,False
q03493,Natural Questions,person,1756,https://huggingface.co/datasets/google-research-datasets/nq_open,nq_open:1756,,
q03494,Hard cases (generated),AI-generated,sr-g0222,data/v2/inputs/old_dataset.xlsx,old_generated:sr-g0222,slack|notion,False
q03495,Hard cases (generated),AI-generated,sr-g0098,data/v2/inputs/old_dataset.xlsx,old_generated:sr-g0098,gmail,False
q03496,Hard cases (hand-written),hand-written,sr-h0051,data/v2/inputs/old_dataset.xlsx,old_human:sr-h0051,notion,True
q03497,Hard cases (generated),AI-generated,sr-g0278,data/v2/inputs/old_dataset.xlsx,old_generated:sr-g0278,slack|jira|notion,True
q03498,CLINC150,person,13301,https://huggingface.co/datasets/clinc/clinc_oos,clinc_smalltalk:13301,,
q03499,Hard cases (generated),AI-generated,sr-g0151,data/v2/inputs/old_dataset.xlsx,old_generated:sr-g0151,,False
q03500,MASSIVE,person,13236,https://github.com/alexa/massive,massive_qa:13236,,
q03501,Hard cases (generated),AI-generated,sr-g0144,data/v2/inputs/old_dataset.xlsx,old_generated:sr-g0144,,False
q03502,Hard cases (generated),AI-generated,sr-g0014,data/v2/inputs/old_dataset.xlsx,old_generated:sr-g0014,kb,True
q03503,Hard cases (generated),AI-generated,sr-g0256,data/v2/inputs/old_dataset.xlsx,old_generated:sr-g0256,slack|notion,False
q03504,Hard cases (generated),AI-generated,sr-g0138,data/v2/inputs/old_dataset.xlsx,old_generated:sr-g0138,,False
q03505,CLINC150,person,20327,https://huggingface.co/datasets/clinc/clinc_oos,clinc_smalltalk:20327,,
q03506,Hard cases (generated),AI-generated,sr-g0235,data/v2/inputs/old_dataset.xlsx,old_generated:sr-g0235,slack|jira,False
q03507,Hard cases (generated),AI-generated,sr-g0236,data/v2/inputs/old_dataset.xlsx,old_generated:sr-g0236,slack|jira,False
q03508,CLINC150,person,11805,https://huggingface.co/datasets/clinc/clinc_oos,clinc_smalltalk:11805,,
q03509,Hard cases (hand-written),hand-written,sr-h0116,data/v2/inputs/old_dataset.xlsx,old_human:sr-h0116,jira,False
q03510,Hard cases (generated),AI-generated,sr-g0078,data/v2/inputs/old_dataset.xlsx,old_generated:sr-g0078,jira,False
q03511,Hard cases (generated),AI-generated,sr-g0142,data/v2/inputs/old_dataset.xlsx,old_generated:sr-g0142,,False
q03512,Hard cases (generated),AI-generated,sr-g0271,data/v2/inputs/old_dataset.xlsx,old_generated:sr-g0271,gmail|kb,False
q03513,Apache Kafka Jira,"AI, from a real document",KAFKA-13355,https://issues.apache.org/jira/browse/KAFKA-13355,kafka_jira:KAFKA-13355,,
q03514,Hard cases (generated),AI-generated,sr-g0018,data/v2/inputs/old_dataset.xlsx,old_generated:sr-g0018,kb,False
q03515,Ubuntu help chat,"AI, from a real document",ubuntu-irc-val-7381,https://huggingface.co/datasets/jkkummerfeld/irc_disentangle,ubuntu_irc:ubuntu-irc-val-7381,,
q03516,Natural Questions,person,53,https://huggingface.co/datasets/google-research-datasets/nq_open,nq_open:53,,
q03517,Hard cases (generated),AI-generated,sr-g0146,data/v2/inputs/old_dataset.xlsx,old_generated:sr-g0146,,False
q03518,Hard cases (generated),AI-generated,sr-g0141,data/v2/inputs/old_dataset.xlsx,old_generated:sr-g0141,,False
q03519,Hard cases (hand-written),hand-written,sr-h0048,data/v2/inputs/old_dataset.xlsx,old_human:sr-h0048,slack|jira|notion|kb,True
q03520,Hard cases (generated),AI-generated,sr-g0199,data/v2/inputs/old_dataset.xlsx,old_generated:sr-g0199,slack|notion,True
q03521,MASSIVE,person,13919,https://github.com/alexa/massive,massive_qa:13919,,
q03522,Hard cases (generated),AI-generated,sr-g0179,data/v2/inputs/old_dataset.xlsx,old_generated:sr-g0179,gmail,False
q03523,EnterpriseRAG-Bench,benchmark,qst_0470,https://huggingface.co/datasets/onyx-dot-app/EnterpriseRAG-Bench,enterprise_rag:qst_0470,,
q03524,Hard cases (generated),AI-generated,sr-g0161,data/v2/inputs/old_dataset.xlsx,old_generated:sr-g0161,jira,False
q03525,EnterpriseRAG-Bench,benchmark,qst_0353,https://huggingface.co/datasets/onyx-dot-app/EnterpriseRAG-Bench,enterprise_rag:qst_0353,,
q03526,Hard cases (generated),AI-generated,sr-g0170,data/v2/inputs/old_dataset.xlsx,old_generated:sr-g0170,notion,False
q03527,Apache Kafka Confluence,"AI, from a real document",cwiki-181309698,https://cwiki.apache.org/confluence/spaces/KAFKA/pages/181309698/KIP-756+Move+StreamsResetter+tool+outside+of+core,kafka_kips:cwiki-181309698,,
q03528,MASSIVE,person,16144,https://github.com/alexa/massive,massive_email:16144,,
q03529,Hard cases (generated),AI-generated,sr-g0270,data/v2/inputs/old_dataset.xlsx,old_generated:sr-g0270,jira|kb,False
q03530,Hard cases (generated),AI-generated,sr-g0167,data/v2/inputs/old_dataset.xlsx,old_generated:sr-g0167,jira,False
q03531,Ubuntu help chat,"AI, from a real document",ubuntu-irc-tes-4460,https://huggingface.co/datasets/jkkummerfeld/irc_disentangle,ubuntu_irc:ubuntu-irc-tes-4460,,
q03532,Natural Questions,person,2536,https://huggingface.co/datasets/google-research-datasets/nq_open,nq_open:2536,,
q03533,Hard cases (hand-written),hand-written,sr-h0078,data/v2/inputs/old_dataset.xlsx,old_human:sr-h0078,notion|kb,True
q03534,Hard cases (hand-written),hand-written,sr-h0038,data/v2/inputs/old_dataset.xlsx,old_human:sr-h0038,gmail,False
q03535,EnterpriseRAG-Bench,benchmark,qst_0435,https://huggingface.co/datasets/onyx-dot-app/EnterpriseRAG-Bench,enterprise_rag:qst_0435,,
q03536,Apache Kafka Confluence,"AI, from a real document",cwiki-170266253,https://cwiki.apache.org/confluence/spaces/KAFKA/pages/170266253/KIP-700+Add+Describe+Cluster+API,kafka_kips:cwiki-170266253,,
q03537,Hard cases (hand-written),hand-written,sr-h0169,data/v2/inputs/old_dataset.xlsx,old_human:sr-h0169,gmail,False
q03538,Hard cases (generated),AI-generated,sr-g0345,data/v2/inputs/old_dataset.xlsx,old_generated:sr-g0345,gmail|kb,False
q03539,Hard cases (hand-written),hand-written,sr-h0123,data/v2/inputs/old_dataset.xlsx,old_human:sr-h0123,notion,False
q03540,EnterpriseRAG-Bench,benchmark,qst_0413,https://huggingface.co/datasets/onyx-dot-app/EnterpriseRAG-Bench,enterprise_rag:qst_0413,,
q03541,Hard cases (generated),AI-generated,sr-g0260,data/v2/inputs/old_dataset.xlsx,old_generated:sr-g0260,jira|notion,False
q03542,Hard cases (generated),AI-generated,sr-g0171,data/v2/inputs/old_dataset.xlsx,old_generated:sr-g0171,notion,True
q03543,Natural Questions,person,3375,https://huggingface.co/datasets/google-research-datasets/nq_open,nq_open:3375,,
q03544,Hard cases (generated),AI-generated,sr-g0322,data/v2/inputs/old_dataset.xlsx,old_generated:sr-g0322,gmail|kb,False
q03545,Hard cases (hand-written),hand-written,sr-h0174,data/v2/inputs/old_dataset.xlsx,old_human:sr-h0174,notion|kb,True
q03546,Natural Questions,person,2711,https://huggingface.co/datasets/google-research-datasets/nq_open,nq_open:2711,,
q03547,Hard cases (hand-written),hand-written,sr-h0205,data/v2/inputs/old_dataset.xlsx,old_human:sr-h0205,slack|jira,False
q03548,Natural Questions,person,596,https://huggingface.co/datasets/google-research-datasets/nq_open,nq_open:596,,
q03549,CLINC150,person,2816,https://huggingface.co/datasets/clinc/clinc_oos,clinc_hr:2816,,
q03550,Hard cases (generated),AI-generated,sr-g0147,data/v2/inputs/old_dataset.xlsx,old_generated:sr-g0147,,False
q03551,EnterpriseRAG-Bench,benchmark,qst_0033,https://huggingface.co/datasets/onyx-dot-app/EnterpriseRAG-Bench,enterprise_rag:qst_0033,,
q03552,Hard cases (hand-written),hand-written,sr-h0042,data/v2/inputs/old_dataset.xlsx,old_human:sr-h0042,slack|jira|notion|gmail,True
q03553,Hard cases (generated),AI-generated,sr-g0304,data/v2/inputs/old_dataset.xlsx,old_generated:sr-g0304,notion|kb,True
q03554,EnterpriseRAG-Bench,benchmark,qst_0402,https://huggingface.co/datasets/onyx-dot-app/EnterpriseRAG-Bench,enterprise_rag:qst_0402,,
q03555,Hard cases (generated),AI-generated,sr-g0082,data/v2/inputs/old_dataset.xlsx,old_generated:sr-g0082,jira,False
q03556,Hard cases (generated),AI-generated,sr-g0283,data/v2/inputs/old_dataset.xlsx,old_generated:sr-g0283,notion|jira|kb,True
q03557,Hard cases (generated),AI-generated,sr-g0213,data/v2/inputs/old_dataset.xlsx,old_generated:sr-g0213,jira|kb,False
q03558,WixQA,person,164,https://huggingface.co/datasets/Wix/WixQA,wixqa_expert:164,,
q03559,ConcurrentQA,person,PAIRIDX:15902,https://huggingface.co/datasets/stanfordnlp/concurrentqa,concurrentqa_wiki:PAIRIDX:15902,,
q03560,Hard cases (generated),AI-generated,sr-g0333,data/v2/inputs/old_dataset.xlsx,old_generated:sr-g0333,gmail,False
q03561,Hard cases (generated),AI-generated,sr-g0267,data/v2/inputs/old_dataset.xlsx,old_generated:sr-g0267,slack|gmail,False
q03562,Natural Questions,person,696,https://huggingface.co/datasets/google-research-datasets/nq_open,nq_open:696,,
q03563,MASSIVE,person,17047,https://github.com/alexa/massive,massive_email:17047,,
q03564,MASSIVE,person,16662,https://github.com/alexa/massive,massive_email:16662,,
q03565,Ubuntu help chat,"AI, from a real document",ubuntu-irc-tes-6590,https://huggingface.co/datasets/jkkummerfeld/irc_disentangle,ubuntu_irc:ubuntu-irc-tes-6590,,
q03566,Apache Kafka Jira,"AI, from a real document",KAFKA-13423,https://issues.apache.org/jira/browse/KAFKA-13423,kafka_jira:KAFKA-13423,,
q03567,Hard cases (hand-written),hand-written,sr-h0079,data/v2/inputs/old_dataset.xlsx,old_human:sr-h0079,notion|kb,True
q03568,Hard cases (generated),AI-generated,sr-g0298,data/v2/inputs/old_dataset.xlsx,old_generated:sr-g0298,slack|jira|kb,False
q03569,CLINC150,person,321,https://huggingface.co/datasets/clinc/clinc_oos,clinc_public:321,,
q03570,Hard cases (hand-written),hand-written,sr-h0149,data/v2/inputs/old_dataset.xlsx,old_human:sr-h0149,slack,False
q03571,Ubuntu help chat,"AI, from a real document",ubuntu-irc-tes-14776,https://huggingface.co/datasets/jkkummerfeld/irc_disentangle,ubuntu_irc:ubuntu-irc-tes-14776,,
q03572,CLINC150,person,9677,https://huggingface.co/datasets/clinc/clinc_oos,clinc_smalltalk:9677,,
q03573,CLINC150,person,1988,https://huggingface.co/datasets/clinc/clinc_oos,clinc_smalltalk:1988,,
q03574,Natural Questions,person,606,https://huggingface.co/datasets/google-research-datasets/nq_open,nq_open:606,,
q03575,Hard cases (generated),AI-generated,sr-g0050,data/v2/inputs/old_dataset.xlsx,old_generated:sr-g0050,gmail,False
q03576,Hard cases (hand-written),hand-written,sr-h0050,data/v2/inputs/old_dataset.xlsx,old_human:sr-h0050,notion,True
q03577,Hard cases (generated),AI-generated,sr-g0182,data/v2/inputs/old_dataset.xlsx,old_generated:sr-g0182,kb,False
q03578,Hard cases (generated),AI-generated,sr-g0067,data/v2/inputs/old_dataset.xlsx,old_generated:sr-g0067,kb,False
q03579,Apache Kafka Jira,"AI, from a real document",KAFKA-19673,https://issues.apache.org/jira/browse/KAFKA-19673,kafka_jira:KAFKA-19673,,
q03580,QMSum,person,test-31-2,https://github.com/Yale-LILY/QMSum,qmsum:test-31,,
q03581,QMSum,person,val-7-2,https://github.com/Yale-LILY/QMSum,qmsum:val-7,,
q03582,Hard cases (generated),AI-generated,sr-g0228,data/v2/inputs/old_dataset.xlsx,old_generated:sr-g0228,slack|notion,False
q03583,CLINC150,person,16564,https://huggingface.co/datasets/clinc/clinc_oos,clinc_smalltalk:16564,,
q03584,MASSIVE,person,16678,https://github.com/alexa/massive,massive_email:16678,,
q03585,MASSIVE,person,13866,https://github.com/alexa/massive,massive_qa:13866,,
q03586,Hard cases (hand-written),hand-written,sr-h0204,data/v2/inputs/old_dataset.xlsx,old_human:sr-h0204,slack,False
q03587,MASSIVE,person,16648,https://github.com/alexa/massive,massive_email:16648,,
q03588,Hard cases (generated),AI-generated,sr-g0099,data/v2/inputs/old_dataset.xlsx,old_generated:sr-g0099,gmail,False
q03589,Hard cases (hand-written),hand-written,sr-h0084,data/v2/inputs/old_dataset.xlsx,old_human:sr-h0084,notion,False
q03590,Natural Questions,person,828,https://huggingface.co/datasets/google-research-datasets/nq_open,nq_open:828,,
q03591,Natural Questions,person,3152,https://huggingface.co/datasets/google-research-datasets/nq_open,nq_open:3152,,
q03592,MASSIVE,person,15824,https://github.com/alexa/massive,massive_email:15824,,
q03593,Hard cases (hand-written),hand-written,sr-h0130,data/v2/inputs/old_dataset.xlsx,old_human:sr-h0130,notion,True
q03594,EnterpriseRAG-Bench,benchmark,qst_0101,https://huggingface.co/datasets/onyx-dot-app/EnterpriseRAG-Bench,enterprise_rag:qst_0101,,
q03595,Hard cases (generated),AI-generated,sr-g0137,data/v2/inputs/old_dataset.xlsx,old_generated:sr-g0137,,False
q03596,Hard cases (generated),AI-generated,sr-g0111,data/v2/inputs/old_dataset.xlsx,old_generated:sr-g0111,kb,False
q03597,Hard cases (generated),AI-generated,sr-g0288,data/v2/inputs/old_dataset.xlsx,old_generated:sr-g0288,slack|notion|gmail,True
q03598,Hard cases (generated),AI-generated,sr-g0049,data/v2/inputs/old_dataset.xlsx,old_generated:sr-g0049,gmail,False
q03599,Hard cases (generated),AI-generated,sr-g0218,data/v2/inputs/old_dataset.xlsx,old_generated:sr-g0218,gmail|kb,False
q03600,Hard cases (hand-written),hand-written,sr-h0008,data/v2/inputs/old_dataset.xlsx,old_human:sr-h0008,notion,True
q03601,EnterpriseRAG-Bench,benchmark,qst_0129,https://huggingface.co/datasets/onyx-dot-app/EnterpriseRAG-Bench,enterprise_rag:qst_0129,,
q03602,Hard cases (generated),AI-generated,sr-g0105,data/v2/inputs/old_dataset.xlsx,old_generated:sr-g0105,kb,False
q03603,EnterpriseRAG-Bench,benchmark,qst_0088,https://huggingface.co/datasets/onyx-dot-app/EnterpriseRAG-Bench,enterprise_rag:qst_0088,,
q03604,Hard cases (generated),AI-generated,sr-g0220,data/v2/inputs/old_dataset.xlsx,old_generated:sr-g0220,slack|notion,False
q03605,MASSIVE,person,13387,https://github.com/alexa/massive,massive_qa:13387,,
q03606,QMSum,person,train-25-5,https://github.com/Yale-LILY/QMSum,qmsum:train-25,,
q03607,Hard cases (hand-written),hand-written,sr-h0059,data/v2/inputs/old_dataset.xlsx,old_human:sr-h0059,jira,False
q03608,Hard cases (hand-written),hand-written,sr-h0028,data/v2/inputs/old_dataset.xlsx,old_human:sr-h0028,notion,True
q03609,Hard cases (generated),AI-generated,sr-g0200,data/v2/inputs/old_dataset.xlsx,old_generated:sr-g0200,slack|notion,True
q03610,Hard cases (generated),AI-generated,sr-g0237,data/v2/inputs/old_dataset.xlsx,old_generated:sr-g0237,slack|jira,False
q03611,Hard cases (generated),AI-generated,sr-g0064,data/v2/inputs/old_dataset.xlsx,old_generated:sr-g0064,kb,False
q03612,Hard cases (generated),AI-generated,sr-g0196,data/v2/inputs/old_dataset.xlsx,old_generated:sr-g0196,notion|kb,True
q03613,Hard cases (generated),AI-generated,sr-g0243,data/v2/inputs/old_dataset.xlsx,old_generated:sr-g0243,notion|kb,False
q03614,QMSum,person,val-13-3,https://github.com/Yale-LILY/QMSum,qmsum:val-13,,
q03615,ConcurrentQA,person,PAIRIDX:18841,https://huggingface.co/datasets/stanfordnlp/concurrentqa,concurrentqa_wiki:PAIRIDX:18841,,
q03616,Hard cases (generated),AI-generated,sr-g0055,data/v2/inputs/old_dataset.xlsx,old_generated:sr-g0055,gmail,False
q03617,Ubuntu help chat,"AI, from a real document",ubuntu-irc-tes-1407,https://huggingface.co/datasets/jkkummerfeld/irc_disentangle,ubuntu_irc:ubuntu-irc-tes-1407,,
q03618,WixQA,person,43,https://huggingface.co/datasets/Wix/WixQA,wixqa_simulated:43,,
q03619,CLINC150,person,6523,https://huggingface.co/datasets/clinc/clinc_oos,clinc_smalltalk:6523,,
q03620,Hard cases (generated),AI-generated,sr-g0320,data/v2/inputs/old_dataset.xlsx,old_generated:sr-g0320,jira|kb,False
q03621,CLINC150,person,18061,https://huggingface.co/datasets/clinc/clinc_oos,clinc_smalltalk:18061,,
q03622,Hard cases (generated),AI-generated,sr-g0140,data/v2/inputs/old_dataset.xlsx,old_generated:sr-g0140,,False
q03623,MASSIVE,person,16845,https://github.com/alexa/massive,massive_email:16845,,
q03624,Hard cases (generated),AI-generated,sr-g0051,data/v2/inputs/old_dataset.xlsx,old_generated:sr-g0051,gmail,False
q03625,Apache Kafka Confluence,"AI, from a real document",cwiki-217387038,https://cwiki.apache.org/confluence/spaces/KAFKA/pages/217387038/KIP-848+The+Next+Generation+of+the+Consumer+Rebalance+Protocol,kafka_kips:cwiki-217387038,,
q03626,Hard cases (generated),AI-generated,sr-g0233,data/v2/inputs/old_dataset.xlsx,old_generated:sr-g0233,slack|jira,False
q03627,Hard cases (generated),AI-generated,sr-g0245,data/v2/inputs/old_dataset.xlsx,old_generated:sr-g0245,notion|kb,False
q03628,Apache Kafka Confluence,"AI, from a real document",cwiki-50859269,https://cwiki.apache.org/confluence/spaces/KAFKA/pages/50859269/KIP-1+-+Remove+support+of+request.required.acks,kafka_kips:cwiki-50859269,,
q03629,Hard cases (hand-written),hand-written,sr-h0179,data/v2/inputs/old_dataset.xlsx,old_human:sr-h0179,notion|kb,True
q03630,Hard cases (generated),AI-generated,sr-g0275,data/v2/inputs/old_dataset.xlsx,old_generated:sr-g0275,slack|jira|notion,True
q03631,Hard cases (generated),AI-generated,sr-g0206,data/v2/inputs/old_dataset.xlsx,old_generated:sr-g0206,gmail|notion,True
q03632,Hard cases (generated),AI-generated,sr-g0187,data/v2/inputs/old_dataset.xlsx,old_generated:sr-g0187,kb,False
q03633,Hard cases (generated),AI-generated,sr-g0203,data/v2/inputs/old_dataset.xlsx,old_generated:sr-g0203,jira|notion,True
q03634,Hard cases (hand-written),hand-written,sr-h0198,data/v2/inputs/old_dataset.xlsx,old_human:sr-h0198,slack|notion,False
q03635,Hard cases (hand-written),hand-written,sr-h0203,data/v2/inputs/old_dataset.xlsx,old_human:sr-h0203,notion,True
q03636,Hard cases (generated),AI-generated,sr-g0332,data/v2/inputs/old_dataset.xlsx,old_generated:sr-g0332,notion,False
q03637,Natural Questions,person,2955,https://huggingface.co/datasets/google-research-datasets/nq_open,nq_open:2955,,
q03638,CLINC150,person,7675,https://huggingface.co/datasets/clinc/clinc_oos,clinc_hr:7675,,
q03639,EnterpriseRAG-Bench,benchmark,qst_0368,https://huggingface.co/datasets/onyx-dot-app/EnterpriseRAG-Bench,enterprise_rag:qst_0368,,
q03640,Hard cases (hand-written),hand-written,sr-h0214,data/v2/inputs/old_dataset.xlsx,old_human:sr-h0214,slack,False
q03641,EnterpriseRAG-Bench,benchmark,qst_0322,https://huggingface.co/datasets/onyx-dot-app/EnterpriseRAG-Bench,enterprise_rag:qst_0322,,
q03642,Apache Kafka Jira,"AI, from a real document",KAFKA-13417,https://issues.apache.org/jira/browse/KAFKA-13417,kafka_jira:KAFKA-13417,,
q03643,ConcurrentQA,person,PAIRIDX:2983,https://huggingface.co/datasets/stanfordnlp/concurrentqa,concurrentqa_wiki:PAIRIDX:2983,,
q03644,EnterpriseRAG-Bench,benchmark,qst_0164,https://huggingface.co/datasets/onyx-dot-app/EnterpriseRAG-Bench,enterprise_rag:qst_0164,,
q03645,Hard cases (hand-written),hand-written,sr-h0104,data/v2/inputs/old_dataset.xlsx,old_human:sr-h0104,notion,True
q03646,Apache Kafka Jira,"AI, from a real document",KAFKA-19633,https://issues.apache.org/jira/browse/KAFKA-19633,kafka_jira:KAFKA-19633,,
q03647,Hard cases (generated),AI-generated,sr-g0242,data/v2/inputs/old_dataset.xlsx,old_generated:sr-g0242,notion|kb,False
q03648,EnterpriseRAG-Bench,benchmark,qst_0244,https://huggingface.co/datasets/onyx-dot-app/EnterpriseRAG-Bench,enterprise_rag:qst_0244,,
q03649,Hard cases (hand-written),hand-written,sr-h0132,data/v2/inputs/old_dataset.xlsx,old_human:sr-h0132,kb,True
q03650,Hard cases (generated),AI-generated,sr-g0045,data/v2/inputs/old_dataset.xlsx,old_generated:sr-g0045,notion,True
q03651,Hard cases (generated),AI-generated,sr-g0006,data/v2/inputs/old_dataset.xlsx,old_generated:sr-g0006,jira,False
q03652,Hard cases (generated),AI-generated,sr-g0130,data/v2/inputs/old_dataset.xlsx,old_generated:sr-g0130,,False
q03653,Hard cases (generated),AI-generated,sr-g0039,data/v2/inputs/old_dataset.xlsx,old_generated:sr-g0039,notion,True
q03654,Hard cases (generated),AI-generated,sr-g0169,data/v2/inputs/old_dataset.xlsx,old_generated:sr-g0169,notion,True
q03655,EnterpriseRAG-Bench,benchmark,qst_0288,https://huggingface.co/datasets/onyx-dot-app/EnterpriseRAG-Bench,enterprise_rag:qst_0288,,
q03656,ConcurrentQA,person,PAIRIDX:40057,https://huggingface.co/datasets/stanfordnlp/concurrentqa,concurrentqa_wiki:PAIRIDX:40057,,
q03657,Hard cases (hand-written),hand-written,sr-h0074,data/v2/inputs/old_dataset.xlsx,old_human:sr-h0074,notion|kb,True
q03658,Hard cases (hand-written),hand-written,sr-h0021,data/v2/inputs/old_dataset.xlsx,old_human:sr-h0021,jira,False
q03659,WixQA,person,71,https://huggingface.co/datasets/Wix/WixQA,wixqa_simulated:71,,
q03660,WixQA,person,88,https://huggingface.co/datasets/Wix/WixQA,wixqa_expert:88,,
q03661,EnterpriseRAG company topics,"AI, from a company document",dsid_4cf1f637e0404bd5ae45427fbb642066,https://huggingface.co/datasets/onyx-dot-app/EnterpriseRAG-Bench,topic:KV cache,,
q03662,EnterpriseRAG company topics,"AI, from a company document",dsid_cb11b5a8261947b79b2308a03fbc84c8,https://huggingface.co/datasets/onyx-dot-app/EnterpriseRAG-Bench,topic:KV cache,,
q03663,EnterpriseRAG company topics,"AI, from a company document",dsid_622a1442c53c40b88c36c579d55574ff,https://huggingface.co/datasets/onyx-dot-app/EnterpriseRAG-Bench,topic:KV cache,,
q03664,EnterpriseRAG company topics,"AI, from a company document",dsid_f1716146dfef4177bb66fc40c16f0e5f,https://huggingface.co/datasets/onyx-dot-app/EnterpriseRAG-Bench,topic:KV cache,,
q03665,EnterpriseRAG company topics,"AI, from a company document",dsid_49271c958e17488da38eb3e959894cd4,https://huggingface.co/datasets/onyx-dot-app/EnterpriseRAG-Bench,topic:KV cache,,
q03666,EnterpriseRAG company topics,"AI, from a company document",dsid_f895236521014020b010bb8ec68be05c,https://huggingface.co/datasets/onyx-dot-app/EnterpriseRAG-Bench,topic:KV cache,,
q03667,EnterpriseRAG company topics,"AI, from a company document",dsid_5e239d8a2e2c46299b7b0b0a8b9370a0,https://huggingface.co/datasets/onyx-dot-app/EnterpriseRAG-Bench,topic:KV cache,,
q03668,EnterpriseRAG company topics,"AI, from a company document",dsid_94a27c126d8e49a1b78444b9abdc3914,https://huggingface.co/datasets/onyx-dot-app/EnterpriseRAG-Bench,topic:KV cache,,
q03669,EnterpriseRAG company topics,"AI, from a company document",dsid_e721302735a24b8fb5ba8dee926f35f3,https://huggingface.co/datasets/onyx-dot-app/EnterpriseRAG-Bench,topic:KV cache,,
q03670,EnterpriseRAG company topics,"AI, from a company document",dsid_9c8cb10d65324c03a8ededbd98c1b058,https://huggingface.co/datasets/onyx-dot-app/EnterpriseRAG-Bench,topic:KV cache,,
q03671,EnterpriseRAG company topics,"AI, from a company document",dsid_1afc5517252c4a6281927f2240a96c4a,https://huggingface.co/datasets/onyx-dot-app/EnterpriseRAG-Bench,topic:KV cache,,
q03672,EnterpriseRAG company topics,"AI, from a company document",dsid_202e1bbe2d604281ab4a6cf4d2bebfc6,https://huggingface.co/datasets/onyx-dot-app/EnterpriseRAG-Bench,topic:KV cache,,
q03673,EnterpriseRAG company topics,"AI, from a company document",dsid_d495a24ec5514a12a0813a294f39db40,https://huggingface.co/datasets/onyx-dot-app/EnterpriseRAG-Bench,topic:KV cache,,
q03674,EnterpriseRAG company topics,"AI, from a company document",dsid_d3a803016b8f414a97b49193e809915f,https://huggingface.co/datasets/onyx-dot-app/EnterpriseRAG-Bench,topic:KV cache,,
q03675,EnterpriseRAG company topics,"AI, from a company document",dsid_f430adb062504451a88a12beb1965737,https://huggingface.co/datasets/onyx-dot-app/EnterpriseRAG-Bench,topic:KV cache,,
q03676,EnterpriseRAG company topics,"AI, from a company document",dsid_eb2829c5ad854ff28922748dafa19699,https://huggingface.co/datasets/onyx-dot-app/EnterpriseRAG-Bench,topic:KV cache,,
q03677,EnterpriseRAG company topics,"AI, from a company document",dsid_cea832745e054c77bb23dfdf465dfba5,https://huggingface.co/datasets/onyx-dot-app/EnterpriseRAG-Bench,topic:KV cache,,
q03678,EnterpriseRAG company topics,"AI, from a company document",dsid_8db26571a7c3446c97241a51cd90c1a4,https://huggingface.co/datasets/onyx-dot-app/EnterpriseRAG-Bench,topic:KV cache,,
q03679,EnterpriseRAG company topics,"AI, from a company document",dsid_674cdb20fc5c4b0c81e86ba1e238feec,https://huggingface.co/datasets/onyx-dot-app/EnterpriseRAG-Bench,topic:KV cache,,
q03680,EnterpriseRAG company topics,"AI, from a company document",dsid_c229f99daa334ed592c371453ccf5db0,https://huggingface.co/datasets/onyx-dot-app/EnterpriseRAG-Bench,topic:KV cache,,
q03681,EnterpriseRAG company topics,"AI, from a company document",dsid_e4ff04ebc2a14c1982abc4987753790c,https://huggingface.co/datasets/onyx-dot-app/EnterpriseRAG-Bench,topic:KV cache,,
q03682,EnterpriseRAG company topics,"AI, from a company document",dsid_653c5cb083984b428caabb4fd82d9e1b,https://huggingface.co/datasets/onyx-dot-app/EnterpriseRAG-Bench,topic:KV cache,,
q03683,EnterpriseRAG company topics,"AI, from a company document",dsid_4590b7a685a84aa5b826a4e23bbc818e,https://huggingface.co/datasets/onyx-dot-app/EnterpriseRAG-Bench,topic:KV cache,,
q03684,EnterpriseRAG company topics,"AI, from a company document",dsid_a7928f94b72d4913a2b75345f1bef3a7,https://huggingface.co/datasets/onyx-dot-app/EnterpriseRAG-Bench,topic:KV cache,,
q03685,EnterpriseRAG company topics,"AI, from a company document",dsid_028b508eb6f24211bb0979ad300068a6,https://huggingface.co/datasets/onyx-dot-app/EnterpriseRAG-Bench,topic:KV cache,,
q03686,EnterpriseRAG company topics,"AI, from a company document",dsid_fc2f2072856149c9b781b706d3f0f1f7,https://huggingface.co/datasets/onyx-dot-app/EnterpriseRAG-Bench,topic:KV cache,,
q03687,EnterpriseRAG company topics,"AI, from a company document",dsid_3a04c16bbbde44aa8b5c125ecbf745c6,https://huggingface.co/datasets/onyx-dot-app/EnterpriseRAG-Bench,topic:KV cache,,
q03688,EnterpriseRAG company topics,"AI, from a company document",dsid_8349e6a2ed53489a85d9185e91ecf338,https://huggingface.co/datasets/onyx-dot-app/EnterpriseRAG-Bench,topic:KV cache,,
q03689,EnterpriseRAG company topics,"AI, from a company document",dsid_c9220af827ae4852ae8dd2f214b3c246,https://huggingface.co/datasets/onyx-dot-app/EnterpriseRAG-Bench,topic:KV cache,,
q03690,EnterpriseRAG company topics,"AI, from a company document",dsid_c63104761d7f4a368c3b6819328540da,https://huggingface.co/datasets/onyx-dot-app/EnterpriseRAG-Bench,topic:KV cache,,
q03691,EnterpriseRAG company topics,"AI, public question on same topic",,https://huggingface.co/datasets/onyx-dot-app/EnterpriseRAG-Bench,topic:KV cache,,
q03692,EnterpriseRAG company topics,"AI, public question on same topic",,https://huggingface.co/datasets/onyx-dot-app/EnterpriseRAG-Bench,topic:KV cache,,
q03693,EnterpriseRAG company topics,"AI, public question on same topic",,https://huggingface.co/datasets/onyx-dot-app/EnterpriseRAG-Bench,topic:KV cache,,
q03694,EnterpriseRAG company topics,"AI, public question on same topic",,https://huggingface.co/datasets/onyx-dot-app/EnterpriseRAG-Bench,topic:KV cache,,
q03695,EnterpriseRAG company topics,"AI, public question on same topic",,https://huggingface.co/datasets/onyx-dot-app/EnterpriseRAG-Bench,topic:KV cache,,
q03696,EnterpriseRAG company topics,"AI, from a company document",dsid_57a894e13e534ee7bc39f9ff4da7ebeb,https://huggingface.co/datasets/onyx-dot-app/EnterpriseRAG-Bench,topic:cross-region failover,,
q03697,EnterpriseRAG company topics,"AI, from a company document",dsid_d363f62f0c84438b8ed697891caf6471,https://huggingface.co/datasets/onyx-dot-app/EnterpriseRAG-Bench,topic:cross-region failover,,
q03698,EnterpriseRAG company topics,"AI, from a company document",dsid_5046f7a814ba48baac5e597793cb3166,https://huggingface.co/datasets/onyx-dot-app/EnterpriseRAG-Bench,topic:cross-region failover,,
q03699,EnterpriseRAG company topics,"AI, from a company document",dsid_b3553ea3a3d749dbaa61738b6ef1a8c5,https://huggingface.co/datasets/onyx-dot-app/EnterpriseRAG-Bench,topic:cross-region failover,,
q03700,EnterpriseRAG company topics,"AI, from a company document",dsid_b1da662d283d4b2a8a49fa873cf54b58,https://huggingface.co/datasets/onyx-dot-app/EnterpriseRAG-Bench,topic:cross-region failover,,
q03701,EnterpriseRAG company topics,"AI, from a company document",dsid_f9fd3226ae004be2b3878d9ee90b9ce0,https://huggingface.co/datasets/onyx-dot-app/EnterpriseRAG-Bench,topic:cross-region failover,,
q03702,EnterpriseRAG company topics,"AI, from a company document",dsid_2a6f1b9e5b9c4a4ab2a2a6bd2d6f6d1d,https://huggingface.co/datasets/onyx-dot-app/EnterpriseRAG-Bench,topic:cross-region failover,,
q03703,EnterpriseRAG company topics,"AI, from a company document",dsid_80b184a7b1f24b85b4a9380ed38926cc,https://huggingface.co/datasets/onyx-dot-app/EnterpriseRAG-Bench,topic:cross-region failover,,
q03704,EnterpriseRAG company topics,"AI, from a company document",dsid_8f979859507f4ea7a19d86382f43664d,https://huggingface.co/datasets/onyx-dot-app/EnterpriseRAG-Bench,topic:cross-region failover,,
q03705,EnterpriseRAG company topics,"AI, from a company document",dsid_64dd3b003d0d43dea881ff57edc7ec45,https://huggingface.co/datasets/onyx-dot-app/EnterpriseRAG-Bench,topic:cross-region failover,,
q03706,EnterpriseRAG company topics,"AI, from a company document",dsid_6d46642c8cfc4696a5de2147dc0d01f1,https://huggingface.co/datasets/onyx-dot-app/EnterpriseRAG-Bench,topic:cross-region failover,,
q03707,EnterpriseRAG company topics,"AI, from a company document",dsid_32e17c2e6fbc412ca7d631bea42bad22,https://huggingface.co/datasets/onyx-dot-app/EnterpriseRAG-Bench,topic:cross-region failover,,
q03708,EnterpriseRAG company topics,"AI, from a company document",dsid_ced5b851ec534a8bbdfa8c364cf6002d,https://huggingface.co/datasets/onyx-dot-app/EnterpriseRAG-Bench,topic:cross-region failover,,
q03709,EnterpriseRAG company topics,"AI, from a company document",dsid_820f54d90f03447282e6b51a274c52a3,https://huggingface.co/datasets/onyx-dot-app/EnterpriseRAG-Bench,topic:cross-region failover,,
q03710,EnterpriseRAG company topics,"AI, from a company document",dsid_993f561585e94f8fa878f45eb8b9a867,https://huggingface.co/datasets/onyx-dot-app/EnterpriseRAG-Bench,topic:cross-region failover,,
q03711,EnterpriseRAG company topics,"AI, from a company document",dsid_657a835d86d243a2913dda46d48d6181,https://huggingface.co/datasets/onyx-dot-app/EnterpriseRAG-Bench,topic:cross-region failover,,
q03712,EnterpriseRAG company topics,"AI, from a company document",dsid_961458e585fd4158ac45be4f75af5771,https://huggingface.co/datasets/onyx-dot-app/EnterpriseRAG-Bench,topic:cross-region failover,,
q03713,EnterpriseRAG company topics,"AI, from a company document",dsid_0ecf0b1c9e3641cc9e8adb2cc9a794b9,https://huggingface.co/datasets/onyx-dot-app/EnterpriseRAG-Bench,topic:cross-region failover,,
q03714,EnterpriseRAG company topics,"AI, from a company document",dsid_b3a783f75ecd40a087fa7a16b869822a,https://huggingface.co/datasets/onyx-dot-app/EnterpriseRAG-Bench,topic:cross-region failover,,
q03715,EnterpriseRAG company topics,"AI, from a company document",dsid_58f55f2086cb4b54a266320e99c7d050,https://huggingface.co/datasets/onyx-dot-app/EnterpriseRAG-Bench,topic:cross-region failover,,
q03716,EnterpriseRAG company topics,"AI, from a company document",dsid_0e47217c00ac4af7a5a036d1bdef809f,https://huggingface.co/datasets/onyx-dot-app/EnterpriseRAG-Bench,topic:cross-region failover,,
q03717,EnterpriseRAG company topics,"AI, from a company document",dsid_991ce6647e9f4bada8a76f4597390230,https://huggingface.co/datasets/onyx-dot-app/EnterpriseRAG-Bench,topic:cross-region failover,,
q03718,EnterpriseRAG company topics,"AI, from a company document",dsid_2e22cc7afa9a41e0bc9c9d29607d0c8a,https://huggingface.co/datasets/onyx-dot-app/EnterpriseRAG-Bench,topic:cross-region failover,,
q03719,EnterpriseRAG company topics,"AI, from a company document",dsid_04d07b358f9f408d986617fea1ec1963,https://huggingface.co/datasets/onyx-dot-app/EnterpriseRAG-Bench,topic:cross-region failover,,
q03720,EnterpriseRAG company topics,"AI, from a company document",dsid_7781f8aeace846a08eb248250f55413e,https://huggingface.co/datasets/onyx-dot-app/EnterpriseRAG-Bench,topic:cross-region failover,,
q03721,EnterpriseRAG company topics,"AI, from a company document",dsid_a25ab002971440d2afd0de0fd1e8a587,https://huggingface.co/datasets/onyx-dot-app/EnterpriseRAG-Bench,topic:cross-region failover,,
q03722,EnterpriseRAG company topics,"AI, from a company document",dsid_edac73d926714883bcfcee7e3663b435,https://huggingface.co/datasets/onyx-dot-app/EnterpriseRAG-Bench,topic:cross-region failover,,
q03723,EnterpriseRAG company topics,"AI, from a company document",dsid_536310772f704735bff5b673754e0d50,https://huggingface.co/datasets/onyx-dot-app/EnterpriseRAG-Bench,topic:cross-region failover,,
q03724,EnterpriseRAG company topics,"AI, from a company document",dsid_330a56cc185e4915a01fe36484778db0,https://huggingface.co/datasets/onyx-dot-app/EnterpriseRAG-Bench,topic:cross-region failover,,
q03725,EnterpriseRAG company topics,"AI, from a company document",dsid_67823bbdf4c44812b27eba0cbfdf9047,https://huggingface.co/datasets/onyx-dot-app/EnterpriseRAG-Bench,topic:cross-region failover,,
q03726,EnterpriseRAG company topics,"AI, public question on same topic",,https://huggingface.co/datasets/onyx-dot-app/EnterpriseRAG-Bench,topic:cross-region failover,,
q03727,EnterpriseRAG company topics,"AI, public question on same topic",,https://huggingface.co/datasets/onyx-dot-app/EnterpriseRAG-Bench,topic:cross-region failover,,
q03728,EnterpriseRAG company topics,"AI, public question on same topic",,https://huggingface.co/datasets/onyx-dot-app/EnterpriseRAG-Bench,topic:cross-region failover,,
q03729,EnterpriseRAG company topics,"AI, public question on same topic",,https://huggingface.co/datasets/onyx-dot-app/EnterpriseRAG-Bench,topic:cross-region failover,,
q03730,EnterpriseRAG company topics,"AI, public question on same topic",,https://huggingface.co/datasets/onyx-dot-app/EnterpriseRAG-Bench,topic:cross-region failover,,
q03731,EnterpriseRAG company topics,"AI, from a company document",dsid_75c9e90ebdab4536af231ec8a42819ae,https://huggingface.co/datasets/onyx-dot-app/EnterpriseRAG-Bench,topic:autoscaling,,
q03732,EnterpriseRAG company topics,"AI, from a company document",dsid_812dbdf302ba4856bcadbfba664b692b,https://huggingface.co/datasets/onyx-dot-app/EnterpriseRAG-Bench,topic:autoscaling,,
q03733,EnterpriseRAG company topics,"AI, from a company document",dsid_0f5e55bb3da64ac782766d2c45ec8f16,https://huggingface.co/datasets/onyx-dot-app/EnterpriseRAG-Bench,topic:autoscaling,,
q03734,EnterpriseRAG company topics,"AI, from a company document",dsid_cf5f11e10e7445b4a0cfb203fe8dd962,https://huggingface.co/datasets/onyx-dot-app/EnterpriseRAG-Bench,topic:autoscaling,,
q03735,EnterpriseRAG company topics,"AI, from a company document",dsid_db7673d8e3f54a2c9b72c90271b792d0,https://huggingface.co/datasets/onyx-dot-app/EnterpriseRAG-Bench,topic:autoscaling,,
q03736,EnterpriseRAG company topics,"AI, from a company document",dsid_93320a2f19b045a895d2d0141fa4d78c,https://huggingface.co/datasets/onyx-dot-app/EnterpriseRAG-Bench,topic:autoscaling,,
q03737,EnterpriseRAG company topics,"AI, from a company document",dsid_dcbab948572144c0970771bfd386a66e,https://huggingface.co/datasets/onyx-dot-app/EnterpriseRAG-Bench,topic:autoscaling,,
q03738,EnterpriseRAG company topics,"AI, from a company document",dsid_71e14e4b08204804985bb58c0ea67780,https://huggingface.co/datasets/onyx-dot-app/EnterpriseRAG-Bench,topic:autoscaling,,
q03739,EnterpriseRAG company topics,"AI, from a company document",dsid_032714869fb14695b0374443de40ec58,https://huggingface.co/datasets/onyx-dot-app/EnterpriseRAG-Bench,topic:autoscaling,,
q03740,EnterpriseRAG company topics,"AI, from a company document",dsid_568f67f51e9b40d59544762433ab9520,https://huggingface.co/datasets/onyx-dot-app/EnterpriseRAG-Bench,topic:autoscaling,,
q03741,EnterpriseRAG company topics,"AI, from a company document",dsid_2ae19718ba3144789dad27e0bef1b5fa,https://huggingface.co/datasets/onyx-dot-app/EnterpriseRAG-Bench,topic:autoscaling,,
q03742,EnterpriseRAG company topics,"AI, from a company document",dsid_7dd37605c6b3485ea4121a5106721416,https://huggingface.co/datasets/onyx-dot-app/EnterpriseRAG-Bench,topic:autoscaling,,
q03743,EnterpriseRAG company topics,"AI, from a company document",dsid_9afa20b227c7494daa967a163f399064,https://huggingface.co/datasets/onyx-dot-app/EnterpriseRAG-Bench,topic:autoscaling,,
q03744,EnterpriseRAG company topics,"AI, from a company document",dsid_00befa2f2b634564834816d95044231d,https://huggingface.co/datasets/onyx-dot-app/EnterpriseRAG-Bench,topic:autoscaling,,
q03745,EnterpriseRAG company topics,"AI, from a company document",dsid_5f399d298b3446d3907bc898a6527455,https://huggingface.co/datasets/onyx-dot-app/EnterpriseRAG-Bench,topic:autoscaling,,
q03746,EnterpriseRAG company topics,"AI, from a company document",dsid_f9c0a19609424caf82831f639f0faf7f,https://huggingface.co/datasets/onyx-dot-app/EnterpriseRAG-Bench,topic:autoscaling,,
q03747,EnterpriseRAG company topics,"AI, from a company document",dsid_0cf7b7dba7a3486a84269e3827ccb02c,https://huggingface.co/datasets/onyx-dot-app/EnterpriseRAG-Bench,topic:autoscaling,,
q03748,EnterpriseRAG company topics,"AI, from a company document",dsid_53c41753b1744c11b770a065f848e9ae,https://huggingface.co/datasets/onyx-dot-app/EnterpriseRAG-Bench,topic:autoscaling,,
q03749,EnterpriseRAG company topics,"AI, from a company document",dsid_c9ccff513b42452683e5819f070bc2a9,https://huggingface.co/datasets/onyx-dot-app/EnterpriseRAG-Bench,topic:autoscaling,,
q03750,EnterpriseRAG company topics,"AI, from a company document",dsid_b44d0c1c99ab4bc9adbd4c1005b5655e,https://huggingface.co/datasets/onyx-dot-app/EnterpriseRAG-Bench,topic:autoscaling,,
q03751,EnterpriseRAG company topics,"AI, from a company document",dsid_ba7e5d02402647b28807bfae9dd5b21b,https://huggingface.co/datasets/onyx-dot-app/EnterpriseRAG-Bench,topic:autoscaling,,
q03752,EnterpriseRAG company topics,"AI, from a company document",dsid_18d8f8a4dd1d4745b0b9b9431c1015a8,https://huggingface.co/datasets/onyx-dot-app/EnterpriseRAG-Bench,topic:autoscaling,,
q03753,EnterpriseRAG company topics,"AI, from a company document",dsid_cd9f5d00a98041859776a495d7a9affe,https://huggingface.co/datasets/onyx-dot-app/EnterpriseRAG-Bench,topic:autoscaling,,
q03754,EnterpriseRAG company topics,"AI, from a company document",dsid_c90bd9755f0c462195672e53533d698a,https://huggingface.co/datasets/onyx-dot-app/EnterpriseRAG-Bench,topic:autoscaling,,
q03755,EnterpriseRAG company topics,"AI, from a company document",dsid_93fde3fe28db493da5404e3a7738c644,https://huggingface.co/datasets/onyx-dot-app/EnterpriseRAG-Bench,topic:autoscaling,,
q03756,EnterpriseRAG company topics,"AI, from a company document",dsid_4604cf5f18f544b3a650f2073504246c,https://huggingface.co/datasets/onyx-dot-app/EnterpriseRAG-Bench,topic:autoscaling,,
q03757,EnterpriseRAG company topics,"AI, from a company document",dsid_46f4405f434e45b39d878099d968b69e,https://huggingface.co/datasets/onyx-dot-app/EnterpriseRAG-Bench,topic:autoscaling,,
q03758,EnterpriseRAG company topics,"AI, from a company document",dsid_0e9a280244324553a5c53daa6ce0b13d,https://huggingface.co/datasets/onyx-dot-app/EnterpriseRAG-Bench,topic:autoscaling,,
q03759,EnterpriseRAG company topics,"AI, from a company document",dsid_ec7b99a96b3c417d871c43abacbe9487,https://huggingface.co/datasets/onyx-dot-app/EnterpriseRAG-Bench,topic:autoscaling,,
q03760,EnterpriseRAG company topics,"AI, from a company document",dsid_09290bc3a6ff46ba8026b284459c3cc3,https://huggingface.co/datasets/onyx-dot-app/EnterpriseRAG-Bench,topic:autoscaling,,
q03761,EnterpriseRAG company topics,"AI, public question on same topic",,https://huggingface.co/datasets/onyx-dot-app/EnterpriseRAG-Bench,topic:autoscaling,,
q03762,EnterpriseRAG company topics,"AI, public question on same topic",,https://huggingface.co/datasets/onyx-dot-app/EnterpriseRAG-Bench,topic:autoscaling,,
q03763,EnterpriseRAG company topics,"AI, public question on same topic",,https://huggingface.co/datasets/onyx-dot-app/EnterpriseRAG-Bench,topic:autoscaling,,
q03764,EnterpriseRAG company topics,"AI, public question on same topic",,https://huggingface.co/datasets/onyx-dot-app/EnterpriseRAG-Bench,topic:autoscaling,,
q03765,EnterpriseRAG company topics,"AI, public question on same topic",,https://huggingface.co/datasets/onyx-dot-app/EnterpriseRAG-Bench,topic:autoscaling,,
q03766,EnterpriseRAG company topics,"AI, from a company document",dsid_6fbde60fcb9a403fa6323335f1a60be1,https://huggingface.co/datasets/onyx-dot-app/EnterpriseRAG-Bench,topic:SSO,,
q03767,EnterpriseRAG company topics,"AI, from a company document",dsid_004b29df745b42d6843276eb24f6fb2a,https://huggingface.co/datasets/onyx-dot-app/EnterpriseRAG-Bench,topic:SSO,,
q03768,EnterpriseRAG company topics,"AI, from a company document",dsid_2c0cb5d0769547e38179b879e74f66c6,https://huggingface.co/datasets/onyx-dot-app/EnterpriseRAG-Bench,topic:SSO,,
q03769,EnterpriseRAG company topics,"AI, from a company document",dsid_bdfa3aa0035e49688e847573adc6b273,https://huggingface.co/datasets/onyx-dot-app/EnterpriseRAG-Bench,topic:SSO,,
q03770,EnterpriseRAG company topics,"AI, from a company document",dsid_77a9088499c040238b88888117c6fe4c,https://huggingface.co/datasets/onyx-dot-app/EnterpriseRAG-Bench,topic:SSO,,
q03771,EnterpriseRAG company topics,"AI, from a company document",dsid_c7d4546ad1c9474f91b7c9cbd6c5dd66,https://huggingface.co/datasets/onyx-dot-app/EnterpriseRAG-Bench,topic:SSO,,
q03772,EnterpriseRAG company topics,"AI, from a company document",dsid_4a4328bbf7a948c3a5e89b9408d90d2b,https://huggingface.co/datasets/onyx-dot-app/EnterpriseRAG-Bench,topic:SSO,,
q03773,EnterpriseRAG company topics,"AI, from a company document",dsid_a4d0aa148e0a4c7bae11f84d19018b09,https://huggingface.co/datasets/onyx-dot-app/EnterpriseRAG-Bench,topic:SSO,,
q03774,EnterpriseRAG company topics,"AI, from a company document",dsid_447f1cdfda9f4dfe866d41534357c2b9,https://huggingface.co/datasets/onyx-dot-app/EnterpriseRAG-Bench,topic:SSO,,
q03775,EnterpriseRAG company topics,"AI, from a company document",dsid_fc5babbe18904d688b225f65445dae67,https://huggingface.co/datasets/onyx-dot-app/EnterpriseRAG-Bench,topic:SSO,,
q03776,EnterpriseRAG company topics,"AI, from a company document",dsid_ee924c2b57e847a8a034f45cc159851e,https://huggingface.co/datasets/onyx-dot-app/EnterpriseRAG-Bench,topic:SSO,,
q03777,EnterpriseRAG company topics,"AI, from a company document",dsid_8ba6cba6498449e9824a1197d1ee216d,https://huggingface.co/datasets/onyx-dot-app/EnterpriseRAG-Bench,topic:SSO,,
q03778,EnterpriseRAG company topics,"AI, from a company document",dsid_f5a1de068a81496ea9c724c9fc2d51e8,https://huggingface.co/datasets/onyx-dot-app/EnterpriseRAG-Bench,topic:SSO,,
q03779,EnterpriseRAG company topics,"AI, from a company document",dsid_180b5eea7da6496e885ab47d2300db39,https://huggingface.co/datasets/onyx-dot-app/EnterpriseRAG-Bench,topic:SSO,,
q03780,EnterpriseRAG company topics,"AI, from a company document",dsid_e4bc6f1173cb421aa5f842bd8330933f,https://huggingface.co/datasets/onyx-dot-app/EnterpriseRAG-Bench,topic:SSO,,
q03781,EnterpriseRAG company topics,"AI, from a company document",dsid_bb47f4b9bb0a4fa1bbca6e47e9647ff8,https://huggingface.co/datasets/onyx-dot-app/EnterpriseRAG-Bench,topic:SSO,,
q03782,EnterpriseRAG company topics,"AI, from a company document",dsid_469e5938369b4e428fd4ed3dda1feb44,https://huggingface.co/datasets/onyx-dot-app/EnterpriseRAG-Bench,topic:SSO,,
q03783,EnterpriseRAG company topics,"AI, from a company document",dsid_6b3310e313954400ba2db131f3dd3664,https://huggingface.co/datasets/onyx-dot-app/EnterpriseRAG-Bench,topic:SSO,,
q03784,EnterpriseRAG company topics,"AI, from a company document",dsid_d4cb5112d900499c84fc0a975df161d3,https://huggingface.co/datasets/onyx-dot-app/EnterpriseRAG-Bench,topic:SSO,,
q03785,EnterpriseRAG company topics,"AI, from a company document",dsid_9c1b54f692cd4b9fbfd9197d5a265e1a,https://huggingface.co/datasets/onyx-dot-app/EnterpriseRAG-Bench,topic:SSO,,
q03786,EnterpriseRAG company topics,"AI, from a company document",dsid_bdad6b3e3ca64d9eb6e45a6ab88f5d98,https://huggingface.co/datasets/onyx-dot-app/EnterpriseRAG-Bench,topic:SSO,,
q03787,EnterpriseRAG company topics,"AI, from a company document",dsid_86a858cdd11a480886056b0cffacfa3c,https://huggingface.co/datasets/onyx-dot-app/EnterpriseRAG-Bench,topic:SSO,,
q03788,EnterpriseRAG company topics,"AI, from a company document",dsid_ef1b5bf0811140a3be15c9d116a0e8ad,https://huggingface.co/datasets/onyx-dot-app/EnterpriseRAG-Bench,topic:SSO,,
q03789,EnterpriseRAG company topics,"AI, from a company document",dsid_637db8cb1b0c45ffbfc8bfec3a5cd211,https://huggingface.co/datasets/onyx-dot-app/EnterpriseRAG-Bench,topic:SSO,,
q03790,EnterpriseRAG company topics,"AI, from a company document",dsid_9070c2525f7f48489478992e2f5932d1,https://huggingface.co/datasets/onyx-dot-app/EnterpriseRAG-Bench,topic:SSO,,
q03791,EnterpriseRAG company topics,"AI, from a company document",dsid_426645772b534ac4a6af358830cf7982,https://huggingface.co/datasets/onyx-dot-app/EnterpriseRAG-Bench,topic:SSO,,
q03792,EnterpriseRAG company topics,"AI, from a company document",dsid_fee0c67d78294cdba431ec137bdf40ce,https://huggingface.co/datasets/onyx-dot-app/EnterpriseRAG-Bench,topic:SSO,,
q03793,EnterpriseRAG company topics,"AI, from a company document",dsid_6b674ce3640749d2b2d0f1e01e0aed95,https://huggingface.co/datasets/onyx-dot-app/EnterpriseRAG-Bench,topic:SSO,,
q03794,EnterpriseRAG company topics,"AI, public question on same topic",,https://huggingface.co/datasets/onyx-dot-app/EnterpriseRAG-Bench,topic:SSO,,
q03795,EnterpriseRAG company topics,"AI, public question on same topic",,https://huggingface.co/datasets/onyx-dot-app/EnterpriseRAG-Bench,topic:SSO,,
q03796,EnterpriseRAG company topics,"AI, public question on same topic",,https://huggingface.co/datasets/onyx-dot-app/EnterpriseRAG-Bench,topic:SSO,,
q03797,EnterpriseRAG company topics,"AI, public question on same topic",,https://huggingface.co/datasets/onyx-dot-app/EnterpriseRAG-Bench,topic:SSO,,
q03798,EnterpriseRAG company topics,"AI, public question on same topic",,https://huggingface.co/datasets/onyx-dot-app/EnterpriseRAG-Bench,topic:SSO,,
q03799,EnterpriseRAG company topics,"AI, from a company document",dsid_36b6f2036fb14f19bf616ddf63f125d0,https://huggingface.co/datasets/onyx-dot-app/EnterpriseRAG-Bench,topic:fine-tuning,,
q03800,EnterpriseRAG company topics,"AI, from a company document",dsid_405c9c32d0f34f998276f1a84f720fd4,https://huggingface.co/datasets/onyx-dot-app/EnterpriseRAG-Bench,topic:fine-tuning,,
q03801,EnterpriseRAG company topics,"AI, from a company document",dsid_aea85020467a4fbfad6f203bbeb03e85,https://huggingface.co/datasets/onyx-dot-app/EnterpriseRAG-Bench,topic:fine-tuning,,
q03802,EnterpriseRAG company topics,"AI, from a company document",dsid_712a7c196d5c41cd8f026ca8e7e616b7,https://huggingface.co/datasets/onyx-dot-app/EnterpriseRAG-Bench,topic:fine-tuning,,
q03803,EnterpriseRAG company topics,"AI, from a company document",dsid_75810bb620824385b8aa84aea2220ceb,https://huggingface.co/datasets/onyx-dot-app/EnterpriseRAG-Bench,topic:fine-tuning,,
q03804,EnterpriseRAG company topics,"AI, from a company document",dsid_0c10879aaadf4314bec81aed9961477a,https://huggingface.co/datasets/onyx-dot-app/EnterpriseRAG-Bench,topic:fine-tuning,,
q03805,EnterpriseRAG company topics,"AI, from a company document",dsid_05ad6e37c3114680b045636ea59aaf11,https://huggingface.co/datasets/onyx-dot-app/EnterpriseRAG-Bench,topic:fine-tuning,,
q03806,EnterpriseRAG company topics,"AI, from a company document",dsid_54e8fe9d53cc49ffa0da9dc90632fbf0,https://huggingface.co/datasets/onyx-dot-app/EnterpriseRAG-Bench,topic:fine-tuning,,
q03807,EnterpriseRAG company topics,"AI, from a company document",dsid_78efea4bb0b042c8abeef5f82c204fd5,https://huggingface.co/datasets/onyx-dot-app/EnterpriseRAG-Bench,topic:fine-tuning,,
q03808,EnterpriseRAG company topics,"AI, from a company document",dsid_d0b58b5cb29247719ab454fc3a8831cd,https://huggingface.co/datasets/onyx-dot-app/EnterpriseRAG-Bench,topic:fine-tuning,,
q03809,EnterpriseRAG company topics,"AI, from a company document",dsid_9bc57ce4249742e4956f5fc465e39b2a,https://huggingface.co/datasets/onyx-dot-app/EnterpriseRAG-Bench,topic:fine-tuning,,
q03810,EnterpriseRAG company topics,"AI, from a company document",dsid_9d9899db29d842709327037785f98442,https://huggingface.co/datasets/onyx-dot-app/EnterpriseRAG-Bench,topic:fine-tuning,,
q03811,EnterpriseRAG company topics,"AI, from a company document",dsid_b62eb12765ad44b2a6870ac58a09894f,https://huggingface.co/datasets/onyx-dot-app/EnterpriseRAG-Bench,topic:fine-tuning,,
q03812,EnterpriseRAG company topics,"AI, from a company document",dsid_c7b8666f5b304768a72427573f4eb8ab,https://huggingface.co/datasets/onyx-dot-app/EnterpriseRAG-Bench,topic:fine-tuning,,
q03813,EnterpriseRAG company topics,"AI, from a company document",dsid_f6393936e68e4f6394c56aeea2bdf473,https://huggingface.co/datasets/onyx-dot-app/EnterpriseRAG-Bench,topic:fine-tuning,,
q03814,EnterpriseRAG company topics,"AI, from a company document",dsid_ea508faa4c584cb9b7a53c5c5e3064f0,https://huggingface.co/datasets/onyx-dot-app/EnterpriseRAG-Bench,topic:fine-tuning,,
q03815,EnterpriseRAG company topics,"AI, from a company document",dsid_5d74f85f90394f0c9e694f808bb2e197,https://huggingface.co/datasets/onyx-dot-app/EnterpriseRAG-Bench,topic:fine-tuning,,
q03816,EnterpriseRAG company topics,"AI, from a company document",dsid_83794d99267c4ce3a8f7b1a0bc3b73ea,https://huggingface.co/datasets/onyx-dot-app/EnterpriseRAG-Bench,topic:fine-tuning,,
q03817,EnterpriseRAG company topics,"AI, from a company document",dsid_4f70788d3e5c43a6a63e4408fba75514,https://huggingface.co/datasets/onyx-dot-app/EnterpriseRAG-Bench,topic:fine-tuning,,
q03818,EnterpriseRAG company topics,"AI, from a company document",dsid_293e4a9ff9154a93826b30d5a3a21ad6,https://huggingface.co/datasets/onyx-dot-app/EnterpriseRAG-Bench,topic:fine-tuning,,
q03819,EnterpriseRAG company topics,"AI, from a company document",dsid_839dd5bfd0414a9e838c75407d040b71,https://huggingface.co/datasets/onyx-dot-app/EnterpriseRAG-Bench,topic:fine-tuning,,
q03820,EnterpriseRAG company topics,"AI, from a company document",dsid_2b21770195d843e4acb3eee27f645fd9,https://huggingface.co/datasets/onyx-dot-app/EnterpriseRAG-Bench,topic:fine-tuning,,
q03821,EnterpriseRAG company topics,"AI, from a company document",dsid_e0c1e34ea034456f87b893b51b8d6ef9,https://huggingface.co/datasets/onyx-dot-app/EnterpriseRAG-Bench,topic:fine-tuning,,
q03822,EnterpriseRAG company topics,"AI, from a company document",dsid_1333deed91b34aa09b88c9a204e72e8b,https://huggingface.co/datasets/onyx-dot-app/EnterpriseRAG-Bench,topic:fine-tuning,,
q03823,EnterpriseRAG company topics,"AI, public question on same topic",,https://huggingface.co/datasets/onyx-dot-app/EnterpriseRAG-Bench,topic:fine-tuning,,
q03824,EnterpriseRAG company topics,"AI, public question on same topic",,https://huggingface.co/datasets/onyx-dot-app/EnterpriseRAG-Bench,topic:fine-tuning,,
q03825,EnterpriseRAG company topics,"AI, public question on same topic",,https://huggingface.co/datasets/onyx-dot-app/EnterpriseRAG-Bench,topic:fine-tuning,,
q03826,EnterpriseRAG company topics,"AI, public question on same topic",,https://huggingface.co/datasets/onyx-dot-app/EnterpriseRAG-Bench,topic:fine-tuning,,
q03827,EnterpriseRAG company topics,"AI, public question on same topic",,https://huggingface.co/datasets/onyx-dot-app/EnterpriseRAG-Bench,topic:fine-tuning,,
q03828,EnterpriseRAG company topics,"AI, from a company document",dsid_3197d04bae994ab79d69dd6ddc4e8f1f,https://huggingface.co/datasets/onyx-dot-app/EnterpriseRAG-Bench,topic:alerting and error rates,,
q03829,EnterpriseRAG company topics,"AI, from a company document",dsid_bd822f0c8d204438a8be5bcf9e6b448a,https://huggingface.co/datasets/onyx-dot-app/EnterpriseRAG-Bench,topic:alerting and error rates,,
q03830,EnterpriseRAG company topics,"AI, from a company document",dsid_54525a33e2d44d4a9b665feaf8fab624,https://huggingface.co/datasets/onyx-dot-app/EnterpriseRAG-Bench,topic:alerting and error rates,,
q03831,EnterpriseRAG company topics,"AI, from a company document",dsid_77a1b647b30742839f168afb53b53c3c,https://huggingface.co/datasets/onyx-dot-app/EnterpriseRAG-Bench,topic:alerting and error rates,,
q03832,EnterpriseRAG company topics,"AI, from a company document",dsid_8a0c3549fbd9449e9b7106985016cfd8,https://huggingface.co/datasets/onyx-dot-app/EnterpriseRAG-Bench,topic:alerting and error rates,,
q03833,EnterpriseRAG company topics,"AI, from a company document",dsid_33baa16e419e44eb83f7fd7ab98cb6dd,https://huggingface.co/datasets/onyx-dot-app/EnterpriseRAG-Bench,topic:alerting and error rates,,
q03834,EnterpriseRAG company topics,"AI, from a company document",dsid_b29ad14d92a14cb68fba7cd50f1a6ae3,https://huggingface.co/datasets/onyx-dot-app/EnterpriseRAG-Bench,topic:alerting and error rates,,
q03835,EnterpriseRAG company topics,"AI, from a company document",dsid_f9591843028149bdb47f7c3a70b3baa1,https://huggingface.co/datasets/onyx-dot-app/EnterpriseRAG-Bench,topic:alerting and error rates,,
q03836,EnterpriseRAG company topics,"AI, from a company document",dsid_10fc70076336485483c088238c7d144e,https://huggingface.co/datasets/onyx-dot-app/EnterpriseRAG-Bench,topic:alerting and error rates,,
q03837,EnterpriseRAG company topics,"AI, from a company document",dsid_64f94be33956417a9984fc00d317bf85,https://huggingface.co/datasets/onyx-dot-app/EnterpriseRAG-Bench,topic:alerting and error rates,,
q03838,EnterpriseRAG company topics,"AI, from a company document",dsid_21d1030a9b1740fdb187ace2ecc521a2,https://huggingface.co/datasets/onyx-dot-app/EnterpriseRAG-Bench,topic:alerting and error rates,,
q03839,EnterpriseRAG company topics,"AI, from a company document",dsid_5f4374eaeb154913a43c5f2cb161068d,https://huggingface.co/datasets/onyx-dot-app/EnterpriseRAG-Bench,topic:alerting and error rates,,
q03840,EnterpriseRAG company topics,"AI, from a company document",dsid_751a0964261b4934bcc8aab4093e9e86,https://huggingface.co/datasets/onyx-dot-app/EnterpriseRAG-Bench,topic:alerting and error rates,,
q03841,EnterpriseRAG company topics,"AI, from a company document",dsid_97cd47f372fb4892ad1bd3c13c4c078d,https://huggingface.co/datasets/onyx-dot-app/EnterpriseRAG-Bench,topic:alerting and error rates,,
q03842,EnterpriseRAG company topics,"AI, from a company document",dsid_ed5da15262964b8ea2f190e9484d4117,https://huggingface.co/datasets/onyx-dot-app/EnterpriseRAG-Bench,topic:alerting and error rates,,
q03843,EnterpriseRAG company topics,"AI, from a company document",dsid_8baf520fa3e84e64b9c67cda552a6e3e,https://huggingface.co/datasets/onyx-dot-app/EnterpriseRAG-Bench,topic:alerting and error rates,,
q03844,EnterpriseRAG company topics,"AI, from a company document",dsid_ae32cfb7686042e9a2cfeb305af41839,https://huggingface.co/datasets/onyx-dot-app/EnterpriseRAG-Bench,topic:alerting and error rates,,
q03845,EnterpriseRAG company topics,"AI, from a company document",dsid_fe79fcf0b6874a9488ca309107ba140f,https://huggingface.co/datasets/onyx-dot-app/EnterpriseRAG-Bench,topic:alerting and error rates,,
q03846,EnterpriseRAG company topics,"AI, from a company document",dsid_12a50f2437fc4331954013474e6c8100,https://huggingface.co/datasets/onyx-dot-app/EnterpriseRAG-Bench,topic:alerting and error rates,,
q03847,EnterpriseRAG company topics,"AI, from a company document",dsid_658e22601642466b90676c65558c2978,https://huggingface.co/datasets/onyx-dot-app/EnterpriseRAG-Bench,topic:alerting and error rates,,
q03848,EnterpriseRAG company topics,"AI, from a company document",dsid_5bdac59f1c4d4f7aa7451f969bf4be89,https://huggingface.co/datasets/onyx-dot-app/EnterpriseRAG-Bench,topic:alerting and error rates,,
q03849,EnterpriseRAG company topics,"AI, from a company document",dsid_0d6413980ea74a2fadbd7bc540b08584,https://huggingface.co/datasets/onyx-dot-app/EnterpriseRAG-Bench,topic:alerting and error rates,,
q03850,EnterpriseRAG company topics,"AI, from a company document",dsid_edd6fcbce2dc4cebbac4592701bb5c1a,https://huggingface.co/datasets/onyx-dot-app/EnterpriseRAG-Bench,topic:alerting and error rates,,
q03851,EnterpriseRAG company topics,"AI, from a company document",dsid_df156583f2004854a2233a6b7ec9d8ad,https://huggingface.co/datasets/onyx-dot-app/EnterpriseRAG-Bench,topic:alerting and error rates,,
q03852,EnterpriseRAG company topics,"AI, from a company document",dsid_c439a96bf0e84d2a80f799a4b8da6b38,https://huggingface.co/datasets/onyx-dot-app/EnterpriseRAG-Bench,topic:alerting and error rates,,
q03853,EnterpriseRAG company topics,"AI, from a company document",dsid_7c390b1c670c4cf8960d1f232fe4f69a,https://huggingface.co/datasets/onyx-dot-app/EnterpriseRAG-Bench,topic:alerting and error rates,,
q03854,EnterpriseRAG company topics,"AI, from a company document",dsid_f768e17294fa43a0951abce652b4ebaf,https://huggingface.co/datasets/onyx-dot-app/EnterpriseRAG-Bench,topic:alerting and error rates,,
q03855,EnterpriseRAG company topics,"AI, from a company document",dsid_792be72cb02c4ca1995db5d657eb22d2,https://huggingface.co/datasets/onyx-dot-app/EnterpriseRAG-Bench,topic:alerting and error rates,,
q03856,EnterpriseRAG company topics,"AI, from a company document",dsid_3a08d88e0f254d3aa92263d441cc2f4d,https://huggingface.co/datasets/onyx-dot-app/EnterpriseRAG-Bench,topic:alerting and error rates,,
q03857,EnterpriseRAG company topics,"AI, from a company document",dsid_78f2680f72194d378d30b68944b9a510,https://huggingface.co/datasets/onyx-dot-app/EnterpriseRAG-Bench,topic:alerting and error rates,,
q03858,EnterpriseRAG company topics,"AI, public question on same topic",,https://huggingface.co/datasets/onyx-dot-app/EnterpriseRAG-Bench,topic:alerting and error rates,,
q03859,EnterpriseRAG company topics,"AI, public question on same topic",,https://huggingface.co/datasets/onyx-dot-app/EnterpriseRAG-Bench,topic:alerting and error rates,,
q03860,EnterpriseRAG company topics,"AI, public question on same topic",,https://huggingface.co/datasets/onyx-dot-app/EnterpriseRAG-Bench,topic:alerting and error rates,,
q03861,EnterpriseRAG company topics,"AI, public question on same topic",,https://huggingface.co/datasets/onyx-dot-app/EnterpriseRAG-Bench,topic:alerting and error rates,,
q03862,EnterpriseRAG company topics,"AI, public question on same topic",,https://huggingface.co/datasets/onyx-dot-app/EnterpriseRAG-Bench,topic:alerting and error rates,,
q03863,EnterpriseRAG company topics,"AI, from a company document",dsid_dd0e407c5d3e48b288158971952a2ba4,https://huggingface.co/datasets/onyx-dot-app/EnterpriseRAG-Bench,topic:air-gapped / on-prem deployments,,
q03864,EnterpriseRAG company topics,"AI, from a company document",dsid_a9d3d8f4db104dc0b630181021aa2fcf,https://huggingface.co/datasets/onyx-dot-app/EnterpriseRAG-Bench,topic:air-gapped / on-prem deployments,,
q03865,EnterpriseRAG company topics,"AI, from a company document",dsid_059a045190e949abb3731ec9e0430207,https://huggingface.co/datasets/onyx-dot-app/EnterpriseRAG-Bench,topic:air-gapped / on-prem deployments,,
q03866,EnterpriseRAG company topics,"AI, from a company document",dsid_4f7a64a4f1c64b3898fc96a93dbdf215,https://huggingface.co/datasets/onyx-dot-app/EnterpriseRAG-Bench,topic:air-gapped / on-prem deployments,,
q03867,EnterpriseRAG company topics,"AI, from a company document",dsid_5bfb33e1fa7a486389d107ebc8b29f75,https://huggingface.co/datasets/onyx-dot-app/EnterpriseRAG-Bench,topic:air-gapped / on-prem deployments,,
q03868,EnterpriseRAG company topics,"AI, from a company document",dsid_662978747ddb47338b62f7d87c391ca2,https://huggingface.co/datasets/onyx-dot-app/EnterpriseRAG-Bench,topic:air-gapped / on-prem deployments,,
q03869,EnterpriseRAG company topics,"AI, from a company document",dsid_38e03f92f222429494df6a96c231cd2b,https://huggingface.co/datasets/onyx-dot-app/EnterpriseRAG-Bench,topic:air-gapped / on-prem deployments,,
q03870,EnterpriseRAG company topics,"AI, from a company document",dsid_ead011cacfa44c1ea25aad698d304689,https://huggingface.co/datasets/onyx-dot-app/EnterpriseRAG-Bench,topic:air-gapped / on-prem deployments,,
q03871,EnterpriseRAG company topics,"AI, from a company document",dsid_ceff8cd25c714f5faf8052f59e580184,https://huggingface.co/datasets/onyx-dot-app/EnterpriseRAG-Bench,topic:air-gapped / on-prem deployments,,
q03872,EnterpriseRAG company topics,"AI, from a company document",dsid_9a26a410d7e649b1bf557bf56d69bc51,https://huggingface.co/datasets/onyx-dot-app/EnterpriseRAG-Bench,topic:air-gapped / on-prem deployments,,
q03873,EnterpriseRAG company topics,"AI, from a company document",dsid_ebd2a07181ad4ef799dbefedc94e713a,https://huggingface.co/datasets/onyx-dot-app/EnterpriseRAG-Bench,topic:air-gapped / on-prem deployments,,
q03874,EnterpriseRAG company topics,"AI, from a company document",dsid_2265c747b4e44eb5bed263bee6c4868f,https://huggingface.co/datasets/onyx-dot-app/EnterpriseRAG-Bench,topic:air-gapped / on-prem deployments,,
q03875,EnterpriseRAG company topics,"AI, from a company document",dsid_f8c614dddcda45deb0d3860752e00ffa,https://huggingface.co/datasets/onyx-dot-app/EnterpriseRAG-Bench,topic:air-gapped / on-prem deployments,,
q03876,EnterpriseRAG company topics,"AI, from a company document",dsid_1a2867e5903f4fbebcb05e66726e6213,https://huggingface.co/datasets/onyx-dot-app/EnterpriseRAG-Bench,topic:air-gapped / on-prem deployments,,
q03877,EnterpriseRAG company topics,"AI, from a company document",dsid_193015b9ddf04a61957a1d41efd61c10,https://huggingface.co/datasets/onyx-dot-app/EnterpriseRAG-Bench,topic:air-gapped / on-prem deployments,,
q03878,EnterpriseRAG company topics,"AI, from a company document",dsid_860f5b1ed89a495c98f4315e37c7c5b7,https://huggingface.co/datasets/onyx-dot-app/EnterpriseRAG-Bench,topic:air-gapped / on-prem deployments,,
q03879,EnterpriseRAG company topics,"AI, from a company document",dsid_c30c63dcd4ae4b51b1cbf03ab7dc9ca9,https://huggingface.co/datasets/onyx-dot-app/EnterpriseRAG-Bench,topic:air-gapped / on-prem deployments,,
q03880,EnterpriseRAG company topics,"AI, from a company document",dsid_e937ad302e104c3b8557775d0bd37e5c,https://huggingface.co/datasets/onyx-dot-app/EnterpriseRAG-Bench,topic:air-gapped / on-prem deployments,,
q03881,EnterpriseRAG company topics,"AI, from a company document",dsid_e63a2f7deb454927a7b7f0b67e4d03c7,https://huggingface.co/datasets/onyx-dot-app/EnterpriseRAG-Bench,topic:air-gapped / on-prem deployments,,
q03882,EnterpriseRAG company topics,"AI, from a company document",dsid_bccb0e7d8c724fee986235f0df9108e2,https://huggingface.co/datasets/onyx-dot-app/EnterpriseRAG-Bench,topic:air-gapped / on-prem deployments,,
q03883,EnterpriseRAG company topics,"AI, from a company document",dsid_0224fa0273f24e99b717e3545af0ecb7,https://huggingface.co/datasets/onyx-dot-app/EnterpriseRAG-Bench,topic:air-gapped / on-prem deployments,,
q03884,EnterpriseRAG company topics,"AI, from a company document",dsid_ef06b05feff6403da25bb317fc3978aa,https://huggingface.co/datasets/onyx-dot-app/EnterpriseRAG-Bench,topic:air-gapped / on-prem deployments,,
q03885,EnterpriseRAG company topics,"AI, from a company document",dsid_07c8616784fd40e2bbf5e88a84289786,https://huggingface.co/datasets/onyx-dot-app/EnterpriseRAG-Bench,topic:air-gapped / on-prem deployments,,
q03886,EnterpriseRAG company topics,"AI, from a company document",dsid_876ca24a93a14c42b4f6c215c1e986fb,https://huggingface.co/datasets/onyx-dot-app/EnterpriseRAG-Bench,topic:air-gapped / on-prem deployments,,
q03887,EnterpriseRAG company topics,"AI, from a company document",dsid_95811d07956a4eec944729ba7123ec04,https://huggingface.co/datasets/onyx-dot-app/EnterpriseRAG-Bench,topic:air-gapped / on-prem deployments,,
q03888,EnterpriseRAG company topics,"AI, from a company document",dsid_ac561c4c293f4d68a878cf51cc12f118,https://huggingface.co/datasets/onyx-dot-app/EnterpriseRAG-Bench,topic:air-gapped / on-prem deployments,,
q03889,EnterpriseRAG company topics,"AI, from a company document",dsid_3f6010b76fc1450c800c0e893483362b,https://huggingface.co/datasets/onyx-dot-app/EnterpriseRAG-Bench,topic:air-gapped / on-prem deployments,,
q03890,EnterpriseRAG company topics,"AI, from a company document",dsid_7faa300352754570af4b1d6e6ce0a143,https://huggingface.co/datasets/onyx-dot-app/EnterpriseRAG-Bench,topic:air-gapped / on-prem deployments,,
q03891,EnterpriseRAG company topics,"AI, from a company document",dsid_32b82510542a43e09e67cbf403ec639d,https://huggingface.co/datasets/onyx-dot-app/EnterpriseRAG-Bench,topic:air-gapped / on-prem deployments,,
q03892,EnterpriseRAG company topics,"AI, from a company document",dsid_64e51cd3786e487981f986aa71a04729,https://huggingface.co/datasets/onyx-dot-app/EnterpriseRAG-Bench,topic:air-gapped / on-prem deployments,,
q03893,EnterpriseRAG company topics,"AI, public question on same topic",,https://huggingface.co/datasets/onyx-dot-app/EnterpriseRAG-Bench,topic:air-gapped / on-prem deployments,,
q03894,EnterpriseRAG company topics,"AI, public question on same topic",,https://huggingface.co/datasets/onyx-dot-app/EnterpriseRAG-Bench,topic:air-gapped / on-prem deployments,,
q03895,EnterpriseRAG company topics,"AI, public question on same topic",,https://huggingface.co/datasets/onyx-dot-app/EnterpriseRAG-Bench,topic:air-gapped / on-prem deployments,,
q03896,EnterpriseRAG company topics,"AI, public question on same topic",,https://huggingface.co/datasets/onyx-dot-app/EnterpriseRAG-Bench,topic:air-gapped / on-prem deployments,,
q03897,EnterpriseRAG company topics,"AI, public question on same topic",,https://huggingface.co/datasets/onyx-dot-app/EnterpriseRAG-Bench,topic:air-gapped / on-prem deployments,,
q03898,EnterpriseRAG company topics,"AI, from a company document",dsid_e8a0062ea2bd4fd6be4ec5733530c400,https://huggingface.co/datasets/onyx-dot-app/EnterpriseRAG-Bench,topic:multi-tenant isolation,,
q03899,EnterpriseRAG company topics,"AI, from a company document",dsid_e9d01e6cb51c440da6c6505a80708ec3,https://huggingface.co/datasets/onyx-dot-app/EnterpriseRAG-Bench,topic:multi-tenant isolation,,
q03900,EnterpriseRAG company topics,"AI, from a company document",dsid_1a8bfbc390c94766b7951bb3d647ad68,https://huggingface.co/datasets/onyx-dot-app/EnterpriseRAG-Bench,topic:multi-tenant isolation,,
q03901,EnterpriseRAG company topics,"AI, from a company document",dsid_28966fc7259c45f5848db32e0df68a22,https://huggingface.co/datasets/onyx-dot-app/EnterpriseRAG-Bench,topic:multi-tenant isolation,,
q03902,EnterpriseRAG company topics,"AI, from a company document",dsid_739c17e33cb84e66abf0a369179e33c2,https://huggingface.co/datasets/onyx-dot-app/EnterpriseRAG-Bench,topic:multi-tenant isolation,,
q03903,EnterpriseRAG company topics,"AI, from a company document",dsid_7b2dd580674749a39d3ac7e0929b2e4a,https://huggingface.co/datasets/onyx-dot-app/EnterpriseRAG-Bench,topic:multi-tenant isolation,,
q03904,EnterpriseRAG company topics,"AI, from a company document",dsid_daa6b7fb06bc45a0b163bc334e3eec09,https://huggingface.co/datasets/onyx-dot-app/EnterpriseRAG-Bench,topic:multi-tenant isolation,,
q03905,EnterpriseRAG company topics,"AI, from a company document",dsid_3abb2b7a5ad84aebbca25b097920b37c,https://huggingface.co/datasets/onyx-dot-app/EnterpriseRAG-Bench,topic:multi-tenant isolation,,
q03906,EnterpriseRAG company topics,"AI, from a company document",dsid_ef70273a2f814f97af5d7f33f8101f7a,https://huggingface.co/datasets/onyx-dot-app/EnterpriseRAG-Bench,topic:multi-tenant isolation,,
q03907,EnterpriseRAG company topics,"AI, from a company document",dsid_e7d2a0a66ef44e8bbf5b6b4463fa3b3b,https://huggingface.co/datasets/onyx-dot-app/EnterpriseRAG-Bench,topic:multi-tenant isolation,,
q03908,EnterpriseRAG company topics,"AI, from a company document",dsid_b5eb2d5b28a64ebfab393899df229ec4,https://huggingface.co/datasets/onyx-dot-app/EnterpriseRAG-Bench,topic:multi-tenant isolation,,
q03909,EnterpriseRAG company topics,"AI, from a company document",dsid_633ae2232a31456dac6bbcd65475adf8,https://huggingface.co/datasets/onyx-dot-app/EnterpriseRAG-Bench,topic:multi-tenant isolation,,
q03910,EnterpriseRAG company topics,"AI, from a company document",dsid_f5f59a62eed942e6ad2abfa1246c4307,https://huggingface.co/datasets/onyx-dot-app/EnterpriseRAG-Bench,topic:multi-tenant isolation,,
q03911,EnterpriseRAG company topics,"AI, from a company document",dsid_6a41f1f8c51c46d89f30f6c23bc1fd61,https://huggingface.co/datasets/onyx-dot-app/EnterpriseRAG-Bench,topic:multi-tenant isolation,,
q03912,EnterpriseRAG company topics,"AI, from a company document",dsid_ad7ece7dc08a4e8f92025b308f4a1a74,https://huggingface.co/datasets/onyx-dot-app/EnterpriseRAG-Bench,topic:multi-tenant isolation,,
q03913,EnterpriseRAG company topics,"AI, from a company document",dsid_c777b1aacbe34dad8bcb5266a0f72156,https://huggingface.co/datasets/onyx-dot-app/EnterpriseRAG-Bench,topic:multi-tenant isolation,,
q03914,EnterpriseRAG company topics,"AI, from a company document",dsid_bef4803616f14ae7b1ea9ec7bacbe528,https://huggingface.co/datasets/onyx-dot-app/EnterpriseRAG-Bench,topic:multi-tenant isolation,,
q03915,EnterpriseRAG company topics,"AI, from a company document",dsid_d5fc710dc21e431fbaa9f2dfc1293d05,https://huggingface.co/datasets/onyx-dot-app/EnterpriseRAG-Bench,topic:multi-tenant isolation,,
q03916,EnterpriseRAG company topics,"AI, from a company document",dsid_157779924f1147f29fe63e3abbba714b,https://huggingface.co/datasets/onyx-dot-app/EnterpriseRAG-Bench,topic:multi-tenant isolation,,
q03917,EnterpriseRAG company topics,"AI, from a company document",dsid_e520b26eb69940aaa59cf28afb035bb3,https://huggingface.co/datasets/onyx-dot-app/EnterpriseRAG-Bench,topic:multi-tenant isolation,,
q03918,EnterpriseRAG company topics,"AI, from a company document",dsid_eec6a983fedc4333a63fa53829eadc87,https://huggingface.co/datasets/onyx-dot-app/EnterpriseRAG-Bench,topic:multi-tenant isolation,,
q03919,EnterpriseRAG company topics,"AI, from a company document",dsid_26b47ece45a04da0981997c7f29a6fc8,https://huggingface.co/datasets/onyx-dot-app/EnterpriseRAG-Bench,topic:multi-tenant isolation,,
q03920,EnterpriseRAG company topics,"AI, from a company document",dsid_e5b398b0fb334ccb8f53466b11749733,https://huggingface.co/datasets/onyx-dot-app/EnterpriseRAG-Bench,topic:multi-tenant isolation,,
q03921,EnterpriseRAG company topics,"AI, from a company document",dsid_0350b6fd0435471f86710c7fcddf7988,https://huggingface.co/datasets/onyx-dot-app/EnterpriseRAG-Bench,topic:multi-tenant isolation,,
q03922,EnterpriseRAG company topics,"AI, from a company document",dsid_a41197a790e8418e8d7144b17f62a2ac,https://huggingface.co/datasets/onyx-dot-app/EnterpriseRAG-Bench,topic:multi-tenant isolation,,
q03923,EnterpriseRAG company topics,"AI, from a company document",dsid_df363f10180443b0a2319e4df43bc217,https://huggingface.co/datasets/onyx-dot-app/EnterpriseRAG-Bench,topic:multi-tenant isolation,,
q03924,EnterpriseRAG company topics,"AI, from a company document",dsid_45c87e5a41f24d6c9b34c22fd12d1351,https://huggingface.co/datasets/onyx-dot-app/EnterpriseRAG-Bench,topic:multi-tenant isolation,,
q03925,EnterpriseRAG company topics,"AI, from a company document",dsid_8db22f3a439145158438588be12d9960,https://huggingface.co/datasets/onyx-dot-app/EnterpriseRAG-Bench,topic:multi-tenant isolation,,
q03926,EnterpriseRAG company topics,"AI, from a company document",dsid_23820a471b944e8b9ac59bac72305f4a,https://huggingface.co/datasets/onyx-dot-app/EnterpriseRAG-Bench,topic:multi-tenant isolation,,
q03927,EnterpriseRAG company topics,"AI, from a company document",dsid_ff0f1d8d2f7144e681e1c2927e6d39b7,https://huggingface.co/datasets/onyx-dot-app/EnterpriseRAG-Bench,topic:multi-tenant isolation,,
q03928,EnterpriseRAG company topics,"AI, public question on same topic",,https://huggingface.co/datasets/onyx-dot-app/EnterpriseRAG-Bench,topic:multi-tenant isolation,,
q03929,EnterpriseRAG company topics,"AI, public question on same topic",,https://huggingface.co/datasets/onyx-dot-app/EnterpriseRAG-Bench,topic:multi-tenant isolation,,
q03930,EnterpriseRAG company topics,"AI, public question on same topic",,https://huggingface.co/datasets/onyx-dot-app/EnterpriseRAG-Bench,topic:multi-tenant isolation,,
q03931,EnterpriseRAG company topics,"AI, public question on same topic",,https://huggingface.co/datasets/onyx-dot-app/EnterpriseRAG-Bench,topic:multi-tenant isolation,,
q03932,EnterpriseRAG company topics,"AI, public question on same topic",,https://huggingface.co/datasets/onyx-dot-app/EnterpriseRAG-Bench,topic:multi-tenant isolation,,
q03933,EnterpriseRAG company topics,"AI, from a company document",dsid_0bc37c8476fc4a9dac89d922b5a00702,https://huggingface.co/datasets/onyx-dot-app/EnterpriseRAG-Bench,topic:canary rollouts,,
q03934,EnterpriseRAG company topics,"AI, from a company document",dsid_83703e26c7344c9fb9c80ec1c1720e24,https://huggingface.co/datasets/onyx-dot-app/EnterpriseRAG-Bench,topic:canary rollouts,,
q03935,EnterpriseRAG company topics,"AI, from a company document",dsid_43d9097a8aea4d5cae8fef3399682f9d,https://huggingface.co/datasets/onyx-dot-app/EnterpriseRAG-Bench,topic:canary rollouts,,
q03936,EnterpriseRAG company topics,"AI, from a company document",dsid_ba6c22785538435385dd5fcf88b3b329,https://huggingface.co/datasets/onyx-dot-app/EnterpriseRAG-Bench,topic:canary rollouts,,
q03937,EnterpriseRAG company topics,"AI, from a company document",dsid_329047ecb95245668a20dc841f474911,https://huggingface.co/datasets/onyx-dot-app/EnterpriseRAG-Bench,topic:canary rollouts,,
q03938,EnterpriseRAG company topics,"AI, from a company document",dsid_d08e71c8f9304f65a45176aec24a8a8b,https://huggingface.co/datasets/onyx-dot-app/EnterpriseRAG-Bench,topic:canary rollouts,,
q03939,EnterpriseRAG company topics,"AI, from a company document",dsid_cf710be2a33f455cb91df7bff3752962,https://huggingface.co/datasets/onyx-dot-app/EnterpriseRAG-Bench,topic:canary rollouts,,
q03940,EnterpriseRAG company topics,"AI, from a company document",dsid_93cb964b37dc4f6cb51e226d2ceba143,https://huggingface.co/datasets/onyx-dot-app/EnterpriseRAG-Bench,topic:canary rollouts,,
q03941,EnterpriseRAG company topics,"AI, from a company document",dsid_c67e1098ee1e4d438a041539a79bfc15,https://huggingface.co/datasets/onyx-dot-app/EnterpriseRAG-Bench,topic:canary rollouts,,
q03942,EnterpriseRAG company topics,"AI, from a company document",dsid_c5a4e3a5f808420588c1533862e9486a,https://huggingface.co/datasets/onyx-dot-app/EnterpriseRAG-Bench,topic:canary rollouts,,
q03943,EnterpriseRAG company topics,"AI, from a company document",dsid_6d6a20beb08e4d7e85103757c5e65844,https://huggingface.co/datasets/onyx-dot-app/EnterpriseRAG-Bench,topic:canary rollouts,,
q03944,EnterpriseRAG company topics,"AI, from a company document",dsid_01a2ef62f13240648b634f25dd866152,https://huggingface.co/datasets/onyx-dot-app/EnterpriseRAG-Bench,topic:canary rollouts,,
q03945,EnterpriseRAG company topics,"AI, from a company document",dsid_8776dde8b1404126a2094d054271db79,https://huggingface.co/datasets/onyx-dot-app/EnterpriseRAG-Bench,topic:canary rollouts,,
q03946,EnterpriseRAG company topics,"AI, from a company document",dsid_e9366ed9fcb74aa185634489f2d26fd4,https://huggingface.co/datasets/onyx-dot-app/EnterpriseRAG-Bench,topic:canary rollouts,,
q03947,EnterpriseRAG company topics,"AI, from a company document",dsid_1b926676cc4841cdad7c019cc28f5b22,https://huggingface.co/datasets/onyx-dot-app/EnterpriseRAG-Bench,topic:canary rollouts,,
q03948,EnterpriseRAG company topics,"AI, from a company document",dsid_d9c4c849a04542c8a71e2d2ec65dd017,https://huggingface.co/datasets/onyx-dot-app/EnterpriseRAG-Bench,topic:canary rollouts,,
q03949,EnterpriseRAG company topics,"AI, from a company document",dsid_a448938234794d4ea96e4bc3373e773e,https://huggingface.co/datasets/onyx-dot-app/EnterpriseRAG-Bench,topic:canary rollouts,,
q03950,EnterpriseRAG company topics,"AI, from a company document",dsid_a8cb293687df4c94b879e914c5896de2,https://huggingface.co/datasets/onyx-dot-app/EnterpriseRAG-Bench,topic:canary rollouts,,
q03951,EnterpriseRAG company topics,"AI, from a company document",dsid_7ed41d428d2b4080b129d46eb297da6b,https://huggingface.co/datasets/onyx-dot-app/EnterpriseRAG-Bench,topic:canary rollouts,,
q03952,EnterpriseRAG company topics,"AI, from a company document",dsid_70ef08648ce0486c9fcdf9cdc06bc7c6,https://huggingface.co/datasets/onyx-dot-app/EnterpriseRAG-Bench,topic:canary rollouts,,
q03953,EnterpriseRAG company topics,"AI, from a company document",dsid_dc5fee1ed4a84acdb0e0c54ac02399dd,https://huggingface.co/datasets/onyx-dot-app/EnterpriseRAG-Bench,topic:canary rollouts,,
q03954,EnterpriseRAG company topics,"AI, from a company document",dsid_e0c0fe625c5b43ce8d9551959c36ab65,https://huggingface.co/datasets/onyx-dot-app/EnterpriseRAG-Bench,topic:canary rollouts,,
q03955,EnterpriseRAG company topics,"AI, from a company document",dsid_932ec20cc31a4c2b979b7280f191d7eb,https://huggingface.co/datasets/onyx-dot-app/EnterpriseRAG-Bench,topic:canary rollouts,,
q03956,EnterpriseRAG company topics,"AI, from a company document",dsid_9a6f8bad14334617bba3100383f2d45f,https://huggingface.co/datasets/onyx-dot-app/EnterpriseRAG-Bench,topic:canary rollouts,,
q03957,EnterpriseRAG company topics,"AI, from a company document",dsid_3f3807ef1ee647d3966c6d6caf17405e,https://huggingface.co/datasets/onyx-dot-app/EnterpriseRAG-Bench,topic:canary rollouts,,
q03958,EnterpriseRAG company topics,"AI, from a company document",dsid_f6b4cb137c444b57bbd4a5d21843d240,https://huggingface.co/datasets/onyx-dot-app/EnterpriseRAG-Bench,topic:canary rollouts,,
q03959,EnterpriseRAG company topics,"AI, from a company document",dsid_13af528810f4444dae97e3c1ebb4851d,https://huggingface.co/datasets/onyx-dot-app/EnterpriseRAG-Bench,topic:canary rollouts,,
q03960,EnterpriseRAG company topics,"AI, from a company document",dsid_81b52dae89534a88a1d68b185f3dfb65,https://huggingface.co/datasets/onyx-dot-app/EnterpriseRAG-Bench,topic:canary rollouts,,
q03961,EnterpriseRAG company topics,"AI, from a company document",dsid_d63b1f5eb3444aa5ba65f0091c7100db,https://huggingface.co/datasets/onyx-dot-app/EnterpriseRAG-Bench,topic:canary rollouts,,
q03962,EnterpriseRAG company topics,"AI, from a company document",dsid_ff8371d6ae584cd5a336d69579af9a8d,https://huggingface.co/datasets/onyx-dot-app/EnterpriseRAG-Bench,topic:canary rollouts,,
q03963,EnterpriseRAG company topics,"AI, public question on same topic",,https://huggingface.co/datasets/onyx-dot-app/EnterpriseRAG-Bench,topic:canary rollouts,,
q03964,EnterpriseRAG company topics,"AI, public question on same topic",,https://huggingface.co/datasets/onyx-dot-app/EnterpriseRAG-Bench,topic:canary rollouts,,
q03965,EnterpriseRAG company topics,"AI, public question on same topic",,https://huggingface.co/datasets/onyx-dot-app/EnterpriseRAG-Bench,topic:canary rollouts,,
q03966,EnterpriseRAG company topics,"AI, public question on same topic",,https://huggingface.co/datasets/onyx-dot-app/EnterpriseRAG-Bench,topic:canary rollouts,,
q03967,EnterpriseRAG company topics,"AI, public question on same topic",,https://huggingface.co/datasets/onyx-dot-app/EnterpriseRAG-Bench,topic:canary rollouts,,
q03968,EnterpriseRAG company topics,"AI, from a company document",dsid_ab700d2b77f64744a3015611f7de8019,https://huggingface.co/datasets/onyx-dot-app/EnterpriseRAG-Bench,topic:billing and invoices,,
q03969,EnterpriseRAG company topics,"AI, from a company document",dsid_fa275513bcdd41939ec65ae1fa9c1eaa,https://huggingface.co/datasets/onyx-dot-app/EnterpriseRAG-Bench,topic:billing and invoices,,
q03970,EnterpriseRAG company topics,"AI, from a company document",dsid_0351b9d671c144d2a02ea16b5e609b80,https://huggingface.co/datasets/onyx-dot-app/EnterpriseRAG-Bench,topic:billing and invoices,,
q03971,EnterpriseRAG company topics,"AI, from a company document",dsid_3ca1b04bba524741b23caf777e99b4bf,https://huggingface.co/datasets/onyx-dot-app/EnterpriseRAG-Bench,topic:billing and invoices,,
q03972,EnterpriseRAG company topics,"AI, from a company document",dsid_e5410370a3ac462cb54a992b85632e47,https://huggingface.co/datasets/onyx-dot-app/EnterpriseRAG-Bench,topic:billing and invoices,,
q03973,EnterpriseRAG company topics,"AI, from a company document",dsid_54754e549f154f24a6f897d662cfde5d,https://huggingface.co/datasets/onyx-dot-app/EnterpriseRAG-Bench,topic:billing and invoices,,
q03974,EnterpriseRAG company topics,"AI, from a company document",dsid_3a066e416e30407982c44044185a0916,https://huggingface.co/datasets/onyx-dot-app/EnterpriseRAG-Bench,topic:billing and invoices,,
q03975,EnterpriseRAG company topics,"AI, from a company document",dsid_8bac96c6863f456681adba0b56ae03e7,https://huggingface.co/datasets/onyx-dot-app/EnterpriseRAG-Bench,topic:billing and invoices,,
q03976,EnterpriseRAG company topics,"AI, from a company document",dsid_54a31045f6f149d58a1350ff8d697815,https://huggingface.co/datasets/onyx-dot-app/EnterpriseRAG-Bench,topic:billing and invoices,,
q03977,EnterpriseRAG company topics,"AI, from a company document",dsid_b41df051e6dc46c48b36a99c366ee5c5,https://huggingface.co/datasets/onyx-dot-app/EnterpriseRAG-Bench,topic:billing and invoices,,
q03978,EnterpriseRAG company topics,"AI, from a company document",dsid_22083f7f53554b9a968825a4bbbf8e4d,https://huggingface.co/datasets/onyx-dot-app/EnterpriseRAG-Bench,topic:billing and invoices,,
q03979,EnterpriseRAG company topics,"AI, from a company document",dsid_16b70e3df3214b4e90be1b13cd012a11,https://huggingface.co/datasets/onyx-dot-app/EnterpriseRAG-Bench,topic:billing and invoices,,
q03980,EnterpriseRAG company topics,"AI, from a company document",dsid_acd8f15526394ce8a8c8beabddfb7d7d,https://huggingface.co/datasets/onyx-dot-app/EnterpriseRAG-Bench,topic:billing and invoices,,
q03981,EnterpriseRAG company topics,"AI, from a company document",dsid_435e282d1382413bbcf952d9deffb933,https://huggingface.co/datasets/onyx-dot-app/EnterpriseRAG-Bench,topic:billing and invoices,,
q03982,EnterpriseRAG company topics,"AI, from a company document",dsid_6361cb82175f4dd7ba88b3063af41c79,https://huggingface.co/datasets/onyx-dot-app/EnterpriseRAG-Bench,topic:billing and invoices,,
q03983,EnterpriseRAG company topics,"AI, from a company document",dsid_90632f0ed6bb479fbd48413dfc39e045,https://huggingface.co/datasets/onyx-dot-app/EnterpriseRAG-Bench,topic:billing and invoices,,
q03984,EnterpriseRAG company topics,"AI, from a company document",dsid_4b9a879dd9a946768f1cda6b531d45cd,https://huggingface.co/datasets/onyx-dot-app/EnterpriseRAG-Bench,topic:billing and invoices,,
q03985,EnterpriseRAG company topics,"AI, from a company document",dsid_2aeb815d63954767857335d769d1f043,https://huggingface.co/datasets/onyx-dot-app/EnterpriseRAG-Bench,topic:billing and invoices,,
q03986,EnterpriseRAG company topics,"AI, from a company document",dsid_17470b1999ef49399c04392672a57d83,https://huggingface.co/datasets/onyx-dot-app/EnterpriseRAG-Bench,topic:billing and invoices,,
q03987,EnterpriseRAG company topics,"AI, from a company document",dsid_bdebe967edfc4b7aa6dafbe0e1ae8812,https://huggingface.co/datasets/onyx-dot-app/EnterpriseRAG-Bench,topic:billing and invoices,,
q03988,EnterpriseRAG company topics,"AI, from a company document",dsid_e616d64635a646d9adca40f1ea0d8b20,https://huggingface.co/datasets/onyx-dot-app/EnterpriseRAG-Bench,topic:billing and invoices,,
q03989,EnterpriseRAG company topics,"AI, from a company document",dsid_757ee0c9bc7a42cbba4aa254ccb532f0,https://huggingface.co/datasets/onyx-dot-app/EnterpriseRAG-Bench,topic:billing and invoices,,
q03990,EnterpriseRAG company topics,"AI, from a company document",dsid_7011ffab078149c29d4316eae072d3b0,https://huggingface.co/datasets/onyx-dot-app/EnterpriseRAG-Bench,topic:billing and invoices,,
q03991,EnterpriseRAG company topics,"AI, from a company document",dsid_10be1f7f675d4e2cbe7aafbba3f4c703,https://huggingface.co/datasets/onyx-dot-app/EnterpriseRAG-Bench,topic:billing and invoices,,
q03992,EnterpriseRAG company topics,"AI, from a company document",dsid_47adbdb652084e32a5e75deef175257b,https://huggingface.co/datasets/onyx-dot-app/EnterpriseRAG-Bench,topic:billing and invoices,,
q03993,EnterpriseRAG company topics,"AI, from a company document",dsid_748f61f22fd2477f89084346418a279b,https://huggingface.co/datasets/onyx-dot-app/EnterpriseRAG-Bench,topic:billing and invoices,,
q03994,EnterpriseRAG company topics,"AI, from a company document",dsid_11d4ba79c8284703bc0a6b3c28410fe0,https://huggingface.co/datasets/onyx-dot-app/EnterpriseRAG-Bench,topic:billing and invoices,,
q03995,EnterpriseRAG company topics,"AI, from a company document",dsid_29ab1c62bca74b5c98c8ae34a51470bc,https://huggingface.co/datasets/onyx-dot-app/EnterpriseRAG-Bench,topic:billing and invoices,,
q03996,EnterpriseRAG company topics,"AI, from a company document",dsid_a247f00cafb94099ab679128d3b267cd,https://huggingface.co/datasets/onyx-dot-app/EnterpriseRAG-Bench,topic:billing and invoices,,
q03997,EnterpriseRAG company topics,"AI, from a company document",dsid_a3c3062b27da431b91f138fc780bc398,https://huggingface.co/datasets/onyx-dot-app/EnterpriseRAG-Bench,topic:billing and invoices,,
q03998,EnterpriseRAG company topics,"AI, public question on same topic",,https://huggingface.co/datasets/onyx-dot-app/EnterpriseRAG-Bench,topic:billing and invoices,,
q03999,EnterpriseRAG company topics,"AI, public question on same topic",,https://huggingface.co/datasets/onyx-dot-app/EnterpriseRAG-Bench,topic:billing and invoices,,
q04000,EnterpriseRAG company topics,"AI, public question on same topic",,https://huggingface.co/datasets/onyx-dot-app/EnterpriseRAG-Bench,topic:billing and invoices,,
q04001,EnterpriseRAG company topics,"AI, public question on same topic",,https://huggingface.co/datasets/onyx-dot-app/EnterpriseRAG-Bench,topic:billing and invoices,,
q04002,EnterpriseRAG company topics,"AI, public question on same topic",,https://huggingface.co/datasets/onyx-dot-app/EnterpriseRAG-Bench,topic:billing and invoices,,
q04003,EnterpriseRAG company topics,"AI, from a company document",dsid_cb58ec4f11514af59c995598cd426ac7,https://huggingface.co/datasets/onyx-dot-app/EnterpriseRAG-Bench,topic:SOC 2 / audit logs,,
q04004,EnterpriseRAG company topics,"AI, from a company document",dsid_60db5b31417c43bab2162086cb7cffe9,https://huggingface.co/datasets/onyx-dot-app/EnterpriseRAG-Bench,topic:SOC 2 / audit logs,,
q04005,EnterpriseRAG company topics,"AI, from a company document",dsid_969c36a394294252ba9ac7445cada37d,https://huggingface.co/datasets/onyx-dot-app/EnterpriseRAG-Bench,topic:SOC 2 / audit logs,,
q04006,EnterpriseRAG company topics,"AI, from a company document",dsid_33a1d4b2847f461d972b659b08c1686a,https://huggingface.co/datasets/onyx-dot-app/EnterpriseRAG-Bench,topic:SOC 2 / audit logs,,
q04007,EnterpriseRAG company topics,"AI, from a company document",dsid_fb68803f147c475cb198b0724a69c24d,https://huggingface.co/datasets/onyx-dot-app/EnterpriseRAG-Bench,topic:SOC 2 / audit logs,,
q04008,EnterpriseRAG company topics,"AI, from a company document",dsid_385fd2388669469e87964b25d6428871,https://huggingface.co/datasets/onyx-dot-app/EnterpriseRAG-Bench,topic:SOC 2 / audit logs,,
q04009,EnterpriseRAG company topics,"AI, from a company document",dsid_95cca3fa77314f348e0cc2f994c6a4a2,https://huggingface.co/datasets/onyx-dot-app/EnterpriseRAG-Bench,topic:SOC 2 / audit logs,,
q04010,EnterpriseRAG company topics,"AI, from a company document",dsid_c04b6481a7ff4e95bfaa5575b12a2109,https://huggingface.co/datasets/onyx-dot-app/EnterpriseRAG-Bench,topic:SOC 2 / audit logs,,
q04011,EnterpriseRAG company topics,"AI, from a company document",dsid_3e991a24c7bc4e91b99eb5846b927558,https://huggingface.co/datasets/onyx-dot-app/EnterpriseRAG-Bench,topic:SOC 2 / audit logs,,
q04012,EnterpriseRAG company topics,"AI, from a company document",dsid_6e8847f7278e4e929393087264a310ab,https://huggingface.co/datasets/onyx-dot-app/EnterpriseRAG-Bench,topic:SOC 2 / audit logs,,
q04013,EnterpriseRAG company topics,"AI, from a company document",dsid_26ae7d48e07d42c2af439bbb09e6ad81,https://huggingface.co/datasets/onyx-dot-app/EnterpriseRAG-Bench,topic:SOC 2 / audit logs,,
q04014,EnterpriseRAG company topics,"AI, from a company document",dsid_173987cb32c94051938348aed2225e3c,https://huggingface.co/datasets/onyx-dot-app/EnterpriseRAG-Bench,topic:SOC 2 / audit logs,,
q04015,EnterpriseRAG company topics,"AI, from a company document",dsid_ad5ecb491aaf45aeb24654bd110a00b3,https://huggingface.co/datasets/onyx-dot-app/EnterpriseRAG-Bench,topic:SOC 2 / audit logs,,
q04016,EnterpriseRAG company topics,"AI, from a company document",dsid_122c3cedf6e34655887e0267ffb7b37d,https://huggingface.co/datasets/onyx-dot-app/EnterpriseRAG-Bench,topic:SOC 2 / audit logs,,
q04017,EnterpriseRAG company topics,"AI, from a company document",dsid_378108777cb844b68a39043dd2445b5f,https://huggingface.co/datasets/onyx-dot-app/EnterpriseRAG-Bench,topic:SOC 2 / audit logs,,
q04018,EnterpriseRAG company topics,"AI, from a company document",dsid_b25dbde7044442f8882702390c9dadf4,https://huggingface.co/datasets/onyx-dot-app/EnterpriseRAG-Bench,topic:SOC 2 / audit logs,,
q04019,EnterpriseRAG company topics,"AI, from a company document",dsid_6edd0baa88404f03854c5195eaf4eb49,https://huggingface.co/datasets/onyx-dot-app/EnterpriseRAG-Bench,topic:SOC 2 / audit logs,,
q04020,EnterpriseRAG company topics,"AI, from a company document",dsid_a19cd90663f545b1828fa1f5bbb2c406,https://huggingface.co/datasets/onyx-dot-app/EnterpriseRAG-Bench,topic:SOC 2 / audit logs,,
q04021,EnterpriseRAG company topics,"AI, from a company document",dsid_a56cc050cc9446b297cbe3d4d14636d0,https://huggingface.co/datasets/onyx-dot-app/EnterpriseRAG-Bench,topic:SOC 2 / audit logs,,
q04022,EnterpriseRAG company topics,"AI, from a company document",dsid_f4acf883c3e6452787809ba8fd5bcf74,https://huggingface.co/datasets/onyx-dot-app/EnterpriseRAG-Bench,topic:SOC 2 / audit logs,,
q04023,EnterpriseRAG company topics,"AI, from a company document",dsid_f4394f1612044343a547686b9b9cf5bd,https://huggingface.co/datasets/onyx-dot-app/EnterpriseRAG-Bench,topic:SOC 2 / audit logs,,
q04024,EnterpriseRAG company topics,"AI, from a company document",dsid_0eceb28e6bcc4934929ad6ec8eb61fb2,https://huggingface.co/datasets/onyx-dot-app/EnterpriseRAG-Bench,topic:SOC 2 / audit logs,,
q04025,EnterpriseRAG company topics,"AI, from a company document",dsid_03f41b3d9d534190a0c25c2649aac333,https://huggingface.co/datasets/onyx-dot-app/EnterpriseRAG-Bench,topic:SOC 2 / audit logs,,
q04026,EnterpriseRAG company topics,"AI, from a company document",dsid_74030f0b065b45c898a7aa0f155bbc83,https://huggingface.co/datasets/onyx-dot-app/EnterpriseRAG-Bench,topic:SOC 2 / audit logs,,
q04027,EnterpriseRAG company topics,"AI, from a company document",dsid_e63cdba78252495e8d22eaacc9abeae7,https://huggingface.co/datasets/onyx-dot-app/EnterpriseRAG-Bench,topic:SOC 2 / audit logs,,
q04028,EnterpriseRAG company topics,"AI, from a company document",dsid_c3842e161fad4cc690e79c23f2a549ff,https://huggingface.co/datasets/onyx-dot-app/EnterpriseRAG-Bench,topic:SOC 2 / audit logs,,
q04029,EnterpriseRAG company topics,"AI, from a company document",dsid_4762860301ab4aac96dca711ede80997,https://huggingface.co/datasets/onyx-dot-app/EnterpriseRAG-Bench,topic:SOC 2 / audit logs,,
q04030,EnterpriseRAG company topics,"AI, from a company document",dsid_e51021765c694a65bd60b3d38b12db6e,https://huggingface.co/datasets/onyx-dot-app/EnterpriseRAG-Bench,topic:SOC 2 / audit logs,,
q04031,EnterpriseRAG company topics,"AI, from a company document",dsid_a28dd2764a0d46cbb8c2beeb017b9b1b,https://huggingface.co/datasets/onyx-dot-app/EnterpriseRAG-Bench,topic:SOC 2 / audit logs,,
q04032,EnterpriseRAG company topics,"AI, from a company document",dsid_c05069c7a1af49739d29f16b2d7aa315,https://huggingface.co/datasets/onyx-dot-app/EnterpriseRAG-Bench,topic:SOC 2 / audit logs,,
q04033,EnterpriseRAG company topics,"AI, public question on same topic",,https://huggingface.co/datasets/onyx-dot-app/EnterpriseRAG-Bench,topic:SOC 2 / audit logs,,
q04034,EnterpriseRAG company topics,"AI, public question on same topic",,https://huggingface.co/datasets/onyx-dot-app/EnterpriseRAG-Bench,topic:SOC 2 / audit logs,,
q04035,EnterpriseRAG company topics,"AI, public question on same topic",,https://huggingface.co/datasets/onyx-dot-app/EnterpriseRAG-Bench,topic:SOC 2 / audit logs,,
q04036,EnterpriseRAG company topics,"AI, public question on same topic",,https://huggingface.co/datasets/onyx-dot-app/EnterpriseRAG-Bench,topic:SOC 2 / audit logs,,
q04037,EnterpriseRAG company topics,"AI, public question on same topic",,https://huggingface.co/datasets/onyx-dot-app/EnterpriseRAG-Bench,topic:SOC 2 / audit logs,,
q04038,EnterpriseRAG company topics,"AI, from a company document",dsid_40a9a8dc61b04806bc0c4c7509fa1111,https://huggingface.co/datasets/onyx-dot-app/EnterpriseRAG-Bench,topic:model deprecation,,
q04039,EnterpriseRAG company topics,"AI, from a company document",dsid_b281816c7fd143c986a0925b5ab07167,https://huggingface.co/datasets/onyx-dot-app/EnterpriseRAG-Bench,topic:model deprecation,,
q04040,EnterpriseRAG company topics,"AI, from a company document",dsid_f99d329f0c644924a9b4575e3775550d,https://huggingface.co/datasets/onyx-dot-app/EnterpriseRAG-Bench,topic:model deprecation,,
q04041,EnterpriseRAG company topics,"AI, from a company document",dsid_b028f8accd7a416087a66ddd3402274c,https://huggingface.co/datasets/onyx-dot-app/EnterpriseRAG-Bench,topic:model deprecation,,
q04042,EnterpriseRAG company topics,"AI, from a company document",dsid_529d79cd5eb345ae87c8f1daf4a774c0,https://huggingface.co/datasets/onyx-dot-app/EnterpriseRAG-Bench,topic:model deprecation,,
q04043,EnterpriseRAG company topics,"AI, from a company document",dsid_bdbd238e5a7749a79d8cf6cea7489dbd,https://huggingface.co/datasets/onyx-dot-app/EnterpriseRAG-Bench,topic:model deprecation,,
q04044,EnterpriseRAG company topics,"AI, from a company document",dsid_318ff5e4542b44d996e4ca096dde2de9,https://huggingface.co/datasets/onyx-dot-app/EnterpriseRAG-Bench,topic:model deprecation,,
q04045,EnterpriseRAG company topics,"AI, from a company document",dsid_1d1ff6b5f7234a66a78003c0aeb9fe18,https://huggingface.co/datasets/onyx-dot-app/EnterpriseRAG-Bench,topic:model deprecation,,
q04046,EnterpriseRAG company topics,"AI, from a company document",dsid_fde951603fc2465db2aef39b07f3e90a,https://huggingface.co/datasets/onyx-dot-app/EnterpriseRAG-Bench,topic:model deprecation,,
q04047,EnterpriseRAG company topics,"AI, from a company document",dsid_9f126e5a42314fe580c31aed4ca8c6d9,https://huggingface.co/datasets/onyx-dot-app/EnterpriseRAG-Bench,topic:model deprecation,,
q04048,EnterpriseRAG company topics,"AI, from a company document",dsid_f8f546eb756a4180b31b60cd8f5d4a33,https://huggingface.co/datasets/onyx-dot-app/EnterpriseRAG-Bench,topic:model deprecation,,
q04049,EnterpriseRAG company topics,"AI, from a company document",dsid_5ec9e0bd8e724f56a4403a004f5ac68e,https://huggingface.co/datasets/onyx-dot-app/EnterpriseRAG-Bench,topic:model deprecation,,
q04050,EnterpriseRAG company topics,"AI, from a company document",dsid_437956ab409148d1b50092347d32a90c,https://huggingface.co/datasets/onyx-dot-app/EnterpriseRAG-Bench,topic:model deprecation,,
q04051,EnterpriseRAG company topics,"AI, from a company document",dsid_7e12b8c6b4c34b7fa64119105107979d,https://huggingface.co/datasets/onyx-dot-app/EnterpriseRAG-Bench,topic:model deprecation,,
q04052,EnterpriseRAG company topics,"AI, from a company document",dsid_9ea2b69c25be4095aa59ff696db62684,https://huggingface.co/datasets/onyx-dot-app/EnterpriseRAG-Bench,topic:model deprecation,,
q04053,EnterpriseRAG company topics,"AI, from a company document",dsid_943e3cab7d8b4cd798a2cc1802784875,https://huggingface.co/datasets/onyx-dot-app/EnterpriseRAG-Bench,topic:model deprecation,,
q04054,EnterpriseRAG company topics,"AI, from a company document",dsid_a79734a2ab934ba3a3e5f9218f297643,https://huggingface.co/datasets/onyx-dot-app/EnterpriseRAG-Bench,topic:model deprecation,,
q04055,EnterpriseRAG company topics,"AI, from a company document",dsid_f55f5efe67f640a4bb1aa37c03d0516b,https://huggingface.co/datasets/onyx-dot-app/EnterpriseRAG-Bench,topic:model deprecation,,
q04056,EnterpriseRAG company topics,"AI, from a company document",dsid_52c750775d044881b6f97d3a389ccaa0,https://huggingface.co/datasets/onyx-dot-app/EnterpriseRAG-Bench,topic:model deprecation,,
q04057,EnterpriseRAG company topics,"AI, from a company document",dsid_27cd0c2ea515418598a988f67fa88b66,https://huggingface.co/datasets/onyx-dot-app/EnterpriseRAG-Bench,topic:model deprecation,,
q04058,EnterpriseRAG company topics,"AI, from a company document",dsid_5aca22cc70bb45319afaeaa19d308a37,https://huggingface.co/datasets/onyx-dot-app/EnterpriseRAG-Bench,topic:model deprecation,,
q04059,EnterpriseRAG company topics,"AI, from a company document",dsid_e2a9e2c625e84985bcf30840414d4b22,https://huggingface.co/datasets/onyx-dot-app/EnterpriseRAG-Bench,topic:model deprecation,,
q04060,EnterpriseRAG company topics,"AI, from a company document",dsid_1de56a2435a54f5b8877bb10dc6f83f5,https://huggingface.co/datasets/onyx-dot-app/EnterpriseRAG-Bench,topic:model deprecation,,
q04061,EnterpriseRAG company topics,"AI, from a company document",dsid_06ec4a830f5949919830b6d7b0353a94,https://huggingface.co/datasets/onyx-dot-app/EnterpriseRAG-Bench,topic:model deprecation,,
q04062,EnterpriseRAG company topics,"AI, from a company document",dsid_5f6c4cf7995947dcb1d9a6386ab76072,https://huggingface.co/datasets/onyx-dot-app/EnterpriseRAG-Bench,topic:model deprecation,,
q04063,EnterpriseRAG company topics,"AI, from a company document",dsid_bd7caad8adb2405eaa7ad78c4ffb59d7,https://huggingface.co/datasets/onyx-dot-app/EnterpriseRAG-Bench,topic:model deprecation,,
q04064,EnterpriseRAG company topics,"AI, from a company document",dsid_ee5d151d5d7d422f8c8fe3142419ca95,https://huggingface.co/datasets/onyx-dot-app/EnterpriseRAG-Bench,topic:model deprecation,,
q04065,EnterpriseRAG company topics,"AI, public question on same topic",,https://huggingface.co/datasets/onyx-dot-app/EnterpriseRAG-Bench,topic:model deprecation,,
q04066,EnterpriseRAG company topics,"AI, public question on same topic",,https://huggingface.co/datasets/onyx-dot-app/EnterpriseRAG-Bench,topic:model deprecation,,
q04067,EnterpriseRAG company topics,"AI, public question on same topic",,https://huggingface.co/datasets/onyx-dot-app/EnterpriseRAG-Bench,topic:model deprecation,,
q04068,EnterpriseRAG company topics,"AI, public question on same topic",,https://huggingface.co/datasets/onyx-dot-app/EnterpriseRAG-Bench,topic:model deprecation,,
q04069,EnterpriseRAG company topics,"AI, public question on same topic",,https://huggingface.co/datasets/onyx-dot-app/EnterpriseRAG-Bench,topic:model deprecation,,
q04070,EnterpriseRAG company topics,"AI, from a company document",dsid_193e074e67bb4bd096ac258774e702e2,https://huggingface.co/datasets/onyx-dot-app/EnterpriseRAG-Bench,topic:cold starts,,
q04071,EnterpriseRAG company topics,"AI, from a company document",dsid_37943ea1c8e749fbb0f41cb0f3213536,https://huggingface.co/datasets/onyx-dot-app/EnterpriseRAG-Bench,topic:cold starts,,
q04072,EnterpriseRAG company topics,"AI, from a company document",dsid_f224ed2aebbe4487b4d3e8d5208a9707,https://huggingface.co/datasets/onyx-dot-app/EnterpriseRAG-Bench,topic:cold starts,,
q04073,EnterpriseRAG company topics,"AI, from a company document",dsid_88e3c36661784ffaa796c9b7f8818cbb,https://huggingface.co/datasets/onyx-dot-app/EnterpriseRAG-Bench,topic:cold starts,,
q04074,EnterpriseRAG company topics,"AI, from a company document",dsid_d3baf4b4944b4e45814ab04530a035aa,https://huggingface.co/datasets/onyx-dot-app/EnterpriseRAG-Bench,topic:cold starts,,
q04075,EnterpriseRAG company topics,"AI, from a company document",dsid_b3da5418aa6345bd9f74574817e18bff,https://huggingface.co/datasets/onyx-dot-app/EnterpriseRAG-Bench,topic:cold starts,,
q04076,EnterpriseRAG company topics,"AI, from a company document",dsid_e2fff03e042346298946dcd78bd7bd94,https://huggingface.co/datasets/onyx-dot-app/EnterpriseRAG-Bench,topic:cold starts,,
q04077,EnterpriseRAG company topics,"AI, from a company document",dsid_f76ba3bc1db340d1bea261cc24cfd32d,https://huggingface.co/datasets/onyx-dot-app/EnterpriseRAG-Bench,topic:cold starts,,
q04078,EnterpriseRAG company topics,"AI, from a company document",dsid_2790e5b7c2ba4407ae908ff2da848c29,https://huggingface.co/datasets/onyx-dot-app/EnterpriseRAG-Bench,topic:cold starts,,
q04079,EnterpriseRAG company topics,"AI, from a company document",dsid_57f5a3b6e4424f7cac7b7ee37baa1750,https://huggingface.co/datasets/onyx-dot-app/EnterpriseRAG-Bench,topic:cold starts,,
q04080,EnterpriseRAG company topics,"AI, from a company document",dsid_87560452be1c4c309c835159038e5793,https://huggingface.co/datasets/onyx-dot-app/EnterpriseRAG-Bench,topic:cold starts,,
q04081,EnterpriseRAG company topics,"AI, from a company document",dsid_7256974af9554c60a83d245add3c85e8,https://huggingface.co/datasets/onyx-dot-app/EnterpriseRAG-Bench,topic:cold starts,,
q04082,EnterpriseRAG company topics,"AI, from a company document",dsid_a7c43a7d76ba423f9da09ffc227e98ef,https://huggingface.co/datasets/onyx-dot-app/EnterpriseRAG-Bench,topic:cold starts,,
q04083,EnterpriseRAG company topics,"AI, from a company document",dsid_8b2a3c3ac12c459487ef34344057f906,https://huggingface.co/datasets/onyx-dot-app/EnterpriseRAG-Bench,topic:cold starts,,
q04084,EnterpriseRAG company topics,"AI, from a company document",dsid_0ddd9517c15348589cc7b89ff3087076,https://huggingface.co/datasets/onyx-dot-app/EnterpriseRAG-Bench,topic:cold starts,,
q04085,EnterpriseRAG company topics,"AI, from a company document",dsid_b04b01e7748849df8d0eee2fa180d3c0,https://huggingface.co/datasets/onyx-dot-app/EnterpriseRAG-Bench,topic:cold starts,,
q04086,EnterpriseRAG company topics,"AI, from a company document",dsid_58a4364dc67444aeb8c4a8864da0e69f,https://huggingface.co/datasets/onyx-dot-app/EnterpriseRAG-Bench,topic:cold starts,,
q04087,EnterpriseRAG company topics,"AI, from a company document",dsid_d97d672aaca546b285f187ecf0ab545b,https://huggingface.co/datasets/onyx-dot-app/EnterpriseRAG-Bench,topic:cold starts,,
q04088,EnterpriseRAG company topics,"AI, from a company document",dsid_06b83de6fca84a338bc8f5ead3307f2c,https://huggingface.co/datasets/onyx-dot-app/EnterpriseRAG-Bench,topic:cold starts,,
q04089,EnterpriseRAG company topics,"AI, from a company document",dsid_0c40ac3966c34ade82ad6d338c6f5e68,https://huggingface.co/datasets/onyx-dot-app/EnterpriseRAG-Bench,topic:cold starts,,
q04090,EnterpriseRAG company topics,"AI, from a company document",dsid_ac40e57f3de849fd844adc4ac49003a1,https://huggingface.co/datasets/onyx-dot-app/EnterpriseRAG-Bench,topic:cold starts,,
q04091,EnterpriseRAG company topics,"AI, from a company document",dsid_9c47cd5ccc90449f9d7f9d1f14ccd800,https://huggingface.co/datasets/onyx-dot-app/EnterpriseRAG-Bench,topic:cold starts,,
q04092,EnterpriseRAG company topics,"AI, from a company document",dsid_949236613e3445c89e8579c974acb7da,https://huggingface.co/datasets/onyx-dot-app/EnterpriseRAG-Bench,topic:cold starts,,
q04093,EnterpriseRAG company topics,"AI, from a company document",dsid_83bf9016921643f5a52a448e5d9186a5,https://huggingface.co/datasets/onyx-dot-app/EnterpriseRAG-Bench,topic:cold starts,,
q04094,EnterpriseRAG company topics,"AI, from a company document",dsid_51ae434deff548059a9ebd741b469c23,https://huggingface.co/datasets/onyx-dot-app/EnterpriseRAG-Bench,topic:cold starts,,
q04095,EnterpriseRAG company topics,"AI, from a company document",dsid_accd69e5feee42b1af12405726ddedc5,https://huggingface.co/datasets/onyx-dot-app/EnterpriseRAG-Bench,topic:cold starts,,
q04096,EnterpriseRAG company topics,"AI, from a company document",dsid_b7a90785c98448c2adf5a3c2f4e2d97e,https://huggingface.co/datasets/onyx-dot-app/EnterpriseRAG-Bench,topic:cold starts,,
q04097,EnterpriseRAG company topics,"AI, from a company document",dsid_4da33523bd7d42f782feabd9bc6a5632,https://huggingface.co/datasets/onyx-dot-app/EnterpriseRAG-Bench,topic:cold starts,,
q04098,EnterpriseRAG company topics,"AI, from a company document",dsid_64287abda90542ff8367154ca842521d,https://huggingface.co/datasets/onyx-dot-app/EnterpriseRAG-Bench,topic:cold starts,,
q04099,EnterpriseRAG company topics,"AI, from a company document",dsid_6f8ccc255ce04ee29598a4b7f2613e4d,https://huggingface.co/datasets/onyx-dot-app/EnterpriseRAG-Bench,topic:cold starts,,
q04100,EnterpriseRAG company topics,"AI, public question on same topic",,https://huggingface.co/datasets/onyx-dot-app/EnterpriseRAG-Bench,topic:cold starts,,
q04101,EnterpriseRAG company topics,"AI, public question on same topic",,https://huggingface.co/datasets/onyx-dot-app/EnterpriseRAG-Bench,topic:cold starts,,
q04102,EnterpriseRAG company topics,"AI, public question on same topic",,https://huggingface.co/datasets/onyx-dot-app/EnterpriseRAG-Bench,topic:cold starts,,
q04103,EnterpriseRAG company topics,"AI, public question on same topic",,https://huggingface.co/datasets/onyx-dot-app/EnterpriseRAG-Bench,topic:cold starts,,
q04104,EnterpriseRAG company topics,"AI, public question on same topic",,https://huggingface.co/datasets/onyx-dot-app/EnterpriseRAG-Bench,topic:cold starts,,
q04105,EnterpriseRAG company topics,"AI, from a company document",dsid_9112ba3ee27c4219b9b37c45a290d1a5,https://huggingface.co/datasets/onyx-dot-app/EnterpriseRAG-Bench,topic:long-context requests,,
q04106,EnterpriseRAG company topics,"AI, from a company document",dsid_dbdfcb88e3e0409b8d1b399afbf3bcc2,https://huggingface.co/datasets/onyx-dot-app/EnterpriseRAG-Bench,topic:long-context requests,,
q04107,EnterpriseRAG company topics,"AI, from a company document",dsid_12e217ff3e2e44cca7488bf277411f4e,https://huggingface.co/datasets/onyx-dot-app/EnterpriseRAG-Bench,topic:long-context requests,,
q04108,EnterpriseRAG company topics,"AI, from a company document",dsid_d3dfca47418e4cabac3b1d3f53863ca6,https://huggingface.co/datasets/onyx-dot-app/EnterpriseRAG-Bench,topic:long-context requests,,
q04109,EnterpriseRAG company topics,"AI, from a company document",dsid_cd0fb81e278c47998b2f575db215e936,https://huggingface.co/datasets/onyx-dot-app/EnterpriseRAG-Bench,topic:long-context requests,,
q04110,EnterpriseRAG company topics,"AI, from a company document",dsid_603b5d5581004b3189093ee80c45f5ca,https://huggingface.co/datasets/onyx-dot-app/EnterpriseRAG-Bench,topic:long-context requests,,
q04111,EnterpriseRAG company topics,"AI, from a company document",dsid_47675427cad04c4095dbd0c979df62f2,https://huggingface.co/datasets/onyx-dot-app/EnterpriseRAG-Bench,topic:long-context requests,,
q04112,EnterpriseRAG company topics,"AI, from a company document",dsid_00e12b6aa8814869bfaede4152d2e2e6,https://huggingface.co/datasets/onyx-dot-app/EnterpriseRAG-Bench,topic:long-context requests,,
q04113,EnterpriseRAG company topics,"AI, from a company document",dsid_f30288f77bde4b5aa413deb699741f9f,https://huggingface.co/datasets/onyx-dot-app/EnterpriseRAG-Bench,topic:long-context requests,,
q04114,EnterpriseRAG company topics,"AI, from a company document",dsid_9cf4de83b27d407cbd81fb3b3165e01f,https://huggingface.co/datasets/onyx-dot-app/EnterpriseRAG-Bench,topic:long-context requests,,
q04115,EnterpriseRAG company topics,"AI, from a company document",dsid_05a4066819ee4a7da7ef236f1c0841c0,https://huggingface.co/datasets/onyx-dot-app/EnterpriseRAG-Bench,topic:long-context requests,,
q04116,EnterpriseRAG company topics,"AI, from a company document",dsid_635996d323e34d1496a97bef16970987,https://huggingface.co/datasets/onyx-dot-app/EnterpriseRAG-Bench,topic:long-context requests,,
q04117,EnterpriseRAG company topics,"AI, from a company document",dsid_3d727935066d47138f758e616cbdc585,https://huggingface.co/datasets/onyx-dot-app/EnterpriseRAG-Bench,topic:long-context requests,,
q04118,EnterpriseRAG company topics,"AI, from a company document",dsid_5613accf39674680a3d42b78ddeb9af7,https://huggingface.co/datasets/onyx-dot-app/EnterpriseRAG-Bench,topic:long-context requests,,
q04119,EnterpriseRAG company topics,"AI, from a company document",dsid_93dbe74129b544caa7d4e9672602e5a8,https://huggingface.co/datasets/onyx-dot-app/EnterpriseRAG-Bench,topic:long-context requests,,
q04120,EnterpriseRAG company topics,"AI, from a company document",dsid_9ea590a8b3214436b8681abb7df46633,https://huggingface.co/datasets/onyx-dot-app/EnterpriseRAG-Bench,topic:long-context requests,,
q04121,EnterpriseRAG company topics,"AI, from a company document",dsid_fcb715885b0e4ffc96cb1a68b3788be5,https://huggingface.co/datasets/onyx-dot-app/EnterpriseRAG-Bench,topic:long-context requests,,
q04122,EnterpriseRAG company topics,"AI, from a company document",dsid_e8f2333799cd4219ad1d6b86f9f004c8,https://huggingface.co/datasets/onyx-dot-app/EnterpriseRAG-Bench,topic:long-context requests,,
q04123,EnterpriseRAG company topics,"AI, from a company document",dsid_2546783e48b94872af9009b054e96879,https://huggingface.co/datasets/onyx-dot-app/EnterpriseRAG-Bench,topic:long-context requests,,
q04124,EnterpriseRAG company topics,"AI, from a company document",dsid_cd8c4d0fc478489fa639e533510446f1,https://huggingface.co/datasets/onyx-dot-app/EnterpriseRAG-Bench,topic:long-context requests,,
q04125,EnterpriseRAG company topics,"AI, from a company document",dsid_dbadb0e18ace445995305b60f067d8f1,https://huggingface.co/datasets/onyx-dot-app/EnterpriseRAG-Bench,topic:long-context requests,,
q04126,EnterpriseRAG company topics,"AI, from a company document",dsid_363d76e74657405ebd6c422ce164977b,https://huggingface.co/datasets/onyx-dot-app/EnterpriseRAG-Bench,topic:long-context requests,,
q04127,EnterpriseRAG company topics,"AI, from a company document",dsid_ca2c1f7398aa4b03935848087eab1339,https://huggingface.co/datasets/onyx-dot-app/EnterpriseRAG-Bench,topic:long-context requests,,
q04128,EnterpriseRAG company topics,"AI, from a company document",dsid_9498296271834290b90e2e5c936cb623,https://huggingface.co/datasets/onyx-dot-app/EnterpriseRAG-Bench,topic:long-context requests,,
q04129,EnterpriseRAG company topics,"AI, from a company document",dsid_d79429e84aca4ac891865273ff787514,https://huggingface.co/datasets/onyx-dot-app/EnterpriseRAG-Bench,topic:long-context requests,,
q04130,EnterpriseRAG company topics,"AI, from a company document",dsid_0c441fc3547c430f8f723164fb5203b8,https://huggingface.co/datasets/onyx-dot-app/EnterpriseRAG-Bench,topic:long-context requests,,
q04131,EnterpriseRAG company topics,"AI, from a company document",dsid_a3d209b620224304a02ae2f39a77d83e,https://huggingface.co/datasets/onyx-dot-app/EnterpriseRAG-Bench,topic:long-context requests,,
q04132,EnterpriseRAG company topics,"AI, from a company document",dsid_4b095fa2a420438dae12a9f8e0f56f1e,https://huggingface.co/datasets/onyx-dot-app/EnterpriseRAG-Bench,topic:long-context requests,,
q04133,EnterpriseRAG company topics,"AI, from a company document",dsid_515dc266e8104943b48afb272ae6d1d9,https://huggingface.co/datasets/onyx-dot-app/EnterpriseRAG-Bench,topic:long-context requests,,
q04134,EnterpriseRAG company topics,"AI, from a company document",dsid_76feffee9551462f9bde4de5c11bb4fc,https://huggingface.co/datasets/onyx-dot-app/EnterpriseRAG-Bench,topic:long-context requests,,
q04135,EnterpriseRAG company topics,"AI, public question on same topic",,https://huggingface.co/datasets/onyx-dot-app/EnterpriseRAG-Bench,topic:long-context requests,,
q04136,EnterpriseRAG company topics,"AI, public question on same topic",,https://huggingface.co/datasets/onyx-dot-app/EnterpriseRAG-Bench,topic:long-context requests,,
q04137,EnterpriseRAG company topics,"AI, public question on same topic",,https://huggingface.co/datasets/onyx-dot-app/EnterpriseRAG-Bench,topic:long-context requests,,
q04138,EnterpriseRAG company topics,"AI, public question on same topic",,https://huggingface.co/datasets/onyx-dot-app/EnterpriseRAG-Bench,topic:long-context requests,,
q04139,EnterpriseRAG company topics,"AI, public question on same topic",,https://huggingface.co/datasets/onyx-dot-app/EnterpriseRAG-Bench,topic:long-context requests,,
q04140,EnterpriseRAG company topics,"AI, from a company document",dsid_c58957b61e9a4c61825562b4e424aed7,https://huggingface.co/datasets/onyx-dot-app/EnterpriseRAG-Bench,topic:data residency,,
q04141,EnterpriseRAG company topics,"AI, from a company document",dsid_f39767f6874349f9a6ddd68932fb7622,https://huggingface.co/datasets/onyx-dot-app/EnterpriseRAG-Bench,topic:data residency,,
q04142,EnterpriseRAG company topics,"AI, from a company document",dsid_1c7255f4b46f48f7a90063c72d62fabd,https://huggingface.co/datasets/onyx-dot-app/EnterpriseRAG-Bench,topic:data residency,,
q04143,EnterpriseRAG company topics,"AI, from a company document",dsid_0bb45e3a72964adab701c97f3225b72f,https://huggingface.co/datasets/onyx-dot-app/EnterpriseRAG-Bench,topic:data residency,,
q04144,EnterpriseRAG company topics,"AI, from a company document",dsid_8914fb94c2ba44bc94add0db1f9009a8,https://huggingface.co/datasets/onyx-dot-app/EnterpriseRAG-Bench,topic:data residency,,
q04145,EnterpriseRAG company topics,"AI, from a company document",dsid_f9d970398b62408682592c533268a062,https://huggingface.co/datasets/onyx-dot-app/EnterpriseRAG-Bench,topic:data residency,,
q04146,EnterpriseRAG company topics,"AI, from a company document",dsid_461a0b4330144f4ba82c4da1919f279e,https://huggingface.co/datasets/onyx-dot-app/EnterpriseRAG-Bench,topic:data residency,,
q04147,EnterpriseRAG company topics,"AI, from a company document",dsid_63efbaf30eb54ef09df0a93f53e36606,https://huggingface.co/datasets/onyx-dot-app/EnterpriseRAG-Bench,topic:data residency,,
q04148,EnterpriseRAG company topics,"AI, from a company document",dsid_2f91372eba6f43a4a2cadb406f5a5d66,https://huggingface.co/datasets/onyx-dot-app/EnterpriseRAG-Bench,topic:data residency,,
q04149,EnterpriseRAG company topics,"AI, from a company document",dsid_75795889eb474473bd660e9405d051c2,https://huggingface.co/datasets/onyx-dot-app/EnterpriseRAG-Bench,topic:data residency,,
q04150,EnterpriseRAG company topics,"AI, from a company document",dsid_447296d66dad4b6bbea28d0847380204,https://huggingface.co/datasets/onyx-dot-app/EnterpriseRAG-Bench,topic:data residency,,
q04151,EnterpriseRAG company topics,"AI, from a company document",dsid_8025b17e5c8241d18141e308ae12321a,https://huggingface.co/datasets/onyx-dot-app/EnterpriseRAG-Bench,topic:data residency,,
q04152,EnterpriseRAG company topics,"AI, from a company document",dsid_1a68c6c3a7634cc8b0002c8b5ba6eea7,https://huggingface.co/datasets/onyx-dot-app/EnterpriseRAG-Bench,topic:data residency,,
q04153,EnterpriseRAG company topics,"AI, from a company document",dsid_4d04ae968abb4726a74af8708c16acee,https://huggingface.co/datasets/onyx-dot-app/EnterpriseRAG-Bench,topic:data residency,,
q04154,EnterpriseRAG company topics,"AI, from a company document",dsid_b937ae0cac4d485c868a66fed333e2d7,https://huggingface.co/datasets/onyx-dot-app/EnterpriseRAG-Bench,topic:data residency,,
q04155,EnterpriseRAG company topics,"AI, from a company document",dsid_ff6fc447c29c4233af49bb6e2284ccca,https://huggingface.co/datasets/onyx-dot-app/EnterpriseRAG-Bench,topic:data residency,,
q04156,EnterpriseRAG company topics,"AI, from a company document",dsid_1a957a4c39b74de490c8e5a4e45bf4a0,https://huggingface.co/datasets/onyx-dot-app/EnterpriseRAG-Bench,topic:data residency,,
q04157,EnterpriseRAG company topics,"AI, from a company document",dsid_b81b29c779114c7abbbd92dc693d4159,https://huggingface.co/datasets/onyx-dot-app/EnterpriseRAG-Bench,topic:data residency,,
q04158,EnterpriseRAG company topics,"AI, from a company document",dsid_2805856497b54241b8c18aad76b60659,https://huggingface.co/datasets/onyx-dot-app/EnterpriseRAG-Bench,topic:data residency,,
q04159,EnterpriseRAG company topics,"AI, from a company document",dsid_0f7d1c3f18dc4b18885038e589c74c45,https://huggingface.co/datasets/onyx-dot-app/EnterpriseRAG-Bench,topic:data residency,,
q04160,EnterpriseRAG company topics,"AI, from a company document",dsid_196a504dc34049afba220cceaf501efe,https://huggingface.co/datasets/onyx-dot-app/EnterpriseRAG-Bench,topic:data residency,,
q04161,EnterpriseRAG company topics,"AI, from a company document",dsid_95e291c6bb184e37b410a74ed961d8c7,https://huggingface.co/datasets/onyx-dot-app/EnterpriseRAG-Bench,topic:data residency,,
q04162,EnterpriseRAG company topics,"AI, from a company document",dsid_c755fb6fc19a4edbba3c24ab2ca75f78,https://huggingface.co/datasets/onyx-dot-app/EnterpriseRAG-Bench,topic:data residency,,
q04163,EnterpriseRAG company topics,"AI, from a company document",dsid_6f25fc822a8f48578e650d89fb6db69a,https://huggingface.co/datasets/onyx-dot-app/EnterpriseRAG-Bench,topic:data residency,,
q04164,EnterpriseRAG company topics,"AI, from a company document",dsid_8513a3ed651343ce9b4d3fe7032cef14,https://huggingface.co/datasets/onyx-dot-app/EnterpriseRAG-Bench,topic:data residency,,
q04165,EnterpriseRAG company topics,"AI, from a company document",dsid_ec57c51275b9443d904760a6538336c7,https://huggingface.co/datasets/onyx-dot-app/EnterpriseRAG-Bench,topic:data residency,,
q04166,EnterpriseRAG company topics,"AI, from a company document",dsid_f86f411e4824462ab473e814e42d8532,https://huggingface.co/datasets/onyx-dot-app/EnterpriseRAG-Bench,topic:data residency,,
q04167,EnterpriseRAG company topics,"AI, from a company document",dsid_96f2dc7a8b074dbb8cfc92d5defdd1ef,https://huggingface.co/datasets/onyx-dot-app/EnterpriseRAG-Bench,topic:data residency,,
q04168,EnterpriseRAG company topics,"AI, from a company document",dsid_9a02d5103082444a97b99e9ea93a0f7b,https://huggingface.co/datasets/onyx-dot-app/EnterpriseRAG-Bench,topic:data residency,,
q04169,EnterpriseRAG company topics,"AI, from a company document",dsid_e87d69b0d9e7414bb670885869f432ba,https://huggingface.co/datasets/onyx-dot-app/EnterpriseRAG-Bench,topic:data residency,,
q04170,EnterpriseRAG company topics,"AI, public question on same topic",,https://huggingface.co/datasets/onyx-dot-app/EnterpriseRAG-Bench,topic:data residency,,
q04171,EnterpriseRAG company topics,"AI, public question on same topic",,https://huggingface.co/datasets/onyx-dot-app/EnterpriseRAG-Bench,topic:data residency,,
q04172,EnterpriseRAG company topics,"AI, public question on same topic",,https://huggingface.co/datasets/onyx-dot-app/EnterpriseRAG-Bench,topic:data residency,,
q04173,EnterpriseRAG company topics,"AI, public question on same topic",,https://huggingface.co/datasets/onyx-dot-app/EnterpriseRAG-Bench,topic:data residency,,
q04174,EnterpriseRAG company topics,"AI, public question on same topic",,https://huggingface.co/datasets/onyx-dot-app/EnterpriseRAG-Bench,topic:data residency,,
q04175,EnterpriseRAG company topics,"AI, from a company document",dsid_49d64735870b48b79f1e6f2724f1e7e2,https://huggingface.co/datasets/onyx-dot-app/EnterpriseRAG-Bench,topic:GPU capacity,,
q04176,EnterpriseRAG company topics,"AI, from a company document",dsid_f92e8b2ed1fb41ceab366516f4788ddc,https://huggingface.co/datasets/onyx-dot-app/EnterpriseRAG-Bench,topic:GPU capacity,,
q04177,EnterpriseRAG company topics,"AI, from a company document",dsid_aac623498564420983ceb0b4c59d8484,https://huggingface.co/datasets/onyx-dot-app/EnterpriseRAG-Bench,topic:GPU capacity,,
q04178,EnterpriseRAG company topics,"AI, from a company document",dsid_19299b34b41f449285b9b04d39d443f2,https://huggingface.co/datasets/onyx-dot-app/EnterpriseRAG-Bench,topic:GPU capacity,,
q04179,EnterpriseRAG company topics,"AI, from a company document",dsid_f0b9c597db13421595834de79c58bde6,https://huggingface.co/datasets/onyx-dot-app/EnterpriseRAG-Bench,topic:GPU capacity,,
q04180,EnterpriseRAG company topics,"AI, from a company document",dsid_fbb1c0d8591f4f0abf27d698c9f43734,https://huggingface.co/datasets/onyx-dot-app/EnterpriseRAG-Bench,topic:GPU capacity,,
q04181,EnterpriseRAG company topics,"AI, from a company document",dsid_37397d0a5e3c42f7828808df16abc32b,https://huggingface.co/datasets/onyx-dot-app/EnterpriseRAG-Bench,topic:GPU capacity,,
q04182,EnterpriseRAG company topics,"AI, from a company document",dsid_c67935c565d842569e7df6089757ec75,https://huggingface.co/datasets/onyx-dot-app/EnterpriseRAG-Bench,topic:GPU capacity,,
q04183,EnterpriseRAG company topics,"AI, from a company document",dsid_a0d4d9cde93747e3a150904e8d077c11,https://huggingface.co/datasets/onyx-dot-app/EnterpriseRAG-Bench,topic:GPU capacity,,
q04184,EnterpriseRAG company topics,"AI, from a company document",dsid_16a0e9432223455594c864b7ead5f716,https://huggingface.co/datasets/onyx-dot-app/EnterpriseRAG-Bench,topic:GPU capacity,,
q04185,EnterpriseRAG company topics,"AI, from a company document",dsid_9f2fc0a330b1455a9e3d26f5e8d580b2,https://huggingface.co/datasets/onyx-dot-app/EnterpriseRAG-Bench,topic:GPU capacity,,
q04186,EnterpriseRAG company topics,"AI, from a company document",dsid_e7da6fc22759489cad501bc7126bf3a3,https://huggingface.co/datasets/onyx-dot-app/EnterpriseRAG-Bench,topic:GPU capacity,,
q04187,EnterpriseRAG company topics,"AI, from a company document",dsid_87ccf413dadd4683bc4e21ca1bf7dab5,https://huggingface.co/datasets/onyx-dot-app/EnterpriseRAG-Bench,topic:GPU capacity,,
q04188,EnterpriseRAG company topics,"AI, from a company document",dsid_b72efd11df88406ebeaf8b8c1e8fbddb,https://huggingface.co/datasets/onyx-dot-app/EnterpriseRAG-Bench,topic:GPU capacity,,
q04189,EnterpriseRAG company topics,"AI, from a company document",dsid_10c49adf583e4179a4b16a5953048073,https://huggingface.co/datasets/onyx-dot-app/EnterpriseRAG-Bench,topic:GPU capacity,,
q04190,EnterpriseRAG company topics,"AI, from a company document",dsid_5ed0fb66706046d69c4f91b8e6c66638,https://huggingface.co/datasets/onyx-dot-app/EnterpriseRAG-Bench,topic:GPU capacity,,
q04191,EnterpriseRAG company topics,"AI, from a company document",dsid_065c1310e74f45d0884c92249ee000ef,https://huggingface.co/datasets/onyx-dot-app/EnterpriseRAG-Bench,topic:GPU capacity,,
q04192,EnterpriseRAG company topics,"AI, from a company document",dsid_1e6048370d134413afadaba132ded50b,https://huggingface.co/datasets/onyx-dot-app/EnterpriseRAG-Bench,topic:GPU capacity,,
q04193,EnterpriseRAG company topics,"AI, from a company document",dsid_bcecef162a8e46019913464f15e3be52,https://huggingface.co/datasets/onyx-dot-app/EnterpriseRAG-Bench,topic:GPU capacity,,
q04194,EnterpriseRAG company topics,"AI, from a company document",dsid_237235c282f24cd5a59a1e65d316380f,https://huggingface.co/datasets/onyx-dot-app/EnterpriseRAG-Bench,topic:GPU capacity,,
q04195,EnterpriseRAG company topics,"AI, from a company document",dsid_624d142ad4354d9ba2428e12478a0753,https://huggingface.co/datasets/onyx-dot-app/EnterpriseRAG-Bench,topic:GPU capacity,,
q04196,EnterpriseRAG company topics,"AI, from a company document",dsid_29081d211b194dee94312f146d8e2a04,https://huggingface.co/datasets/onyx-dot-app/EnterpriseRAG-Bench,topic:GPU capacity,,
q04197,EnterpriseRAG company topics,"AI, from a company document",dsid_609604b337f644c785c59bc4762d3794,https://huggingface.co/datasets/onyx-dot-app/EnterpriseRAG-Bench,topic:GPU capacity,,
q04198,EnterpriseRAG company topics,"AI, from a company document",dsid_6cc72160f5db4896b328f28a2042d840,https://huggingface.co/datasets/onyx-dot-app/EnterpriseRAG-Bench,topic:GPU capacity,,
q04199,EnterpriseRAG company topics,"AI, from a company document",dsid_19d5379de8d14644a28c1b312a7ebda5,https://huggingface.co/datasets/onyx-dot-app/EnterpriseRAG-Bench,topic:GPU capacity,,
q04200,EnterpriseRAG company topics,"AI, from a company document",dsid_0d03f36cb48648fda8088b451839b522,https://huggingface.co/datasets/onyx-dot-app/EnterpriseRAG-Bench,topic:GPU capacity,,
q04201,EnterpriseRAG company topics,"AI, from a company document",dsid_87a01752fdc043129c3f7f51d506e14b,https://huggingface.co/datasets/onyx-dot-app/EnterpriseRAG-Bench,topic:GPU capacity,,
q04202,EnterpriseRAG company topics,"AI, from a company document",dsid_e641f69e45754e37a3dcccfadcb6a448,https://huggingface.co/datasets/onyx-dot-app/EnterpriseRAG-Bench,topic:GPU capacity,,
q04203,EnterpriseRAG company topics,"AI, from a company document",dsid_f551cf580404411c9e9cb928e3aefa8b,https://huggingface.co/datasets/onyx-dot-app/EnterpriseRAG-Bench,topic:GPU capacity,,
q04204,EnterpriseRAG company topics,"AI, from a company document",dsid_776827c7a9294f048920ba9f93a1f656,https://huggingface.co/datasets/onyx-dot-app/EnterpriseRAG-Bench,topic:GPU capacity,,
q04205,EnterpriseRAG company topics,"AI, public question on same topic",,https://huggingface.co/datasets/onyx-dot-app/EnterpriseRAG-Bench,topic:GPU capacity,,
q04206,EnterpriseRAG company topics,"AI, public question on same topic",,https://huggingface.co/datasets/onyx-dot-app/EnterpriseRAG-Bench,topic:GPU capacity,,
q04207,EnterpriseRAG company topics,"AI, public question on same topic",,https://huggingface.co/datasets/onyx-dot-app/EnterpriseRAG-Bench,topic:GPU capacity,,
q04208,EnterpriseRAG company topics,"AI, public question on same topic",,https://huggingface.co/datasets/onyx-dot-app/EnterpriseRAG-Bench,topic:GPU capacity,,
q04209,EnterpriseRAG company topics,"AI, public question on same topic",,https://huggingface.co/datasets/onyx-dot-app/EnterpriseRAG-Bench,topic:GPU capacity,,
q04210,EnterpriseRAG company topics,"AI, from a company document",dsid_988fdd95496f4ea4be8ab11d74e427da,https://huggingface.co/datasets/onyx-dot-app/EnterpriseRAG-Bench,topic:incident postmortems,,
q04211,EnterpriseRAG company topics,"AI, from a company document",dsid_58272de8a34142ada45624f508ab8ca4,https://huggingface.co/datasets/onyx-dot-app/EnterpriseRAG-Bench,topic:incident postmortems,,
q04212,EnterpriseRAG company topics,"AI, from a company document",dsid_faf8cbfe1bc44630bf05e87df8c53ed9,https://huggingface.co/datasets/onyx-dot-app/EnterpriseRAG-Bench,topic:incident postmortems,,
q04213,EnterpriseRAG company topics,"AI, from a company document",dsid_2f0b43cdb3f24e1389a25f91b97cffd7,https://huggingface.co/datasets/onyx-dot-app/EnterpriseRAG-Bench,topic:incident postmortems,,
q04214,EnterpriseRAG company topics,"AI, from a company document",dsid_9153f20383f7443299d16a00e6d199da,https://huggingface.co/datasets/onyx-dot-app/EnterpriseRAG-Bench,topic:incident postmortems,,
q04215,EnterpriseRAG company topics,"AI, from a company document",dsid_a229cbc0fc184aa38bdaf0499ab62d8e,https://huggingface.co/datasets/onyx-dot-app/EnterpriseRAG-Bench,topic:incident postmortems,,
q04216,EnterpriseRAG company topics,"AI, from a company document",dsid_4bf218064d63449098156e753adb4d6a,https://huggingface.co/datasets/onyx-dot-app/EnterpriseRAG-Bench,topic:incident postmortems,,
q04217,EnterpriseRAG company topics,"AI, from a company document",dsid_b5aee2654e9a4f298d6d34212ed88211,https://huggingface.co/datasets/onyx-dot-app/EnterpriseRAG-Bench,topic:incident postmortems,,
q04218,EnterpriseRAG company topics,"AI, from a company document",dsid_b94125864e5e49f495dbabac2c12de4f,https://huggingface.co/datasets/onyx-dot-app/EnterpriseRAG-Bench,topic:incident postmortems,,
q04219,EnterpriseRAG company topics,"AI, from a company document",dsid_449c3f12e2364c2a966594ed59f6b6d1,https://huggingface.co/datasets/onyx-dot-app/EnterpriseRAG-Bench,topic:incident postmortems,,
q04220,EnterpriseRAG company topics,"AI, from a company document",dsid_a5e300fe41b9418ea2abec1f2ff04f49,https://huggingface.co/datasets/onyx-dot-app/EnterpriseRAG-Bench,topic:incident postmortems,,
q04221,EnterpriseRAG company topics,"AI, from a company document",dsid_ed3700d44d8c43bca3735705d64bec32,https://huggingface.co/datasets/onyx-dot-app/EnterpriseRAG-Bench,topic:incident postmortems,,
q04222,EnterpriseRAG company topics,"AI, from a company document",dsid_f83b219897174c0cb89a0afb635c601d,https://huggingface.co/datasets/onyx-dot-app/EnterpriseRAG-Bench,topic:incident postmortems,,
q04223,EnterpriseRAG company topics,"AI, from a company document",dsid_ab60d845c4dc4ed5b122ae6a380e623f,https://huggingface.co/datasets/onyx-dot-app/EnterpriseRAG-Bench,topic:incident postmortems,,
q04224,EnterpriseRAG company topics,"AI, from a company document",dsid_c639a67ad90946f09a3557b8cfd0b507,https://huggingface.co/datasets/onyx-dot-app/EnterpriseRAG-Bench,topic:incident postmortems,,
q04225,EnterpriseRAG company topics,"AI, from a company document",dsid_d6ee1f5ff98043c4aa67a3aeea2faa15,https://huggingface.co/datasets/onyx-dot-app/EnterpriseRAG-Bench,topic:incident postmortems,,
q04226,EnterpriseRAG company topics,"AI, from a company document",dsid_0ee992208a5a40d9b081ce9655f6d160,https://huggingface.co/datasets/onyx-dot-app/EnterpriseRAG-Bench,topic:incident postmortems,,
q04227,EnterpriseRAG company topics,"AI, from a company document",dsid_386aa08b6c6f4c4ea18fff20c47a4d7e,https://huggingface.co/datasets/onyx-dot-app/EnterpriseRAG-Bench,topic:incident postmortems,,
q04228,EnterpriseRAG company topics,"AI, from a company document",dsid_4d02459dd0c54674bfebc53c1c858016,https://huggingface.co/datasets/onyx-dot-app/EnterpriseRAG-Bench,topic:incident postmortems,,
q04229,EnterpriseRAG company topics,"AI, from a company document",dsid_020e78abf7964967aadb684204233751,https://huggingface.co/datasets/onyx-dot-app/EnterpriseRAG-Bench,topic:incident postmortems,,
q04230,EnterpriseRAG company topics,"AI, from a company document",dsid_1a3566985a154963acf1fca6bf42d5ac,https://huggingface.co/datasets/onyx-dot-app/EnterpriseRAG-Bench,topic:incident postmortems,,
q04231,EnterpriseRAG company topics,"AI, from a company document",dsid_1241da7220e64445a71803cd409d105e,https://huggingface.co/datasets/onyx-dot-app/EnterpriseRAG-Bench,topic:incident postmortems,,
q04232,EnterpriseRAG company topics,"AI, from a company document",dsid_c69609d5787b4f16befd200495a88173,https://huggingface.co/datasets/onyx-dot-app/EnterpriseRAG-Bench,topic:incident postmortems,,
q04233,EnterpriseRAG company topics,"AI, from a company document",dsid_cac1f065ea0d407eae47f91ae7ca8e5f,https://huggingface.co/datasets/onyx-dot-app/EnterpriseRAG-Bench,topic:incident postmortems,,
q04234,EnterpriseRAG company topics,"AI, from a company document",dsid_3dbdf45a00d94bb4a4b6c7037f91f075,https://huggingface.co/datasets/onyx-dot-app/EnterpriseRAG-Bench,topic:incident postmortems,,
q04235,EnterpriseRAG company topics,"AI, from a company document",dsid_9b3ead802ba243248b7cd32da6091240,https://huggingface.co/datasets/onyx-dot-app/EnterpriseRAG-Bench,topic:incident postmortems,,
q04236,EnterpriseRAG company topics,"AI, from a company document",dsid_c2fa446fc5634795932f2dfdd49511e6,https://huggingface.co/datasets/onyx-dot-app/EnterpriseRAG-Bench,topic:incident postmortems,,
q04237,EnterpriseRAG company topics,"AI, from a company document",dsid_db405adbc9a242658289b0fbb085f34f,https://huggingface.co/datasets/onyx-dot-app/EnterpriseRAG-Bench,topic:incident postmortems,,
q04238,EnterpriseRAG company topics,"AI, from a company document",dsid_b1173a0ecacc44bd9690e348d66780f4,https://huggingface.co/datasets/onyx-dot-app/EnterpriseRAG-Bench,topic:incident postmortems,,
q04239,EnterpriseRAG company topics,"AI, from a company document",dsid_35d44eb5b6d641478fedce1e9ab6efbb,https://huggingface.co/datasets/onyx-dot-app/EnterpriseRAG-Bench,topic:incident postmortems,,
q04240,EnterpriseRAG company topics,"AI, public question on same topic",,https://huggingface.co/datasets/onyx-dot-app/EnterpriseRAG-Bench,topic:incident postmortems,,
q04241,EnterpriseRAG company topics,"AI, public question on same topic",,https://huggingface.co/datasets/onyx-dot-app/EnterpriseRAG-Bench,topic:incident postmortems,,
q04242,EnterpriseRAG company topics,"AI, public question on same topic",,https://huggingface.co/datasets/onyx-dot-app/EnterpriseRAG-Bench,topic:incident postmortems,,
q04243,EnterpriseRAG company topics,"AI, public question on same topic",,https://huggingface.co/datasets/onyx-dot-app/EnterpriseRAG-Bench,topic:incident postmortems,,
q04244,EnterpriseRAG company topics,"AI, public question on same topic",,https://huggingface.co/datasets/onyx-dot-app/EnterpriseRAG-Bench,topic:incident postmortems,,
q04245,EnterpriseRAG company topics,"AI, from a company document",dsid_292dc5c2f6a74f008f4a7d3b0471dbff,https://huggingface.co/datasets/onyx-dot-app/EnterpriseRAG-Bench,topic:rate limiting,,
q04246,EnterpriseRAG company topics,"AI, from a company document",dsid_706a08d4385b41f0bb49ca970c68098d,https://huggingface.co/datasets/onyx-dot-app/EnterpriseRAG-Bench,topic:rate limiting,,
q04247,EnterpriseRAG company topics,"AI, from a company document",dsid_aee2e4e3067f4b1bba3635933cc4f430,https://huggingface.co/datasets/onyx-dot-app/EnterpriseRAG-Bench,topic:rate limiting,,
q04248,EnterpriseRAG company topics,"AI, from a company document",dsid_7763eed04a344b2cabae5834f8ff7573,https://huggingface.co/datasets/onyx-dot-app/EnterpriseRAG-Bench,topic:rate limiting,,
q04249,EnterpriseRAG company topics,"AI, from a company document",dsid_c64fabaf7f524f5f862f1551c00acc73,https://huggingface.co/datasets/onyx-dot-app/EnterpriseRAG-Bench,topic:rate limiting,,
q04250,EnterpriseRAG company topics,"AI, from a company document",dsid_1dbb1268a6a749af85ac9b908f859865,https://huggingface.co/datasets/onyx-dot-app/EnterpriseRAG-Bench,topic:rate limiting,,
q04251,EnterpriseRAG company topics,"AI, from a company document",dsid_3a9f160090f842a09cc79cb77b628e43,https://huggingface.co/datasets/onyx-dot-app/EnterpriseRAG-Bench,topic:rate limiting,,
q04252,EnterpriseRAG company topics,"AI, from a company document",dsid_2c8a0d14578d4789ae96d9f993d04ae1,https://huggingface.co/datasets/onyx-dot-app/EnterpriseRAG-Bench,topic:rate limiting,,
q04253,EnterpriseRAG company topics,"AI, from a company document",dsid_8f1ef1b3d90742f7827bfada70dfa19f,https://huggingface.co/datasets/onyx-dot-app/EnterpriseRAG-Bench,topic:rate limiting,,
q04254,EnterpriseRAG company topics,"AI, from a company document",dsid_fba412bfeaa149748654c8c24531304b,https://huggingface.co/datasets/onyx-dot-app/EnterpriseRAG-Bench,topic:rate limiting,,
q04255,EnterpriseRAG company topics,"AI, from a company document",dsid_0bb1f8ad214f4d6a8004e269dd968ddd,https://huggingface.co/datasets/onyx-dot-app/EnterpriseRAG-Bench,topic:rate limiting,,
q04256,EnterpriseRAG company topics,"AI, from a company document",dsid_797d0fe677454b6b91d6c8fe2fc195f8,https://huggingface.co/datasets/onyx-dot-app/EnterpriseRAG-Bench,topic:rate limiting,,
q04257,EnterpriseRAG company topics,"AI, from a company document",dsid_6bef3d5150fc432a9f6d1520cfa2a471,https://huggingface.co/datasets/onyx-dot-app/EnterpriseRAG-Bench,topic:rate limiting,,
q04258,EnterpriseRAG company topics,"AI, from a company document",dsid_50158919488d4e2196ceca2dbf828947,https://huggingface.co/datasets/onyx-dot-app/EnterpriseRAG-Bench,topic:rate limiting,,
q04259,EnterpriseRAG company topics,"AI, from a company document",dsid_add47574bcd349ca8bd55ec4a7848117,https://huggingface.co/datasets/onyx-dot-app/EnterpriseRAG-Bench,topic:rate limiting,,
q04260,EnterpriseRAG company topics,"AI, from a company document",dsid_00179cae1d8e48a9ac116dc7d14ee3a7,https://huggingface.co/datasets/onyx-dot-app/EnterpriseRAG-Bench,topic:rate limiting,,
q04261,EnterpriseRAG company topics,"AI, from a company document",dsid_5fac4591a5de41abac8e4f685cfd7d10,https://huggingface.co/datasets/onyx-dot-app/EnterpriseRAG-Bench,topic:rate limiting,,
q04262,EnterpriseRAG company topics,"AI, from a company document",dsid_ad5fa6bd6a4c4a899f904765daa31ce4,https://huggingface.co/datasets/onyx-dot-app/EnterpriseRAG-Bench,topic:rate limiting,,
q04263,EnterpriseRAG company topics,"AI, from a company document",dsid_826f199b22de488a889b42501346f3dc,https://huggingface.co/datasets/onyx-dot-app/EnterpriseRAG-Bench,topic:rate limiting,,
q04264,EnterpriseRAG company topics,"AI, from a company document",dsid_9dc6e390074b4038ac5fc2511d057857,https://huggingface.co/datasets/onyx-dot-app/EnterpriseRAG-Bench,topic:rate limiting,,
q04265,EnterpriseRAG company topics,"AI, from a company document",dsid_48b3f07e5a494d85a68a488f99c5badb,https://huggingface.co/datasets/onyx-dot-app/EnterpriseRAG-Bench,topic:rate limiting,,
q04266,EnterpriseRAG company topics,"AI, from a company document",dsid_ae477f8cc66a4afabb4fc2fea901ffe7,https://huggingface.co/datasets/onyx-dot-app/EnterpriseRAG-Bench,topic:rate limiting,,
q04267,EnterpriseRAG company topics,"AI, from a company document",dsid_e5c375f06c71414db70895f570941081,https://huggingface.co/datasets/onyx-dot-app/EnterpriseRAG-Bench,topic:rate limiting,,
q04268,EnterpriseRAG company topics,"AI, from a company document",dsid_f21ac31332114026bd2e3e9abc5e6200,https://huggingface.co/datasets/onyx-dot-app/EnterpriseRAG-Bench,topic:rate limiting,,
q04269,EnterpriseRAG company topics,"AI, from a company document",dsid_4c9c686c513a4946b335f17a8da911f1,https://huggingface.co/datasets/onyx-dot-app/EnterpriseRAG-Bench,topic:rate limiting,,
q04270,EnterpriseRAG company topics,"AI, from a company document",dsid_22e057307ed2455b9ef0da55f24dd736,https://huggingface.co/datasets/onyx-dot-app/EnterpriseRAG-Bench,topic:rate limiting,,
q04271,EnterpriseRAG company topics,"AI, from a company document",dsid_fcf6746e971945118141f549e8acd139,https://huggingface.co/datasets/onyx-dot-app/EnterpriseRAG-Bench,topic:rate limiting,,
q04272,EnterpriseRAG company topics,"AI, from a company document",dsid_fb0d01497260418cb3932b586e2318e6,https://huggingface.co/datasets/onyx-dot-app/EnterpriseRAG-Bench,topic:rate limiting,,
q04273,EnterpriseRAG company topics,"AI, from a company document",dsid_aa98ab2cf0e5427898a2a06ba33b0438,https://huggingface.co/datasets/onyx-dot-app/EnterpriseRAG-Bench,topic:rate limiting,,
q04274,EnterpriseRAG company topics,"AI, from a company document",dsid_a936d909c36c4a26b361af08df4fdb16,https://huggingface.co/datasets/onyx-dot-app/EnterpriseRAG-Bench,topic:rate limiting,,
q04275,EnterpriseRAG company topics,"AI, public question on same topic",,https://huggingface.co/datasets/onyx-dot-app/EnterpriseRAG-Bench,topic:rate limiting,,
q04276,EnterpriseRAG company topics,"AI, public question on same topic",,https://huggingface.co/datasets/onyx-dot-app/EnterpriseRAG-Bench,topic:rate limiting,,
q04277,EnterpriseRAG company topics,"AI, public question on same topic",,https://huggingface.co/datasets/onyx-dot-app/EnterpriseRAG-Bench,topic:rate limiting,,
q04278,EnterpriseRAG company topics,"AI, public question on same topic",,https://huggingface.co/datasets/onyx-dot-app/EnterpriseRAG-Bench,topic:rate limiting,,
q04279,EnterpriseRAG company topics,"AI, public question on same topic",,https://huggingface.co/datasets/onyx-dot-app/EnterpriseRAG-Bench,topic:rate limiting,,
q04280,EnterpriseRAG company topics,"AI, from a company document",dsid_8433bfdb913e475b8f48454696ee0d29,https://huggingface.co/datasets/onyx-dot-app/EnterpriseRAG-Bench,topic:tail latency,,
q04281,EnterpriseRAG company topics,"AI, from a company document",dsid_957a86dfd195408c9be42b0390fe7699,https://huggingface.co/datasets/onyx-dot-app/EnterpriseRAG-Bench,topic:tail latency,,
q04282,EnterpriseRAG company topics,"AI, from a company document",dsid_4ef01ab2a32a4840b56dbc0f0f172098,https://huggingface.co/datasets/onyx-dot-app/EnterpriseRAG-Bench,topic:tail latency,,
q04283,EnterpriseRAG company topics,"AI, from a company document",dsid_40bfb4fd4c1645ca9ec743cdfd68f730,https://huggingface.co/datasets/onyx-dot-app/EnterpriseRAG-Bench,topic:tail latency,,
q04284,EnterpriseRAG company topics,"AI, from a company document",dsid_3ff1f1abeb0f4b168b4e80c76e47df3d,https://huggingface.co/datasets/onyx-dot-app/EnterpriseRAG-Bench,topic:tail latency,,
q04285,EnterpriseRAG company topics,"AI, from a company document",dsid_2619d808a84f469e96acb6934752a177,https://huggingface.co/datasets/onyx-dot-app/EnterpriseRAG-Bench,topic:tail latency,,
q04286,EnterpriseRAG company topics,"AI, from a company document",dsid_ba742da84c1448ed893e4a402432e33f,https://huggingface.co/datasets/onyx-dot-app/EnterpriseRAG-Bench,topic:tail latency,,
q04287,EnterpriseRAG company topics,"AI, from a company document",dsid_83b0268973cc44339fdd2b73fefa0fac,https://huggingface.co/datasets/onyx-dot-app/EnterpriseRAG-Bench,topic:tail latency,,
q04288,EnterpriseRAG company topics,"AI, from a company document",dsid_41df38b1c22f47cbb3c6556d6380b0a3,https://huggingface.co/datasets/onyx-dot-app/EnterpriseRAG-Bench,topic:tail latency,,
q04289,EnterpriseRAG company topics,"AI, from a company document",dsid_7a41a81e6be84b7da8da9498d8fe67fd,https://huggingface.co/datasets/onyx-dot-app/EnterpriseRAG-Bench,topic:tail latency,,
q04290,EnterpriseRAG company topics,"AI, from a company document",dsid_0ec73c577fd44696b0c510bbc45b7c87,https://huggingface.co/datasets/onyx-dot-app/EnterpriseRAG-Bench,topic:tail latency,,
q04291,EnterpriseRAG company topics,"AI, from a company document",dsid_e46b6ac5672d4b33bf8670afb7b410c8,https://huggingface.co/datasets/onyx-dot-app/EnterpriseRAG-Bench,topic:tail latency,,
q04292,EnterpriseRAG company topics,"AI, from a company document",dsid_fc4eda00d27c4f5b867952511a761046,https://huggingface.co/datasets/onyx-dot-app/EnterpriseRAG-Bench,topic:tail latency,,
q04293,EnterpriseRAG company topics,"AI, from a company document",dsid_ab9d9f1d67594b0593ed0aed6e096c2a,https://huggingface.co/datasets/onyx-dot-app/EnterpriseRAG-Bench,topic:tail latency,,
q04294,EnterpriseRAG company topics,"AI, from a company document",dsid_4e5f50f59ef14637a686cc7dd0371281,https://huggingface.co/datasets/onyx-dot-app/EnterpriseRAG-Bench,topic:tail latency,,
q04295,EnterpriseRAG company topics,"AI, from a company document",dsid_abddc7ac6e5e49a5a6faf22fe67fa96f,https://huggingface.co/datasets/onyx-dot-app/EnterpriseRAG-Bench,topic:tail latency,,
q04296,EnterpriseRAG company topics,"AI, from a company document",dsid_5bcc4e15b5d74f8782ee17b451a45afb,https://huggingface.co/datasets/onyx-dot-app/EnterpriseRAG-Bench,topic:tail latency,,
q04297,EnterpriseRAG company topics,"AI, from a company document",dsid_43e30774399342f7b221eff87b0be949,https://huggingface.co/datasets/onyx-dot-app/EnterpriseRAG-Bench,topic:tail latency,,
q04298,EnterpriseRAG company topics,"AI, from a company document",dsid_a94d38415c0c457488263b2246b17077,https://huggingface.co/datasets/onyx-dot-app/EnterpriseRAG-Bench,topic:tail latency,,
q04299,EnterpriseRAG company topics,"AI, from a company document",dsid_2b7abea81d02445a8297d39c56b993a4,https://huggingface.co/datasets/onyx-dot-app/EnterpriseRAG-Bench,topic:tail latency,,
q04300,EnterpriseRAG company topics,"AI, from a company document",dsid_bf306b90c94a4a4f803569de7569b390,https://huggingface.co/datasets/onyx-dot-app/EnterpriseRAG-Bench,topic:tail latency,,
q04301,EnterpriseRAG company topics,"AI, from a company document",dsid_4e095edd12264ae78ad21de17a19c14f,https://huggingface.co/datasets/onyx-dot-app/EnterpriseRAG-Bench,topic:tail latency,,
q04302,EnterpriseRAG company topics,"AI, from a company document",dsid_21349d3c912c4fa29338eed341b9d27b,https://huggingface.co/datasets/onyx-dot-app/EnterpriseRAG-Bench,topic:tail latency,,
q04303,EnterpriseRAG company topics,"AI, from a company document",dsid_adbb0b6fa4a142b1a69ab394e34277ea,https://huggingface.co/datasets/onyx-dot-app/EnterpriseRAG-Bench,topic:tail latency,,
q04304,EnterpriseRAG company topics,"AI, from a company document",dsid_dabb8f237d9246f18cd0e39cd0bde9df,https://huggingface.co/datasets/onyx-dot-app/EnterpriseRAG-Bench,topic:tail latency,,
q04305,EnterpriseRAG company topics,"AI, from a company document",dsid_a0020dad1b0d41f69d04edf89a1ce8ca,https://huggingface.co/datasets/onyx-dot-app/EnterpriseRAG-Bench,topic:tail latency,,
q04306,EnterpriseRAG company topics,"AI, from a company document",dsid_c94343a3110541698ff7f8a03279fbd4,https://huggingface.co/datasets/onyx-dot-app/EnterpriseRAG-Bench,topic:tail latency,,
q04307,EnterpriseRAG company topics,"AI, from a company document",dsid_0c3d70238d5240838b50b8d7330bbb07,https://huggingface.co/datasets/onyx-dot-app/EnterpriseRAG-Bench,topic:tail latency,,
q04308,EnterpriseRAG company topics,"AI, from a company document",dsid_0ff04fff73fc40c2bd44d0273e591cf2,https://huggingface.co/datasets/onyx-dot-app/EnterpriseRAG-Bench,topic:tail latency,,
q04309,EnterpriseRAG company topics,"AI, from a company document",dsid_8f9475ab414e4ab29ca2701285255cac,https://huggingface.co/datasets/onyx-dot-app/EnterpriseRAG-Bench,topic:tail latency,,
q04310,EnterpriseRAG company topics,"AI, public question on same topic",,https://huggingface.co/datasets/onyx-dot-app/EnterpriseRAG-Bench,topic:tail latency,,
q04311,EnterpriseRAG company topics,"AI, public question on same topic",,https://huggingface.co/datasets/onyx-dot-app/EnterpriseRAG-Bench,topic:tail latency,,
q04312,EnterpriseRAG company topics,"AI, public question on same topic",,https://huggingface.co/datasets/onyx-dot-app/EnterpriseRAG-Bench,topic:tail latency,,
q04313,EnterpriseRAG company topics,"AI, public question on same topic",,https://huggingface.co/datasets/onyx-dot-app/EnterpriseRAG-Bench,topic:tail latency,,
q04314,EnterpriseRAG company topics,"AI, public question on same topic",,https://huggingface.co/datasets/onyx-dot-app/EnterpriseRAG-Bench,topic:tail latency,,
q04315,EnterpriseRAG company topics,"AI, from a company document",dsid_008f09b40b4f420aa57c4316d420ca92,https://huggingface.co/datasets/onyx-dot-app/EnterpriseRAG-Bench,topic:access control / least privilege,,
q04316,EnterpriseRAG company topics,"AI, from a company document",dsid_7cde64bdd7874e6ea5c6a96bf5af11cd,https://huggingface.co/datasets/onyx-dot-app/EnterpriseRAG-Bench,topic:access control / least privilege,,
q04317,EnterpriseRAG company topics,"AI, from a company document",dsid_30b865c17062422096a84440f00aba2b,https://huggingface.co/datasets/onyx-dot-app/EnterpriseRAG-Bench,topic:access control / least privilege,,
q04318,EnterpriseRAG company topics,"AI, from a company document",dsid_c8690d09b19044dc9b30635eb16b77fb,https://huggingface.co/datasets/onyx-dot-app/EnterpriseRAG-Bench,topic:access control / least privilege,,
q04319,EnterpriseRAG company topics,"AI, from a company document",dsid_fb6a785cd8264d7eb695a0035aef3019,https://huggingface.co/datasets/onyx-dot-app/EnterpriseRAG-Bench,topic:access control / least privilege,,
q04320,EnterpriseRAG company topics,"AI, from a company document",dsid_9ab1258616244898977a2fc87447c9e1,https://huggingface.co/datasets/onyx-dot-app/EnterpriseRAG-Bench,topic:access control / least privilege,,
q04321,EnterpriseRAG company topics,"AI, from a company document",dsid_f125690b111647cd899471b2257b51cc,https://huggingface.co/datasets/onyx-dot-app/EnterpriseRAG-Bench,topic:access control / least privilege,,
q04322,EnterpriseRAG company topics,"AI, from a company document",dsid_1d6255db99894b2794c36318f654f085,https://huggingface.co/datasets/onyx-dot-app/EnterpriseRAG-Bench,topic:access control / least privilege,,
q04323,EnterpriseRAG company topics,"AI, from a company document",dsid_72fd782309cd4219924a0269ae7d56ac,https://huggingface.co/datasets/onyx-dot-app/EnterpriseRAG-Bench,topic:access control / least privilege,,
q04324,EnterpriseRAG company topics,"AI, from a company document",dsid_075849a3fff749329f99410ca49b8a78,https://huggingface.co/datasets/onyx-dot-app/EnterpriseRAG-Bench,topic:access control / least privilege,,
q04325,EnterpriseRAG company topics,"AI, from a company document",dsid_ccd515397da840a489931edf400f8a03,https://huggingface.co/datasets/onyx-dot-app/EnterpriseRAG-Bench,topic:access control / least privilege,,
q04326,EnterpriseRAG company topics,"AI, from a company document",dsid_7f6bd20010fb49c49c95a2f23abf5f49,https://huggingface.co/datasets/onyx-dot-app/EnterpriseRAG-Bench,topic:access control / least privilege,,
q04327,EnterpriseRAG company topics,"AI, from a company document",dsid_13efa251930b45429dd1203d183b5136,https://huggingface.co/datasets/onyx-dot-app/EnterpriseRAG-Bench,topic:access control / least privilege,,
q04328,EnterpriseRAG company topics,"AI, from a company document",dsid_4fa8cc301c5c4a2a85f7096d636a2851,https://huggingface.co/datasets/onyx-dot-app/EnterpriseRAG-Bench,topic:access control / least privilege,,
q04329,EnterpriseRAG company topics,"AI, from a company document",dsid_0b0e95e592c74ac59584dc5d0518665e,https://huggingface.co/datasets/onyx-dot-app/EnterpriseRAG-Bench,topic:access control / least privilege,,
q04330,EnterpriseRAG company topics,"AI, from a company document",dsid_b563197999d941c9b69647503d7e4654,https://huggingface.co/datasets/onyx-dot-app/EnterpriseRAG-Bench,topic:access control / least privilege,,
q04331,EnterpriseRAG company topics,"AI, from a company document",dsid_8d03c8f3b50c48459495f3a2eff888e1,https://huggingface.co/datasets/onyx-dot-app/EnterpriseRAG-Bench,topic:access control / least privilege,,
q04332,EnterpriseRAG company topics,"AI, from a company document",dsid_e959b69b424142d19bb7f3bf478e34d4,https://huggingface.co/datasets/onyx-dot-app/EnterpriseRAG-Bench,topic:access control / least privilege,,
q04333,EnterpriseRAG company topics,"AI, from a company document",dsid_e35ab52ed0924c44bb738d88860c94c1,https://huggingface.co/datasets/onyx-dot-app/EnterpriseRAG-Bench,topic:access control / least privilege,,
q04334,EnterpriseRAG company topics,"AI, from a company document",dsid_e1e7c0fa3a224303aa80b57b521cbd71,https://huggingface.co/datasets/onyx-dot-app/EnterpriseRAG-Bench,topic:access control / least privilege,,
q04335,EnterpriseRAG company topics,"AI, from a company document",dsid_2654ff3a12fc46ccaf4b2273b23a31ba,https://huggingface.co/datasets/onyx-dot-app/EnterpriseRAG-Bench,topic:access control / least privilege,,
q04336,EnterpriseRAG company topics,"AI, from a company document",dsid_caa2bdedc799422aa9680b48d0b56a4a,https://huggingface.co/datasets/onyx-dot-app/EnterpriseRAG-Bench,topic:access control / least privilege,,
q04337,EnterpriseRAG company topics,"AI, from a company document",dsid_57d48ad70b5a4de28a6c352abb854fb4,https://huggingface.co/datasets/onyx-dot-app/EnterpriseRAG-Bench,topic:access control / least privilege,,
q04338,EnterpriseRAG company topics,"AI, from a company document",dsid_4ac52ce173e8445c86c3e6bc0764cf22,https://huggingface.co/datasets/onyx-dot-app/EnterpriseRAG-Bench,topic:access control / least privilege,,
q04339,EnterpriseRAG company topics,"AI, from a company document",dsid_bd94d746dfd64440bda5d65bef272ebe,https://huggingface.co/datasets/onyx-dot-app/EnterpriseRAG-Bench,topic:access control / least privilege,,
q04340,EnterpriseRAG company topics,"AI, from a company document",dsid_54f8d91fb43d4994af563fb308f2d229,https://huggingface.co/datasets/onyx-dot-app/EnterpriseRAG-Bench,topic:access control / least privilege,,
q04341,EnterpriseRAG company topics,"AI, from a company document",dsid_9d333860080240018be24d1c1a3600db,https://huggingface.co/datasets/onyx-dot-app/EnterpriseRAG-Bench,topic:access control / least privilege,,
q04342,EnterpriseRAG company topics,"AI, from a company document",dsid_f2966a145f134eab8fe0049f740adcc0,https://huggingface.co/datasets/onyx-dot-app/EnterpriseRAG-Bench,topic:access control / least privilege,,
q04343,EnterpriseRAG company topics,"AI, from a company document",dsid_62d608870ca74c56bbe735d12d2098ac,https://huggingface.co/datasets/onyx-dot-app/EnterpriseRAG-Bench,topic:access control / least privilege,,
q04344,EnterpriseRAG company topics,"AI, from a company document",dsid_949361638d764ddd874f6e20148becad,https://huggingface.co/datasets/onyx-dot-app/EnterpriseRAG-Bench,topic:access control / least privilege,,
q04345,EnterpriseRAG company topics,"AI, public question on same topic",,https://huggingface.co/datasets/onyx-dot-app/EnterpriseRAG-Bench,topic:access control / least privilege,,
q04346,EnterpriseRAG company topics,"AI, public question on same topic",,https://huggingface.co/datasets/onyx-dot-app/EnterpriseRAG-Bench,topic:access control / least privilege,,
q04347,EnterpriseRAG company topics,"AI, public question on same topic",,https://huggingface.co/datasets/onyx-dot-app/EnterpriseRAG-Bench,topic:access control / least privilege,,
q04348,EnterpriseRAG company topics,"AI, public question on same topic",,https://huggingface.co/datasets/onyx-dot-app/EnterpriseRAG-Bench,topic:access control / least privilege,,
q04349,EnterpriseRAG company topics,"AI, public question on same topic",,https://huggingface.co/datasets/onyx-dot-app/EnterpriseRAG-Bench,topic:access control / least privilege,,
q04350,EnterpriseRAG company topics,"AI, from a company document",dsid_784b0a96379a4faba8cbfc1104a04bb7,https://huggingface.co/datasets/onyx-dot-app/EnterpriseRAG-Bench,topic:embeddings and reranking,,
q04351,EnterpriseRAG company topics,"AI, from a company document",dsid_121285cf244f4500a2f06082e1bb48b6,https://huggingface.co/datasets/onyx-dot-app/EnterpriseRAG-Bench,topic:embeddings and reranking,,
q04352,EnterpriseRAG company topics,"AI, from a company document",dsid_0a6ddbfcfb9f4938be397b74cabf72c1,https://huggingface.co/datasets/onyx-dot-app/EnterpriseRAG-Bench,topic:embeddings and reranking,,
q04353,EnterpriseRAG company topics,"AI, from a company document",dsid_7a8d4bb075684b13ab397d9ca4b67b94,https://huggingface.co/datasets/onyx-dot-app/EnterpriseRAG-Bench,topic:embeddings and reranking,,
q04354,EnterpriseRAG company topics,"AI, from a company document",dsid_10a215e5f59e4cfe8f7a3d51eb780110,https://huggingface.co/datasets/onyx-dot-app/EnterpriseRAG-Bench,topic:embeddings and reranking,,
q04355,EnterpriseRAG company topics,"AI, from a company document",dsid_e67efe8158b74d96ae79994d554d335f,https://huggingface.co/datasets/onyx-dot-app/EnterpriseRAG-Bench,topic:embeddings and reranking,,
q04356,EnterpriseRAG company topics,"AI, from a company document",dsid_3ba2b8ad9397442eaafc26e030aa0780,https://huggingface.co/datasets/onyx-dot-app/EnterpriseRAG-Bench,topic:embeddings and reranking,,
q04357,EnterpriseRAG company topics,"AI, from a company document",dsid_d8595bbf966c4bea9b204eb1466abb9f,https://huggingface.co/datasets/onyx-dot-app/EnterpriseRAG-Bench,topic:embeddings and reranking,,
q04358,EnterpriseRAG company topics,"AI, from a company document",dsid_ee2e59a4cbcd416784c747206d50fcaa,https://huggingface.co/datasets/onyx-dot-app/EnterpriseRAG-Bench,topic:embeddings and reranking,,
q04359,EnterpriseRAG company topics,"AI, from a company document",dsid_268e6aae7e4b489d897484df1a310c30,https://huggingface.co/datasets/onyx-dot-app/EnterpriseRAG-Bench,topic:embeddings and reranking,,
q04360,EnterpriseRAG company topics,"AI, from a company document",dsid_c7d34065e13245cc862bc4070b4577d2,https://huggingface.co/datasets/onyx-dot-app/EnterpriseRAG-Bench,topic:embeddings and reranking,,
q04361,EnterpriseRAG company topics,"AI, from a company document",dsid_2816235873224895b7b658e315933e0c,https://huggingface.co/datasets/onyx-dot-app/EnterpriseRAG-Bench,topic:embeddings and reranking,,
q04362,EnterpriseRAG company topics,"AI, from a company document",dsid_4579796a009541f8a44943df978259bd,https://huggingface.co/datasets/onyx-dot-app/EnterpriseRAG-Bench,topic:embeddings and reranking,,
q04363,EnterpriseRAG company topics,"AI, from a company document",dsid_77e83121e96b4df38806c5e0be0ee929,https://huggingface.co/datasets/onyx-dot-app/EnterpriseRAG-Bench,topic:embeddings and reranking,,
q04364,EnterpriseRAG company topics,"AI, from a company document",dsid_d7ecd3b83f604cfa9259576758f0cc37,https://huggingface.co/datasets/onyx-dot-app/EnterpriseRAG-Bench,topic:embeddings and reranking,,
q04365,EnterpriseRAG company topics,"AI, from a company document",dsid_9ff177258d344cbdb7e48c1bfce65a87,https://huggingface.co/datasets/onyx-dot-app/EnterpriseRAG-Bench,topic:embeddings and reranking,,
q04366,EnterpriseRAG company topics,"AI, from a company document",dsid_384371b7d1ca4cf6ad00da834a346016,https://huggingface.co/datasets/onyx-dot-app/EnterpriseRAG-Bench,topic:embeddings and reranking,,
q04367,EnterpriseRAG company topics,"AI, from a company document",dsid_7f51f038d7c04e6e91cc987467ad89bf,https://huggingface.co/datasets/onyx-dot-app/EnterpriseRAG-Bench,topic:embeddings and reranking,,
q04368,EnterpriseRAG company topics,"AI, from a company document",dsid_ef65c2b946f54f1da7b14105aec4e341,https://huggingface.co/datasets/onyx-dot-app/EnterpriseRAG-Bench,topic:embeddings and reranking,,
q04369,EnterpriseRAG company topics,"AI, from a company document",dsid_f98635d816b04cc1b5674750b0b6693e,https://huggingface.co/datasets/onyx-dot-app/EnterpriseRAG-Bench,topic:embeddings and reranking,,
q04370,EnterpriseRAG company topics,"AI, from a company document",dsid_dd9a9f193422465bbb08a0a7e1f68c27,https://huggingface.co/datasets/onyx-dot-app/EnterpriseRAG-Bench,topic:embeddings and reranking,,
q04371,EnterpriseRAG company topics,"AI, from a company document",dsid_27756d7f520c4b49900f9654881568cc,https://huggingface.co/datasets/onyx-dot-app/EnterpriseRAG-Bench,topic:embeddings and reranking,,
q04372,EnterpriseRAG company topics,"AI, from a company document",dsid_80a3b812d10546588421f42991873d20,https://huggingface.co/datasets/onyx-dot-app/EnterpriseRAG-Bench,topic:embeddings and reranking,,
q04373,EnterpriseRAG company topics,"AI, from a company document",dsid_745ffa04daa44b268082a95caf4fb612,https://huggingface.co/datasets/onyx-dot-app/EnterpriseRAG-Bench,topic:embeddings and reranking,,
q04374,EnterpriseRAG company topics,"AI, from a company document",dsid_858605270712473d96879daba575d7b5,https://huggingface.co/datasets/onyx-dot-app/EnterpriseRAG-Bench,topic:embeddings and reranking,,
q04375,EnterpriseRAG company topics,"AI, from a company document",dsid_d2828ab0846e446bb8b3388e2c4c75a9,https://huggingface.co/datasets/onyx-dot-app/EnterpriseRAG-Bench,topic:embeddings and reranking,,
q04376,EnterpriseRAG company topics,"AI, from a company document",dsid_bcb661a887fb401a9b70bb19828f473b,https://huggingface.co/datasets/onyx-dot-app/EnterpriseRAG-Bench,topic:embeddings and reranking,,
q04377,EnterpriseRAG company topics,"AI, from a company document",dsid_5100fd6dd7b342679d92aaf976cdefc6,https://huggingface.co/datasets/onyx-dot-app/EnterpriseRAG-Bench,topic:embeddings and reranking,,
q04378,EnterpriseRAG company topics,"AI, from a company document",dsid_ce19a66f3d094f62af61c7b08475277a,https://huggingface.co/datasets/onyx-dot-app/EnterpriseRAG-Bench,topic:embeddings and reranking,,
q04379,EnterpriseRAG company topics,"AI, from a company document",dsid_c899747626844814a0043d23403fd7f7,https://huggingface.co/datasets/onyx-dot-app/EnterpriseRAG-Bench,topic:embeddings and reranking,,
q04380,EnterpriseRAG company topics,"AI, public question on same topic",,https://huggingface.co/datasets/onyx-dot-app/EnterpriseRAG-Bench,topic:embeddings and reranking,,
q04381,EnterpriseRAG company topics,"AI, public question on same topic",,https://huggingface.co/datasets/onyx-dot-app/EnterpriseRAG-Bench,topic:embeddings and reranking,,
q04382,EnterpriseRAG company topics,"AI, public question on same topic",,https://huggingface.co/datasets/onyx-dot-app/EnterpriseRAG-Bench,topic:embeddings and reranking,,
q04383,EnterpriseRAG company topics,"AI, public question on same topic",,https://huggingface.co/datasets/onyx-dot-app/EnterpriseRAG-Bench,topic:embeddings and reranking,,
q04384,EnterpriseRAG company topics,"AI, public question on same topic",,https://huggingface.co/datasets/onyx-dot-app/EnterpriseRAG-Bench,topic:embeddings and reranking,,
q04385,EnterpriseRAG company topics,"AI, from a company document",dsid_bc11ec71bc784d3c9ff45ac1c952d0ab,https://huggingface.co/datasets/onyx-dot-app/EnterpriseRAG-Bench,topic:employee onboarding,,
q04386,EnterpriseRAG company topics,"AI, from a company document",dsid_dcc2d3c798b349f29ff16e51a37d44c4,https://huggingface.co/datasets/onyx-dot-app/EnterpriseRAG-Bench,topic:employee onboarding,,
q04387,EnterpriseRAG company topics,"AI, from a company document",dsid_aee1ff78f24447098efbcb6678aa8150,https://huggingface.co/datasets/onyx-dot-app/EnterpriseRAG-Bench,topic:employee onboarding,,
q04388,EnterpriseRAG company topics,"AI, from a company document",dsid_2cf18916b5e54acbb1caac11972c228c,https://huggingface.co/datasets/onyx-dot-app/EnterpriseRAG-Bench,topic:employee onboarding,,
q04389,EnterpriseRAG company topics,"AI, from a company document",dsid_8540ce6d8fe845e98ff7bdc14acae3a8,https://huggingface.co/datasets/onyx-dot-app/EnterpriseRAG-Bench,topic:employee onboarding,,
q04390,EnterpriseRAG company topics,"AI, from a company document",dsid_be8f82e3ac324c15afa67a365759dd76,https://huggingface.co/datasets/onyx-dot-app/EnterpriseRAG-Bench,topic:employee onboarding,,
q04391,EnterpriseRAG company topics,"AI, from a company document",dsid_fa03e92773ab41d9bcab873d0aae666c,https://huggingface.co/datasets/onyx-dot-app/EnterpriseRAG-Bench,topic:employee onboarding,,
q04392,EnterpriseRAG company topics,"AI, from a company document",dsid_6e3fe54b4fd844c5baa39de045844904,https://huggingface.co/datasets/onyx-dot-app/EnterpriseRAG-Bench,topic:employee onboarding,,
q04393,EnterpriseRAG company topics,"AI, from a company document",dsid_ef7b8552b14c47df8cfc632c0a439ed5,https://huggingface.co/datasets/onyx-dot-app/EnterpriseRAG-Bench,topic:employee onboarding,,
q04394,EnterpriseRAG company topics,"AI, from a company document",dsid_1abdc22972ec4e7da3dcdd1d76ce36a8,https://huggingface.co/datasets/onyx-dot-app/EnterpriseRAG-Bench,topic:employee onboarding,,
q04395,EnterpriseRAG company topics,"AI, from a company document",dsid_5fdac92ddae04fb39bdb9c9ca6add20f,https://huggingface.co/datasets/onyx-dot-app/EnterpriseRAG-Bench,topic:employee onboarding,,
q04396,EnterpriseRAG company topics,"AI, from a company document",dsid_1acdb94043104a4ca21e02b1217318f0,https://huggingface.co/datasets/onyx-dot-app/EnterpriseRAG-Bench,topic:employee onboarding,,
q04397,EnterpriseRAG company topics,"AI, from a company document",dsid_f836114718e04c4d8f05a9ef2d176a17,https://huggingface.co/datasets/onyx-dot-app/EnterpriseRAG-Bench,topic:employee onboarding,,
q04398,EnterpriseRAG company topics,"AI, from a company document",dsid_245ed53178654f7d8a17c64e133c4228,https://huggingface.co/datasets/onyx-dot-app/EnterpriseRAG-Bench,topic:employee onboarding,,
q04399,EnterpriseRAG company topics,"AI, from a company document",dsid_116d792bdfe14fe1bcbe06c0d934b725,https://huggingface.co/datasets/onyx-dot-app/EnterpriseRAG-Bench,topic:employee onboarding,,
q04400,EnterpriseRAG company topics,"AI, from a company document",dsid_b04d8e9448374fe6b15ff170f9b7d43c,https://huggingface.co/datasets/onyx-dot-app/EnterpriseRAG-Bench,topic:employee onboarding,,
q04401,EnterpriseRAG company topics,"AI, from a company document",dsid_7c6525fcaf814485a6ee6cda2a9e9630,https://huggingface.co/datasets/onyx-dot-app/EnterpriseRAG-Bench,topic:employee onboarding,,
q04402,EnterpriseRAG company topics,"AI, from a company document",dsid_4d8594abb8da4b1b8e5ec0d4afb6da56,https://huggingface.co/datasets/onyx-dot-app/EnterpriseRAG-Bench,topic:employee onboarding,,
q04403,EnterpriseRAG company topics,"AI, from a company document",dsid_3751d449139c41bf8e02fd62e5d46939,https://huggingface.co/datasets/onyx-dot-app/EnterpriseRAG-Bench,topic:employee onboarding,,
q04404,EnterpriseRAG company topics,"AI, from a company document",dsid_4fa02b053af24ca38e69f7a10fb6dc69,https://huggingface.co/datasets/onyx-dot-app/EnterpriseRAG-Bench,topic:employee onboarding,,
q04405,EnterpriseRAG company topics,"AI, from a company document",dsid_0cb0a1166f4f415c81dcdec2ae9feb3c,https://huggingface.co/datasets/onyx-dot-app/EnterpriseRAG-Bench,topic:employee onboarding,,
q04406,EnterpriseRAG company topics,"AI, from a company document",dsid_4eb1facd8ea545468339e37a73ef42e2,https://huggingface.co/datasets/onyx-dot-app/EnterpriseRAG-Bench,topic:employee onboarding,,
q04407,EnterpriseRAG company topics,"AI, from a company document",dsid_37a76ee7d24b41399885248acfe7607a,https://huggingface.co/datasets/onyx-dot-app/EnterpriseRAG-Bench,topic:employee onboarding,,
q04408,EnterpriseRAG company topics,"AI, from a company document",dsid_753b5970f1c241838254d0a586149516,https://huggingface.co/datasets/onyx-dot-app/EnterpriseRAG-Bench,topic:employee onboarding,,
q04409,EnterpriseRAG company topics,"AI, from a company document",dsid_5303bbaee53842029858179010746b5a,https://huggingface.co/datasets/onyx-dot-app/EnterpriseRAG-Bench,topic:employee onboarding,,
q04410,EnterpriseRAG company topics,"AI, from a company document",dsid_24b8e1d419804780ba214046b9752680,https://huggingface.co/datasets/onyx-dot-app/EnterpriseRAG-Bench,topic:employee onboarding,,
q04411,EnterpriseRAG company topics,"AI, from a company document",dsid_f389f0043dc7428eb7c8740285c52e2d,https://huggingface.co/datasets/onyx-dot-app/EnterpriseRAG-Bench,topic:employee onboarding,,
q04412,EnterpriseRAG company topics,"AI, from a company document",dsid_fe13b1d97ff24280ba52cd0c2e8d16c4,https://huggingface.co/datasets/onyx-dot-app/EnterpriseRAG-Bench,topic:employee onboarding,,
q04413,EnterpriseRAG company topics,"AI, from a company document",dsid_ae102ddaf2cb4dc199756dbacaeffc4a,https://huggingface.co/datasets/onyx-dot-app/EnterpriseRAG-Bench,topic:employee onboarding,,
q04414,EnterpriseRAG company topics,"AI, from a company document",dsid_9a8883745aa945b6bac9980a2afeee7b,https://huggingface.co/datasets/onyx-dot-app/EnterpriseRAG-Bench,topic:employee onboarding,,
q04415,EnterpriseRAG company topics,"AI, public question on same topic",,https://huggingface.co/datasets/onyx-dot-app/EnterpriseRAG-Bench,topic:employee onboarding,,
q04416,EnterpriseRAG company topics,"AI, public question on same topic",,https://huggingface.co/datasets/onyx-dot-app/EnterpriseRAG-Bench,topic:employee onboarding,,
q04417,EnterpriseRAG company topics,"AI, public question on same topic",,https://huggingface.co/datasets/onyx-dot-app/EnterpriseRAG-Bench,topic:employee onboarding,,
q04418,EnterpriseRAG company topics,"AI, public question on same topic",,https://huggingface.co/datasets/onyx-dot-app/EnterpriseRAG-Bench,topic:employee onboarding,,
q04419,EnterpriseRAG company topics,"AI, public question on same topic",,https://huggingface.co/datasets/onyx-dot-app/EnterpriseRAG-Bench,topic:employee onboarding,,
