id,question,labels,question_type,origin,split
q00001,"When a KTable reuses its source topic as changelog and the task writes back to it, why does the checkpoint use the produced offset?",jira,Implied source,Apache Kafka Jira,train
q00002,"Why are some newly created Okta provisioned users getting a 403 when accessing the model observability metrics or dashboard, and what was the underlying type mismatch causing the missing role mapping?",jira,Implied source,EnterpriseRAG-Bench,train
q00003,"List every internal communication thread (email, Slack, and meeting notes) about the the company Private upgrade 'rollback loop' bug (including references to RRB-17 or 'stuck rollback').",slack|notion|gmail,Multiple sources,EnterpriseRAG-Bench,train
q00004,"Old design for pinning the controller to a preferred broker, on confluence?",confluence,Names the source,Apache Kafka Confluence,train
q00005,Design detail from KIP-631 for the quorum-based controller replacing ZooKeeper metadata storage?,confluence,Implied source,Apache Kafka Confluence,train
q00006,What was the temporary mitigation applied to the internal load balancer serving the gen-infer VIPs around 03:40 UTC that immediately reduced TCP retransmits?,slack,Unclear source,EnterpriseRAG-Bench,train
q00007,who mailed me yesterday,gmail,Implied source,MASSIVE,train
q00008,"Not the upgrade guide, I need the jira about new topics being unavailable after moving brokers to 3.7 with JBOD.",jira,Excludes a source,Apache Kafka Jira,train
q00009,What were the statements discussed by the members?,notion,Implied source,QMSum,train
q00010,"Streamed video in the browser fails only in fullscreen even with drivers installed, did anyone get to the bottom of it?",slack,Implied source,Ubuntu help chat,train
q00011,My banking information for payouts hasnt been updated for a couple of weeks. I need help with identifying if theres an issue with the verification process for my individual account or if the details were not updated correctly.,kb,Implied source,WixQA,train
q00012,list the received emails recently in alphabetical order,gmail,Names the source,MASSIVE,train
q00013,Any updates on the product roadmap for next quarter?,confluence,Implied source,Hard cases (generated),train
q00014,help me to roll over my 401k,kb,Implied source,CLINC150,train
q00015,what's the reasoning for making the scala case classes final,confluence,Implied source,Apache Kafka Confluence,train
q00016,The Latady Mountains lie west of a large inlet that is on the southwestern side of what peninsula?,web,Implied source,ConcurrentQA,train
q00017,"nice, excellent!",,Small talk,CLINC150,train
q00018,how to direct a domain back to a site from Squarespace,kb,Implied source,WixQA,train
q00019,"Proposal for rack-aware min in-sync replicas, the design doc, not a jira.",confluence,Excludes a source,Apache Kafka Confluence,train
q00020,What did D think about the experimental setup of the computer navigation system?,notion,Implied source,QMSum,train
q00021,Is dist-upgrading to a pre-release version a good idea? Someone asked about just swapping the codename in sources.list,slack,Implied source,Ubuntu help chat,train
q00022,how to cancel a payment for a Premium plan,kb,Implied source,WixQA,train
q00023,What's left on the opt-in header-aware state stores in the DSL that didn't make the 4.3 release?,jira,Implied source,Apache Kafka Jira,train
q00024,How can you tell if desktop effects are actually on? There was a keyboard trick someone shared,slack,Implied source,Ubuntu help chat,train
q00025,What did the meeting discuss about the mental and emotional health of young people?,notion,Implied source,QMSum,train
q00026,Cloning a 110GB ext3 music drive to a second backup: which tool came recommended in that slack thread?,slack,Names the source,Ubuntu help chat,train
q00027,who is the quarterback for the green bay packers,web,Implied source,Natural Questions,train
q00028,What was the deadline and time zone for paying into the office fantasy football playoff pickem?,slack,Implied source,EnterpriseRAG-Bench,train
q00029,Are installation manuals for new users available?,kb,Implied source,Hard cases (generated),train
q00030,What config was proposed to control the client socket connection timeout instead of relying on tcp_syn_retries?,confluence,Implied source,Apache Kafka Confluence,train
q00031,how can i set up direct deposit,kb,Implied source,CLINC150,train
q00032,when did muhammad ali win an olympic gold medal,web,Implied source,Natural Questions,train
q00033,"In the incident writeup about KV cache ghost entries causing gradual memory growth and OOM during a surge, what metric name was added for counting when the sanitizer finds negative refcounts?",jira,Unclear source,EnterpriseRAG-Bench,train
q00034,olly do i have any new email from ryan,gmail,Names the source,MASSIVE,train
q00035,Find me the ticket on consumer offsets being deleted 7 days after the last commit even when the group isn't empty.,jira,Names the source,Apache Kafka Jira,train
q00036,remind me when mom sends me an email,gmail,Names the source,MASSIVE,train
q00037,What are the current obstacles holding back the authentication module?,jira,Implied source,Hard cases (generated),train
q00038,when did the united states start using the death penalty,web,Implied source,Natural Questions,train
q00039,I want to know how to add a subscribe form to my site.,kb,Implied source,WixQA,train
q00040,"In the SOC2 readiness notes, what log retention duration is mentioned as a risk for some environments?",notion,Names the source,EnterpriseRAG-Bench,train
q00041,where does the optic nerve cross the midline ​,web,Implied source,Natural Questions,train
q00042,your date of birth,,Small talk,CLINC150,train
q00043,What was the structure of the Bayes-net discussed.,notion,Implied source,QMSum,train
q00044,check for new email,gmail,Names the source,MASSIVE,train
q00045,Check gmal for the latest invoice from TechGear vendor.,gmail,Implied source,Hard cases (generated),train
q00046,"In a post-install script, how did they recommend switching to a newly created user when su complained about needing a terminal?",slack,Implied source,Ubuntu help chat,train
q00047,What was the appearance of the prototype as shared in the presentation?,notion,Implied source,QMSum,train
q00048,help microphone,web,Implied source,MASSIVE,train
q00049,Is there a proposal for a protobuf message formatter in the console consumer?,confluence,Implied source,Apache Kafka Confluence,train
q00050,"In the hosted API incident in late April 2026 where streaming requests started returning 502/504 and non-streaming requests also saw a sharp tail-latency increase, what was the underlying trigger (involving an edge keepalive/connection-TTL change) and what immediate mitigations were used to restore service?",notion,Unclear source,EnterpriseRAG-Bench,train
q00051,what is the meaning of a stethoscope,web,Implied source,MASSIVE,train
q00052,Im experiencing issues with the mobile view of my site. Elements are misplaced and some are overlapping.,kb,Implied source,WixQA,train
q00053,what is your nationality,,Small talk,CLINC150,train
q00054,i wanna know my next paycheck,kb,Implied source,CLINC150,train
q00055,Im looking to create an automation for a standard our platform form.,kb,Implied source,WixQA,train
q00056,"What is the name of the board game show on Youtube that is hosted by the author of the book ""Dancing Barefoot"" that was illustrated by Ben Claassen III?",web,Implied source,ConcurrentQA,train
q00057,when did the jurassic park movies come out,web,Implied source,Natural Questions,train
q00058,What happened to the task about updating log-start-offset in the RLM task from the earliest leader epoch in remote storage?,jira,Implied source,Apache Kafka Jira,train
q00059,Is there another way to say that?,,Small talk,Hard cases (generated),train
q00060,Why did Llyr Gruffydd disagree with Eluned Morgan when discussing the official commitments to help the Wales universities to get through the transition period?,notion,Implied source,QMSum,train
q00061,"For the EU production rollout of a card-industry regulated bank, can you provide a tamper-evident proof package for a 3-day early-March 2026 activity export to their file-drop security tool that lets them verify no per-call audit records were lost or reordered (including a hardware-backed signed index and local validation steps)?",jira,Implied source,EnterpriseRAG-Bench,train
q00062,The window store supplier exposes segment count but caching needs the interval — what change was proposed?,confluence,Implied source,Apache Kafka Confluence,train
q00063,chase account options direct deposit,kb,Implied source,CLINC150,train
q00064,Did everyone agree on the timeline for the new feature rollout?,slack,Implied source,Hard cases (generated),train
q00065,How did Streams stop talking to ZooKeeper directly for creating internal topics?,confluence,Implied source,Apache Kafka Confluence,train
q00066,What’s the status update for the product release we discussed in today's check-in?,slack,Implied source,Hard cases (generated),train
q00067,"After a recent refactor to request grouping and the per request memoization layer, what is the specific risk if the cache key canonicalization now treats a trailing slash differently between callers, especially in a multi customer environment?",notion,Unclear source,EnterpriseRAG-Bench,train
q00068,What did Marketing suggest to do when discussing the function of the new remote control and why?,notion,Implied source,QMSum,train
q00069,read the email sent by this contact,gmail,Names the source,MASSIVE,train
q00070,"In our internal admin UI, what are the requirements for a small collapsible tenant sidebar that summarizes inter-region service connectivity and recent liveness, highlights the three most important issues, and includes guarded remediation actions plus an estimated failover cost impact?",jira,Implied source,EnterpriseRAG-Bench,train
q00071,do you have a name,,Small talk,CLINC150,train
q00072,who wrote cant get you out of my head lyrics,web,Implied source,Natural Questions,train
q00073,Taking a dd image through bzip2 kept failing; how did EvoGamer end up solving it?,slack,Implied source,Ubuntu help chat,train
q00074,what nba player has scored the most 3 pointers,web,Implied source,Natural Questions,train
q00075,who assassinated lincoln,web,Implied source,MASSIVE,train
q00076,"In the Adaptive Log Zipper rollout plan, what dependency blocks per-tenant admission signaling in the edge gateway and what fallback mode is planned until it is added?",jira,Implied source,EnterpriseRAG-Bench,train
q00077,Is there an update on improvements for mobile app usability for next release?,jira,Implied source,Hard cases (generated),train
q00078,What steps should a customer take to verify their account?,kb,Implied source,Hard cases (generated),train
q00079,Where can customers find guidance on integrating third-party services?,kb,Implied source,Hard cases (generated),train
q00080,"Across all incident postmortems, which the company team was assigned the most follow-up action items?",confluence,Names the source,EnterpriseRAG-Bench,train
q00081,check emails from cindy,gmail,Names the source,MASSIVE,train
q00082,"When a newcomer asked for the best programs to install, where did they get pointed for package popularity stats?",slack,Implied source,Ubuntu help chat,train
q00083,What is the operator procedure to put a private deployment tenant into local-only telemetry mode and how can you verify the mode afterward?,confluence,Implied source,EnterpriseRAG-Bench,train
q00084,"In the notes about keeping long, stop-and-go chat sessions cheap without replaying the whole history, what storage setup and time-to-live were proposed for keeping the compact per-session state for recent sessions versus longer retention?",notion,Names the source,EnterpriseRAG-Bench,train
q00085,How does the proposed multi-region traffic controller proactively avoid tail-latency blowups by warming likely failover locations ahead of time and using a three-level degrade/shed mechanism before hard failures occur?,jira,Implied source,EnterpriseRAG-Bench,train
q00086,What caused the nightly evaluation cron jobs in the production us-east cluster to fail with an invalid refresh token error after an identity provider policy change?,jira,Implied source,EnterpriseRAG-Bench,train
q00087,"In the recent SDK update that made streaming behave the same across Python, TypeScript, and Go, what is the new wrapper layer called that handles automatic reauthentication on expired credentials and lets a client resume a dropped stream using a small persisted checkpoint token?",jira,Implied source,EnterpriseRAG-Bench,train
q00088,check my gmail for the email from HR regarding the benefits enrollment deadline,gmail,Names the source,Hard cases (generated),train
q00089,is there a ticket for MirrorSourceConnector creating a new ReplicationPolicy instance for every remote topic?,jira,Names the source,Apache Kafka Jira,train
q00090,Check if the final decision on the API integration aligns with the meeting notes summary.,slack|notion,Multiple sources,Hard cases (generated),train
q00091,Thanks for your assistance today.,,Small talk,Hard cases (generated),train
q00092,"Find the current assignee for the customer feedback tool enhancement, and locate the RFC for the user feedback process.",jira|confluence,Multiple sources,Hard cases (generated),train
q00093,What telemetry events and alert threshold are required to monitor streaming responses when a downstream tool call fails but the system continues with degraded output?,jira,Implied source,EnterpriseRAG-Bench,train
q00094,Who is coordinating the beta release feedback summary?,slack,Implied source,Hard cases (generated),train
q00095,has tom emailed me,gmail,Implied source,MASSIVE,train
q00096,Piz Minschun is a Swiss mountain in a range of the alps that also spreads into which two Austrian states?,web,Implied source,ConcurrentQA,train
q00097,I would like to do a refund on the website,kb,Implied source,WixQA,train
q00098,am i talking with real person or ai,,Small talk,CLINC150,train
q00099,"When a production model experiment shows a sustained increase in harmful output warnings for two evaluation windows, what automated actions should the platform take regarding traffic shifting and incident/oncall notifications?",jira,Unclear source,EnterpriseRAG-Bench,train
q00100,Summary of the recent quality checks on the new dashboard?,jira,Implied source,Hard cases (generated),train
q00101,"In our staging cluster, checkpoint downloads sometimes hang when resuming with an HTTP Range request to a cloud storage signed URL; what unexpected HTTP status code is sometimes returned instead of partial content that triggers the stall?",notion,Unclear source,EnterpriseRAG-Bench,train
q00102,The city that Lasek lies approximately 74 km west of is the capital of what country?,web,Implied source,ConcurrentQA,train
q00103,Machine hangs on a black screen at boot after a clean install and updates. What did people suggest checking?,slack,Implied source,Ubuntu help chat,train
q00104,Why did we want quotas to be pluggable instead of only the built-in user and client-id levels on the brokers?,confluence,Implied source,Apache Kafka Confluence,train
q00105,how to edit the book a room,kb,Implied source,WixQA,train
q00106,What did the user interface designer recommend when discussing the casing material of the product and why?,notion,Implied source,QMSum,train
q00107,"Not the jira ticket, what command did they recommend in chat to check the running kernel version?",slack,Excludes a source,Ubuntu help chat,train
q00108,alexa do i have any new emails,gmail,Names the source,MASSIVE,train
q00109,any new email from the boss,gmail,Names the source,MASSIVE,train
q00110,Not the upgrade notes; I want the bug where going from Streams 3.2.3 to 3.3.2 throws SubscriptionWrapper incompatible version. How was it fixed?,jira,Excludes a source,Apache Kafka Jira,train
q00111,"Our exactly-once Streams apps hang at InitProducerId after a rolling broker restart; not the wiki runbook, the bug report. Any workaround?",jira,Excludes a source,Apache Kafka Jira,train
q00112,What are the storage limits for each account tier?,kb,Implied source,Hard cases (generated),train
q00113,tell me some trivia about sweat,web,Implied source,CLINC150,train
q00114,what can i address you,,Small talk,CLINC150,train
q00115,What did Bains say about the threshold for the wage subsidy program and loan refinancing?,notion,Implied source,QMSum,train
q00116,Locate the conversation about the new pricing model and confirm if we've sent the onboarding details to the new partner.,slack|gmail,Multiple sources,Hard cases (generated),train
q00117,"Finance is seeing QTD blended $/1M output tokens jump. How do we verify whether its a rate card change or a streaming output token undercount, and what is the backfill and escalation path?",confluence,Implied source,EnterpriseRAG-Bench,train
q00118,"What's the status of the sprint backlog, and can I have the meeting notes from last week's planning session?",jira|notion,Multiple sources,Hard cases (generated),train
q00119,Request the talks about extending support hours with the third-party call center.,gmail,Implied source,Hard cases (generated),train
q00120,What are the refund policies for Premium or Studio plans?,kb,Implied source,WixQA,train
q00121,Summarize the discussion on feature classification,notion,Implied source,QMSum,train
q00122,refresh email inbox,gmail,Names the source,MASSIVE,train
q00123,"In the GPU inference runtime that mixes tiny chat requests with very long prompt processing, what is the target reduction for worst case per token latency on the latency sensitive traffic while keeping overall throughput loss under about ten percent?",jira,Implied source,EnterpriseRAG-Bench,train
q00124,what might i need to do to direct deposit my paycheck,kb,Implied source,CLINC150,train
q00125,abbreviated name of the highest peak in tasmania,web,Implied source,Natural Questions,train
q00126,Im using Payments and Im trying to figure out where my payments are going.,kb,Implied source,WixQA,train
q00127,Add a Jira ticket for the incident from last night's deploy.,jira,Names the source,Hard cases (generated),train
q00128,I need to know how to transfer the edited page from the copy version of my site to the original version.,kb,Implied source,WixQA,train
q00129,do i have new emails from john,gmail,Names the source,MASSIVE,train
q00130,when is the deadline for the current Jira sprint?,jira,Names the source,Hard cases (generated),train
q00131,Who is responsible for signing off on latency regression in the weekly customer rollout tracker for Nimbus Health?,notion,Names the source,EnterpriseRAG-Bench,train
q00132,How was API version discovery between clients and brokers originally designed?,confluence,Implied source,Apache Kafka Confluence,train
q00133,Could you find something about that recent update?,kb|notion,Multiple sources,Hard cases (generated),train
q00134,"mongod.service fails to load on 15.10 after installing mongodb, did anyone figure out why?",slack,Implied source,Ubuntu help chat,train
q00135,good looking out,,Small talk,CLINC150,train
q00136,what new messages do i have,gmail,Implied source,MASSIVE,train
q00137,natural resources can be divided into what two categories,web,Implied source,Natural Questions,train
q00138,"In a private deployment, we saw a security bug where an RBAC exclusion rule (meant to block admin/superuser access) allowed access to an admin route when a JWT omitted the entitlements claim in mid-March 2026. What was the root cause in the policy evaluator, and what were the immediate workaround and the server-side fix plus rollout timeline?",jira,Implied source,EnterpriseRAG-Bench,train
q00139,What object is depicted on the coat of arms of the capital of the voivodeship in which the village of Kobyłki Duże is located?,web,Implied source,ConcurrentQA,train
q00140,What does the wiki say about incremental batch processing in Streams?,confluence,Names the source,Apache Kafka Confluence,train
q00141,Why doesn't deleting a topic trigger a rebalance for groups subscribed via regex in the new protocol?,jira,Implied source,Apache Kafka Jira,train
q00142,"In the engineering rollout chat about deprecating v2, what was the start time and region for the initial canary deployment and what traffic ramp was planned?",slack,Names the source,EnterpriseRAG-Bench,train
q00143,Where to find the current work split regarding customer feedback analysis?,jira,Implied source,Hard cases (generated),train
q00144,not the confluence postmortem — is there a bug for the producer still using the old IP after a broker's address got reassigned to another cluster?,jira,Excludes a source,Apache Kafka Jira,train
q00145,Where's the syslog located? Someone answered this in the help channel,slack,Names the source,Ubuntu help chat,train
q00146,I need to connect the elements on my dynamic item page to the correct fields in my CMS collection. Im looking for guidance on how to do this in Editor.,kb,Implied source,WixQA,train
q00147,is there a noiton page on expenses,notion,Implied source,Hard cases (hand-written),train
q00148,batman the enemy with episode 5 release date,web,Implied source,Natural Questions,train
q00149,"Rather than the release notes, show me the bug for AccessDeniedException on Windows when fsyncing the parent directory after upgrading to 3.0.",jira,Excludes a source,Apache Kafka Jira,train
q00150,"Im having trouble with my URL not indexing on Google. The URL inspection says the URL is available to Google and can be indexed, but its still not indexing.",kb,Implied source,WixQA,train
q00151,who is opening for little mix glory days tour,web,Implied source,Natural Questions,train
q00152,Check if the new holiday policy draft was discussed last week and see if there’s a meeting note on the policy updates.,slack|notion,Multiple sources,Hard cases (generated),train
q00153,how many times has adel gone diamond,web,Implied source,MASSIVE,train
q00154,"I need all the available info on the Avalanche pricing update: communications, work tickets, and customer help docs.",kb|jira|slack,Multiple sources,Hard cases (generated),train
q00155,who gave a speech to the democratic national convention in 1984,web,Implied source,Natural Questions,train
q00156,Why do client request timeouts fire when the request was just sitting queued behind another one on the same connection?,jira,Implied source,Apache Kafka Jira,train
q00157,how young are you,,Small talk,CLINC150,train
q00158,olly please check if i got any emails from mom,gmail,Names the source,MASSIVE,train
q00159,compatibility plan for renaming the confusing tiered storage metrics?,confluence,Implied source,Apache Kafka Confluence,train
q00160,Guidelines for setting up two-factor authentication on my profile.,kb,Implied source,Hard cases (generated),train
q00161,how do you say your name,,Small talk,CLINC150,train
q00162,"After moving a HIPAA customers production private VPC environment to a new internal token exchange service, why would an automation-run service identity start getting 403s when trying to act on behalf of a human admin for user management, even though the same action works with the humans own token?",jira,Implied source,EnterpriseRAG-Bench,train
q00163,"Making a shortcut to a .sh script on the desktop, what options were given?",slack,Implied source,Ubuntu help chat,train
q00164,Directions needed for customers to cancel their subscription online.,kb,Implied source,Hard cases (generated),train
q00165,tell me who programmed you,,Small talk,CLINC150,train
q00166,Does controller replacement allow adding a new controller before removing the old one?,jira,Implied source,Apache Kafka Jira,train
q00167,how long will it take to approve my number after I resubmit my registration,kb,Implied source,WixQA,train
q00168,Did we set a date for the all-hands meeting discussed earlier?,slack,Implied source,Hard cases (generated),train
q00169,Could you simplify what was just said?,,Small talk,Hard cases (generated),train
q00170,What was the advantage of using Noisy-ORs?,notion,Implied source,QMSum,train
q00171,any source other than the docs on the outage,kb|jira|slack|gmail,Excludes a source,Hard cases (hand-written),train
q00172,What are the terms of the free trial offered?,kb,Implied source,Hard cases (generated),train
q00173,i'm back any new emails since i left,gmail,Names the source,MASSIVE,train
q00174,"What are the current suppression rules and cooldown windows for PLG signals (especially intent-only), and how do they prevent HubSpot task creation after cases like Quartz Commerce?",jira|confluence|notion,Multiple sources,EnterpriseRAG-Bench,train
q00175,Can you rephrase the last response?,,Small talk,Hard cases (generated),train
q00176,is it true your a real person,,Small talk,CLINC150,train
q00177,"i need some help with transferring my 401k, can you help",kb,Implied source,CLINC150,train
q00178,see you soon,,Small talk,CLINC150,train
q00179,"commits during reconciliation always timing out on the async consumer in 3.7, why",jira,Implied source,Apache Kafka Jira,train
q00180,is there any email with subject,gmail,Names the source,MASSIVE,train
q00181,how many birthdays have you had,,Small talk,CLINC150,train
q00182,"Why would installing collectd on a server pull in GTK libraries? Not looking for the jira ticket, just what people said",slack,Excludes a source,Ubuntu help chat,train
q00183,show emails about contract,gmail,Names the source,MASSIVE,train
q00184,"Thanks, that's all I needed!",,Small talk,Hard cases (generated),train
q00185,What did the group say on portable equipment?,notion,Implied source,QMSum,train
q00186,What was the root cause of the customer invoice overcharge where an organization-wide promotional credit was mistakenly redistributed as charges across multiple child accounts during a billing reconciliation run in a hybrid dedicated plus hosted setup?,jira,Implied source,EnterpriseRAG-Bench,train
q00187,What should be done when a customer gets a license expiration notice?,kb,Implied source,Hard cases (generated),train
q00188,did you receive this person email,gmail,Names the source,MASSIVE,train
q00189,thank you for your help,,Small talk,CLINC150,train
q00190,"In our incident response process, what is the rule for when a quick time-boxed after-action review is acceptable instead of writing the full formal analysis, based on impact duration and whether the issue hit one customer versus many?",confluence,Implied source,EnterpriseRAG-Bench,train
q00191,What is the recommended emergency action to temporarily simplify routing policy rules when the edge route agent is causing high evaluation latency and end to end latency spikes?,notion,Unclear source,EnterpriseRAG-Bench,train
q00192,Reasoning behind replacing the client supplier interface in Streams with an interceptor?,confluence,Implied source,Apache Kafka Confluence,train
q00193,What changes are proposed to WindowRangeQuery for fetching a key range over a time range?,confluence,Implied source,Apache Kafka Confluence,train
q00194,Why was the default zookeeper session timeout raised from 6 seconds?,confluence,Implied source,Apache Kafka Confluence,train
q00195,set up a direct deposit,kb,Implied source,CLINC150,train
q00196,"Fast tier p99 is regressing in canary, what SLO targets and abort criteria apply and what rollback steps should we take? Which dashboards and reason codes should we use to confirm whether admission control or requeue behavior is causing it.",jira|confluence|slack|notion,Multiple sources,EnterpriseRAG-Bench,train
q00197,"Which GPU cluster or pool was flagged as having relatively low average usage but high churn, making its free capacity unreliable during a specific morning UTC window?",notion,Unclear source,EnterpriseRAG-Bench,train
q00198,how can i get new insurance,kb,Implied source,CLINC150,train
q00199,Where can users find step-by-step instructions to integrate with our API?,kb,Implied source,Hard cases (generated),train
q00200,what does obsessed mean,web,Implied source,MASSIVE,train
q00201,what states do not allow daylight savings time,web,Implied source,Natural Questions,train
q00202,how much venom can a king cobra produce,web,Implied source,Natural Questions,train
q00203,Where did folks point a beginner who wanted to learn copying and moving files from the command line?,slack,Implied source,Ubuntu help chat,train
q00204,what does confrontation mean,web,Implied source,CLINC150,train
q00205,see if you can find out more on what we discussed,slack|notion,Multiple sources,Hard cases (generated),train
q00206,Why did the producer move to a sticky partitioner for records without keys?,confluence,Implied source,Apache Kafka Confluence,train
q00207,define thoroughbred,web,Implied source,CLINC150,train
q00208,How do I enable dark mode on the platform?,kb,Implied source,Hard cases (generated),train
q00209,i am in need of my w2 for tax reasons; provide me where to get it,kb,Implied source,CLINC150,train
q00210,i'd like to hear a fun fact about the nfl,web,Implied source,CLINC150,train
q00211,is there any email from my contacts,gmail,Names the source,MASSIVE,train
q00212,Check gmail for recent customer escalation emails; need to compare with what's in kb.,kb|gmail,Multiple sources,Hard cases (generated),train
q00213,What did Hon. Ahmed Hussen think about the bill for the disabilities?,notion,Implied source,QMSum,train
q00214,not the vim docs - what did ppl say in chat to someone who couldnt type anything in vi?,slack,Excludes a source,Ubuntu help chat,train
q00215,what is the average per capita income between asia and europe people,web,Implied source,MASSIVE,train
q00216,Looking for the detailed steps for our new hire onboarding process.,confluence,Implied source,Hard cases (generated),train
q00217,Summarize Project Manager's opinions towards the idea of a programmable remote control when discussing details on the new remote control style and the plan for the next meeting.,notion,Implied source,QMSum,train
q00218,What was identified as the root cause of the intermittent VPN connectivity blackholes and duplicate IP warnings for users on the corporate Wi-Fi in the SF2 building behind a specific edge switch?,jira,Implied source,EnterpriseRAG-Bench,train
q00219,Can ACL host fields match an IP subnet instead of exact addresses? Is there a request for it?,jira,Implied source,Apache Kafka Jira,train
q00220,Can you pull the onboarding checklist from notion and any related employee questions in slack?,slack|notion,Multiple sources,Hard cases (generated),train
q00221,I'd like to see the latest correspondence with the vendor regarding software licensing and also pull up the knowledge base section on upgrading our service plan.,kb|gmail,Multiple sources,Hard cases (generated),train
q00222,"What are the initial weighting percentages for the signals used in the Model Resilience Propensity Index, before the 4-week recalibration?",jira,Unclear source,EnterpriseRAG-Bench,train
q00223,how to remove a payment method,kb,Implied source,WixQA,train
q00224,"Changing the default player for .wav files to vlc: what did people suggest, and did it actually work?",slack,Implied source,Ubuntu help chat,train
q00225,What did Project Manager think of the necessity of setting the selling target?,notion,Implied source,QMSum,train
q00226,"What noise range is considered normal in the company cafeteria during the day, and what short-term maximum is allowed at lunch?",confluence,Implied source,EnterpriseRAG-Bench,train
q00227,do you have a birth date,,Small talk,CLINC150,train
q00228,"Summarize presentations on the conceptual specification of components, properties and materials of user interface, trend watching.",notion,Implied source,QMSum,train
q00229,The band Ramshackle have collaborated with a rapper from Brixton who is the lead singer of which band?,web,Implied source,ConcurrentQA,train
q00230,Could you summarize our discussion so far?,,Small talk,Hard cases (generated),train
q00231,What did the group think of safety design when discussing the design of remote control for children?,notion,Implied source,QMSum,train
q00232,Has any customer other than Kestrel Labs reported timeouts specifically when using the JSON-schema structured output feature on the hosted API?,jira|confluence|slack|notion|gmail,Multiple sources,EnterpriseRAG-Bench,train
q00233,Find in jira the list of open epics related to billing and see if there's a kb section that addresses common billing questions.,kb|jira,Multiple sources,Hard cases (generated),train
q00234,Please find the latest outreach from the analytics consultant on the ongoing project.,gmail,Implied source,Hard cases (generated),train
q00235,When are signups due for the informal company softball team being organized for summer?,slack,Implied source,EnterpriseRAG-Bench,train
q00236,where can i find that tax form my employer gives me,kb,Implied source,CLINC150,train
q00237,Summarize the discussion about the new requirement and basic functions.,notion,Implied source,QMSum,train
q00238,"Setting up a lamp stack for web dev on 14.04 - install separately or as one package? Not the confluence setup guide, the chat answer",slack,Excludes a source,Ubuntu help chat,train
q00239,who lasted the longest in the royal rumble,web,Implied source,Natural Questions,train
q00240,Danny Burstein acted in a Broadway play in 2010; who directed the movie it was based on?,web,Implied source,ConcurrentQA,train
q00241,Find what was said about the problem you mentioned.,kb|notion,Multiple sources,Hard cases (generated),train
q00242,The family of spiders which has the Haplotmarus genus has over how many species?,web,Implied source,ConcurrentQA,train
q00243,"In a production incident during a staggered canary rollout in us-east-1, what ordering change was made to the autoscaler prewarm handshake to stop some tenant-pinned traffic from getting routed to an older model variant?",jira,Implied source,EnterpriseRAG-Bench,train
q00244,i am needing to know who made you,,Small talk,CLINC150,train
q00245,"I need the onboarding checklist for new hires; also, what's the process for resetting user passwords?",kb|confluence,Multiple sources,Hard cases (generated),train
q00246,what types of things do you know,,Small talk,CLINC150,train
q00247,Why did remote control with too many buttons frustrated marketing in the past?,notion,Implied source,QMSum,train
q00248,what is a fun fact about mt everest,web,Implied source,CLINC150,train
q00249,"Did anyone figure out why the mail client showed only account names but no folders, while a fresh profile worked fine?",slack,Misleading keyword,Ubuntu help chat,train
q00250,Please look in gmail for any correspondence on the new pricing plans; see if kb has relevant info.,kb|gmail,Multiple sources,Hard cases (generated),train
q00251,Can you get the details from the recent discussion?,kb|notion,Multiple sources,Hard cases (generated),train
q00252,who said one man's vulgarity is another's lyric,web,Implied source,Natural Questions,train
q00253,tell me something fun about gravity,web,Implied source,CLINC150,train
q00254,Is there a summary of today’s lunch-and-learn session?,slack,Implied source,Hard cases (generated),train
q00255,the type of display that google glass presents to its users is called what,web,Implied source,Natural Questions,train
q00256,What did the Professor think about hiring Fey?,notion,Implied source,QMSum,train
q00257,Is there a slack DM with Kareem about the revised user onboarding process?,slack,Names the source,Hard cases (generated),train
q00258,"What keyboard-only interaction model is required for the compact dashboard widgets, including how focus enters the card and how users move and activate controls inside it?",jira,Implied source,EnterpriseRAG-Bench,train
q00259,Dual monitors showing cloned output with different resolutions: what did people say about xorg.conf?,slack,Implied source,Ubuntu help chat,train
q00260,Where do downloaded .deb packages get cached? I remember a thread about copying them to a usb stick,slack,Names the source,Ubuntu help chat,train
q00261,i just changed jobs and need help with my 401k rollover,kb,Implied source,CLINC150,train
q00262,Can someone recap yesterday's discussion about the roadmap priorities?,slack,Implied source,Hard cases (generated),train
q00263,"In the EdgePath evaluation email thread, what alternative Year 1 pricing package did the company propose instead of matching the competitor's 50 percent first-year discount and migration credit?",gmail,Names the source,EnterpriseRAG-Bench,train
q00264,Compatibility implications of loosening the ACL needed to list partition reassignments?,confluence,Implied source,Apache Kafka Confluence,train
q00265,"Connector throwing in taskConfigs floods our distributed Connect logs every 250ms; skip the runbook, is there an open ticket?",jira,Excludes a source,Apache Kafka Jira,train
q00266,Why move the ACL command line tool off direct ZooKeeper and authorizer access to the admin API?,confluence,Implied source,Apache Kafka Confluence,train
q00267,Could you simplify that explanation?,,Small talk,Hard cases (generated),train
q00268,INC-9821: was the degraded GPU node an OOM or intermittent driver/kernel launch stalls?,jira|gmail,Multiple sources,EnterpriseRAG-Bench,train
q00269,The mock admin client's createTopics completes with null instead of topic metadata. Is that logged as a bug?,jira,Implied source,Apache Kafka Jira,train
q00270,The English cricketer Christopher Michael Durham went to a pair of colleges that have a combined of how many students?,web,Implied source,ConcurrentQA,train
q00271,define antebellum,web,Implied source,CLINC150,train
q00272,What were other ways to get more space?,notion,Implied source,QMSum,train
q00273,Where can I see reported blockers for the latest cloud rollout?,jira,Implied source,Hard cases (generated),train
q00274,"In the planning meeting about a strict deployment change freeze and automatic fallback during a model rollout, what composite health score thresholds defined green, amber, and red states?",notion,Names the source,EnterpriseRAG-Bench,train
q00275,Have we resolved the customer login failure in the current project cycle?,jira,Implied source,Hard cases (generated),train
q00276,who has the most number one single hits,web,Implied source,Natural Questions,train
q00277,Did we appoint someone to handle the customer complaint mentioned in our last chat?,slack,Implied source,Hard cases (generated),train
q00278,Please provide everything on the customer login issue from initial bug reports to troubleshooting guides and related meeting notes.,kb|jira|notion,Multiple sources,Hard cases (generated),train
q00279,please check email from matrimony,gmail,Names the source,MASSIVE,train
q00280,Look up the knowledge base for guidelines on updating payment methods for subscriptions.,kb,Names the source,Hard cases (generated),train
q00281,Is there any assigned work for enhancing the CI/CD pipeline?,jira,Implied source,Hard cases (generated),train
q00282,where was the remake of dirty dancing filmed,web,Implied source,Natural Questions,train
q00283,"What are the specific gate thresholds used to automatically decide whether a compressed model variant is allowed, canaried, or blocked, including the limits for chat similarity drop, code pass rate change, retrieval embedding quality, and acceptable latency and cost changes?",confluence,Unclear source,EnterpriseRAG-Bench,train
q00284,I need to know how to prevent an item in my CMS collection from being published to my website before its completed while using the Editor.,kb,Implied source,WixQA,train
q00285,ways to transfer my 401k,kb,Implied source,CLINC150,train
q00286,"When someone new starts at the company, what is the target turnaround time for getting them fully set up with accounts and tools in North America versus Europe/Asia-Pacific?",confluence,Implied source,EnterpriseRAG-Bench,train
q00287,did paul email me recently,gmail,Names the source,MASSIVE,train
q00288,when was the south asian association for regional co-operation (saarc) formed,web,Implied source,Natural Questions,train
q00289,How did they discuss the kinetic function of the remote control?,notion,Implied source,QMSum,train
q00290,what happened to the west wing of the white house during a christmas party in 1929,web,Implied source,Natural Questions,train
q00291,what are the things you can help me with,,Small talk,CLINC150,train
q00292,"In our hiring workflow, what happens when a candidate is strong but the pay we want to offer is about 20 percent above the middle of the internal range, specifically who has to approve it?",confluence,Implied source,EnterpriseRAG-Bench,train
q00293,How can I preview my dynamic pages and see how they connect to the buttons?,kb,Implied source,WixQA,train
q00294,are there any emails unread by this person,gmail,Names the source,MASSIVE,train
q00295,"What caused the brief p99 latency jump on the hosted text generation endpoint in us-west-2, and what mitigation was applied to bring it back down?",slack,Unclear source,EnterpriseRAG-Bench,train
q00296,Could you find the latest invoice details email in gmail and also the billing process doc in notion?,notion|gmail,Multiple sources,Hard cases (generated),train
q00297,What was said about IBM?,notion,Implied source,QMSum,train
q00298,Summarize the discussion about the disadvantages of ATLAS and other options,notion,Implied source,QMSum,train
q00299,what's your nationality,,Small talk,CLINC150,train
q00300,let me see my most recent emails,gmail,Names the source,MASSIVE,train
q00301,"If NimbleHealth moves from the current roughly 35k per month run rate to a 24 month annual prepay, what term discount do they get and what one time onboarding credit applies in Q1?",gmail,Implied source,EnterpriseRAG-Bench,train
q00302,i am unable to connect my email to my website,kb,Misleading keyword,WixQA,train
q00303,explain my health benefits,kb,Implied source,CLINC150,train
q00304,a drug that might be used in surgery for its amnesic properties is,web,Implied source,Natural Questions,train
q00305,"Music from the NAS stopped playing in every media player, nothing in errors. Was this ever figured out?",slack,Implied source,Ubuntu help chat,train
q00306,Where can I find the latest company holiday schedule update?,kb,Implied source,Hard cases (generated),train
q00307,on what date do i get paid,kb,Implied source,CLINC150,train
q00308,do i have any new email from ryan,gmail,Names the source,MASSIVE,train
q00309,what does discretionary mean,web,Implied source,CLINC150,train
q00310,Looking for the most recent guidelines on code review processes.,confluence,Implied source,Hard cases (generated),train
q00311,"With two installs dual booting, how did people suggest keeping the boot menu updated when the second OS gets a kernel update?",slack,Implied source,Ubuntu help chat,train
q00312,qa testing status,jira,Implied source,Hard cases (generated),train
q00313,"Not the docker install docs, what did people in chat say when apt update couldn't resolve the docker repo host?",slack,Excludes a source,Ubuntu help chat,train
q00314,What was concluded about next steps for the frontend refactor?,slack,Implied source,Hard cases (generated),train
q00315,tootles,,Small talk,CLINC150,train
q00316,name the people that sent me an email today,gmail,Names the source,MASSIVE,train
q00317,Cooperative sticky consumers got stuck rebalancing with stale owned partitions after a failed sync group. Root cause?,jira,Implied source,Apache Kafka Jira,train
q00318,Summarize the views about how well the Welsh bac helped to prepare learners for employment.,notion,Implied source,QMSum,train
q00319,"For the healthcare client contract review about sending patient records through our connector into the vendor platform, what is the promised retention duration for ingestion related audit traces and the default way customers can obtain exports?",gmail,Implied source,EnterpriseRAG-Bench,train
q00320,top looks totally different after moving from 10 to 14 - what tip did nacc give for navigating it?,slack,Implied source,Ubuntu help chat,train
q00321,Is there a tracker item to separate controller configs from broker configs in the KRaft docs?,jira,Names the source,Apache Kafka Jira,train
q00322,who sang what are we doing in love,web,Implied source,Natural Questions,train
q00323,what's the latest on the design review sprint? check both slack chats and Jira for updates.,jira|slack,Multiple sources,Hard cases (generated),train
q00324,Can I recover deleted files or data?,kb,Implied source,Hard cases (generated),train
q00325,What did Vaughan Gething think of the mental health recovery plan when talking about the ways of continuing mental health service during the lockdown?,notion,Implied source,QMSum,train
q00326,I need to see the last update on the product feedback from the distributor.,gmail,Implied source,Hard cases (generated),train
q00327,our internal stance on data residency,confluence,Unclear source,Hard cases (hand-written),train
q00328,"Our Streams instance won't come back up after an unclean shutdown, something about rocksdb column family state. Fixed in which release?",jira,Implied source,Apache Kafka Jira,train
q00329,Summarize the discussion about new headphones and disk space,notion,Implied source,QMSum,train
q00330,Can you get the correspondence from Ryan about the security audit findings?,gmail,Implied source,Hard cases (generated),train
q00331,"A customer subscribed via AWS Marketplace but our console cannot verify the entitlement. What is the approved manual workaround, and what steps do we take afterward to link the subscription and keep marketplace metering and revenue recognition correct?",confluence|slack,Multiple sources,EnterpriseRAG-Bench,train
q00332,"How is leader epoch verification for produce requests supposed to work, similar to the fencing added for fetch?",confluence,Implied source,Apache Kafka Confluence,train
q00333,Thanks for the quick response!,,Small talk,Hard cases (generated),train
q00334,laptop screen stuck at 800x600 or 640x480 only. what did ppl point to for fixing resolution,slack,Implied source,Ubuntu help chat,train
q00335,"Where are the small on-node files stored that capture the GPU communication tuning fingerprints, and what should ops do with them during cluster upgrades?",jira,Implied source,EnterpriseRAG-Bench,train
q00336,How to see which updates the 'important updates are ready' notification is about - command someone recommended?,slack,Implied source,Ubuntu help chat,train
q00337,Verify if the sprint goals discussed in the messages are the same as the ones listed in our tasks.,jira|slack,Multiple sources,Hard cases (generated),train
q00338,Are there any hidden dependencies in the infrastructure upgrade work?,jira,Implied source,Hard cases (generated),train
q00339,Search jira for the request to update the ecosystem wiki page since the old cluster manager UI was renamed CMAK.,jira,Misleading keyword,Apache Kafka Jira,train
q00340,What's the compatibility story for removing log.cleaner.enable and requiring at least one cleaner thread?,confluence,Implied source,Apache Kafka Confluence,train
q00341,please tell me when is the next holiday here,kb,Implied source,CLINC150,train
q00342,Summarize discussion on issues with data storage,notion,Implied source,QMSum,train
q00343,can i move my 401k to an ira,kb,Implied source,CLINC150,train
q00344,"Which customers have been granted an exception to the company’s default inference request log retention policy, and what retention period was approved for each?",jira|slack|notion|gmail,Multiple sources,EnterpriseRAG-Bench,train
q00345,whereabouts are you from,,Small talk,CLINC150,train
q00346,it was good chatting,,Small talk,CLINC150,train
q00347,Find the assignment details for the new user authentication module.,jira,Implied source,Hard cases (generated),train
q00348,Is there something like fuser or lsof that works when a FUSE mount crashes? what came out of that conversation,slack,Implied source,Ubuntu help chat,train
q00349,Which city and county seat in North Dakota is part of the Bakken field and is home to McKenzie Electric Cooperative?,web,Implied source,ConcurrentQA,train
q00350,"What trace job ID did they queue for the prefetch triage, and where did cheng say he would upload the perf artifacts for it?",slack,Implied source,EnterpriseRAG-Bench,train
q00351,"When a quantization profile is blocked due to a quality regression, how is that enforced differently from an incompatibility fallback, and what should oncall do to verify a customer route is back on baseline using logs, dashboards, and audit history?",jira|confluence,Multiple sources,EnterpriseRAG-Bench,train
q00352,Search for the details Mike shared on the client’s pricing feedback.,gmail,Implied source,Hard cases (generated),train
q00353,super robot monkey team hyperforce go fighting games,web,Implied source,Natural Questions,train
q00354,did we settle on a deployment window,slack|notion,Multiple sources,Hard cases (hand-written),train
q00355,"In our model serving stack, what change was proposed to reduce cost swings when traffic mixes tiny chat style requests with much longer generations, by dynamically choosing between a few preset group sizes under latency budgets instead of waiting for one fixed threshold?",jira,Implied source,EnterpriseRAG-Bench,train
q00356,What does the leading slash in cd /bin actually mean? I recall it got explained in the help channel,slack,Names the source,Ubuntu help chat,train
q00357,Are we getting rid of the internal state updater feature flag and the old restoration code in Streams?,jira,Implied source,Apache Kafka Jira,train
q00358,"In the quick A100 microbenchmark notes comparing 4-bit weight compression to half precision on a 7B model at single-item batching, what speedup and quality hit were observed for the simplest run?",notion,Names the source,EnterpriseRAG-Bench,train
q00359,did i get an email from mike,gmail,Names the source,MASSIVE,train
q00360,Can I get a refund for the domain I purchased yesterday?,kb,Implied source,WixQA,train
q00361,Laptop keyboard and touchpad stopped working after a BIOS update. Did anyone have advice on rolling it back?,slack,Implied source,Ubuntu help chat,train
q00362,what place do you come from,,Small talk,CLINC150,train
q00363,what can you answer for me,,Small talk,CLINC150,train
q00364,"range queries with open ends on state stores, is that written up somewhere?",confluence,Implied source,Apache Kafka Confluence,train
q00365,How can I make my image fit in the space correctly on my homepage in Editor?,kb,Implied source,WixQA,train
q00366,when is the next scheduled holiday,kb,Implied source,CLINC150,train
q00367,"In a case where server-sent event streaming responses sometimes lose the very last space or period only when traffic goes through an HTTP/2 edge proxy with stream preemption, what mitigation was proposed to stop the final bytes from being dropped?",jira,Implied source,EnterpriseRAG-Bench,train
q00368,when will my paycheck be available,kb,Implied source,CLINC150,train
q00369,"someone flagged a variable called var in ConfigTransformer, did it get renamed?",jira,Implied source,Apache Kafka Jira,train
q00370,"After a fresh reinstall, was the advice to apply all updates right away and leave software sources on default?",slack,Implied source,Ubuntu help chat,train
q00371,did i get an email from paul,gmail,Names the source,MASSIVE,train
q00372,What was the outcome of the conversation about streamlining the QA process that happened last week?,slack,Implied source,Hard cases (generated),train
q00373,"When a tenant has a fallback model configured, which overload conditions will trigger Smart Routing to attempt the fallback versus the gateway returning a terminal 503, and how should Support explain that behavior to customers?",jira|confluence,Multiple sources,EnterpriseRAG-Bench,train
q00374,what does indignation mean,web,Implied source,CLINC150,train
q00375,"why is there no xenconsole after installing xen on 14.04 LTS, did someone look into it",slack,Implied source,Ubuntu help chat,train
q00376,where is natural gas found in the us,web,Implied source,Natural Questions,train
q00377,tell me where to get myy w-2 form,kb,Implied source,CLINC150,train
q00378,How many projects that the provinces had submitted were waiting for approval from the government?,notion,Implied source,QMSum,train
q00379,i have to go but it was nice talking again!,,Small talk,CLINC150,train
q00380,please tell me the name i should use when talking to you,,Small talk,CLINC150,train
q00381,what is the origin of the name marvin,web,Implied source,Natural Questions,train
q00382,What did we agree to do for the testing strategy based on today’s discussion?,slack,Implied source,Hard cases (generated),train
q00383,Has anyone asked for shifting the start anchor of tumbling and hopping windows away from epoch zero?,jira,Implied source,Apache Kafka Jira,train
q00384,"Please compile everything about the latest API Integration effort—team discussions, documentation, and any external correspondence.",confluence|slack|gmail,Multiple sources,Hard cases (generated),train
q00385,Summarize the discussion about the presentation on the prototype model.,notion,Implied source,QMSum,train
q00386,assign me ticket,jira,Implied source,Hard cases (generated),train
q00387,I want to customize a booking form.,kb,Implied source,WixQA,train
q00388,Rejected alternatives for splitting the connectors listing endpoint from the expanded view in the Connect REST API?,confluence,Implied source,Apache Kafka Confluence,train
q00389,Does the feature update in the project ticket correspond with the notes from the design review?,jira|notion,Multiple sources,Hard cases (generated),train
q00390,Need access to the timeline for the infrastructure upgrade project.,confluence,Implied source,Hard cases (generated),train
q00391,who plays joker in batman the dark knight,web,Implied source,Natural Questions,train
q00392,"what type of insurance plan am i enrolled in, please",kb,Implied source,CLINC150,train
q00393,"ai, do you like your name",,Small talk,CLINC150,train
q00394,Information on the progress for fixing image upload problems on the website.,jira,Implied source,Hard cases (generated),train
q00395,tell me what name to use to refer to you,,Small talk,CLINC150,train
q00396,"In the email thread about an AI service pilot for a payments company, what were the four main categories of changes their procurement and counsel asked for in the first contract markup?",gmail,Names the source,EnterpriseRAG-Bench,train
q00397,What did the team think about Marketing's suggestion of a sort of stylus to press the touch screen on the device when discussing the design of actual components?,notion,Implied source,QMSum,train
q00398,I need to check the summary of our team onboarding process.,confluence,Implied source,Hard cases (generated),train
q00399,"booting 14.10 straight to a terminal with no gui, was there a trick for it",slack,Implied source,Ubuntu help chat,train
q00400,Could you highlight the key points?,,Small talk,Hard cases (generated),train
q00401,What could they do to make the remote more modern and high-class in regard to its function design?,notion,Implied source,QMSum,train
q00402,look up the details from our previous meeting,slack|notion,Multiple sources,Hard cases (generated),train
q00403,What did the group discuss about the connection of remote control and TV?,notion,Implied source,QMSum,train
q00404,What alternatives to grace periods were looked at for handling late arriving data in windows?,confluence,Implied source,Apache Kafka Confluence,train
q00405,how can I downgrade my email plan and pay for one email instead of two,kb,Misleading keyword,WixQA,train
q00406,Should repartition topics in Streams be excluded from auto.offset.reset? What was the discussion?,jira,Implied source,Apache Kafka Jira,train
q00407,"Hey, I'm trying to get a handle on that bug we encountered last week during the app release—remember we discussed how it caused those weird login issues on the main page?—and I'd love to see if we have any documentation or tickets that were logged about it or if there were any helpful support articles created to guide the development team on similar bugs in the past.",kb|jira,Multiple sources,Hard cases (generated),train
q00408,what kinds of things are you knowledgable about,,Small talk,CLINC150,train
q00409,"Our finance team is seeing totals in our accounting system come out a bit higher than what the payment processor exported, mostly when customers switch tiers in the middle of a billing period; what change should we make so each charge or credit line maps 1:1 and we stop the penny level rounding drift?",jira,Implied source,EnterpriseRAG-Bench,train
q00410,"when is the next holiday, please",kb,Implied source,CLINC150,train
q00411,do you know which insurance plan i have,kb,Implied source,CLINC150,train
q00412,Did we agree on a time for the security training session?,slack,Implied source,Hard cases (generated),train
q00413,QA team feedback,slack,Implied source,Hard cases (generated),train
q00414,Is somebody building a randomized testbed for the broker-side Streams task assignors?,jira,Implied source,Apache Kafka Jira,train
q00415,Search gmail for feature requests and ensure they're documented in kb.,kb|gmail,Multiple sources,Hard cases (generated),train
q00416,"In the March 2025 incident where eu-west-1 ran short on GPUs and the router temporarily failed eligible traffic over to us-east-1, what conditions/thresholds triggered enabling region fallback and which traffic was excluded? Also, per the region pinning policy, what kinds of request/response data are considered 'customer content' that must stay in-region for residency-strict traffic?",confluence,Names the source,EnterpriseRAG-Bench,train
q00417,How often should facilities water common-area snake plants and ZZ plants in the office?,confluence,Implied source,EnterpriseRAG-Bench,train
q00418,check for any new emails google,gmail,Names the source,MASSIVE,train
q00419,Please get the detailed response from our contact at DataSecure on compliance requirements.,gmail,Implied source,Hard cases (generated),train
q00420,Upgrading really old brokers (pre-0.10) to 3.4 fails on the meta.properties cluster.id check — which version fixed it?,jira,Implied source,Apache Kafka Jira,train
q00421,Where is the entity headquartered that published The International Journal of Number Theory?,web,Implied source,ConcurrentQA,train
q00422,locate the gmail correspondence with the vendor about renewing our software licenses,gmail,Names the source,Hard cases (generated),train
q00423,what did they suggest as a command line calculator for hex numbers,slack,Implied source,Ubuntu help chat,train
q00424,Can I apply a promotion to my existing Core Plan?,kb,Implied source,WixQA,train
q00425,Im interested in finding a Partner to help redesign and update my existing website.,kb,Implied source,WixQA,train
q00426,Can you pull up the details on the billing query from our West Coast affiliate?,gmail,Implied source,Hard cases (generated),train
q00427,Why did Marketing suggest giving up on speech recognition when presenting the functional requirements?,notion,Implied source,QMSum,train
q00428,consequences to actions,web,Implied source,MASSIVE,train
q00429,what does potato mean,web,Implied source,MASSIVE,train
q00430,can you check for any new emails,gmail,Names the source,MASSIVE,train
q00431,What new method is proposed to speed up initialization of the topic-based remote log metadata manager?,confluence,Implied source,Apache Kafka Confluence,train
q00432,Find out if there are any blockers on the cloud feature deployment and get me the support article for connectivity troubleshooting.,kb|jira,Multiple sources,Hard cases (generated),train
q00433,can you see if john has replied to my email yet,gmail,Names the source,MASSIVE,train
q00434,Q3 roadmap updates,confluence,Implied source,Hard cases (generated),train
q00435,"Not the github issue, the actual proposal for enabling TLSv1.3 by default.",confluence,Excludes a source,Apache Kafka Confluence,train
q00436,tell me a non-offensive joke,,Small talk,CLINC150,train
q00437,Fixing 'user is not in the sudoers file': which command did they recommend running from recovery mode?,slack,Implied source,Ubuntu help chat,train
q00438,what is the size of the united states,web,Implied source,MASSIVE,train
q00439,What did the group discuss about remote control design?,notion,Implied source,QMSum,train
q00440,What did Industrial Designer and Project Manager think of the remote tracking method when discussing the designing requirements of the new remote control?,notion,Implied source,QMSum,train
q00441,can you describe a credit card,web,Implied source,MASSIVE,train
q00442,how do you get rid of the ubuntu one service and its goodbye message? someone shared a link i think,slack,Implied source,Ubuntu help chat,train
q00443,who has climbed mount everest the number of times,web,Implied source,Natural Questions,train
q00444,"Can I get a full overview of the Phoenix deployment including discussions, decision logs, and any support articles?",kb|jira|slack|notion,Multiple sources,Hard cases (generated),train
q00445,The village of Penllergaer lies within which ancient Welsh commote?,web,Implied source,ConcurrentQA,train
q00446,tell me some amazing trivia about radios,web,Implied source,CLINC150,train
q00447,was the logging approach ever documented,confluence,Unclear source,Hard cases (hand-written),train
q00448,Who owns the messy go-to-market misc assets dump with placeholder marketing files and micro-copy ideas created during a last-minute scramble before a partner call?,notion,Names the source,EnterpriseRAG-Bench,train
q00449,List of tasks current team members are handling for upcoming software version.,jira,Implied source,Hard cases (generated),train
q00450,Can you find the latest note from Linda about the contract terms negotiation?,gmail,Implied source,Hard cases (generated),train
q00451,what was the actual year that the movie regarding the titans took place,web,Implied source,Natural Questions,train
q00452,did the timeout get looked at,jira|slack,Multiple sources,Hard cases (hand-written),train
q00453,i need to know my health benefits,kb,Implied source,CLINC150,train
q00454,do you provide SEO services to websites not hosted on our platform,kb,Implied source,WixQA,train
q00455,No ndiswrapper on the install cd for an unsupported wireless pci card. Where did someone say to get it?,slack,Implied source,Ubuntu help chat,train
q00456,update outlook mailbox,gmail,Implied source,MASSIVE,train
q00457,how many unread messages have i got,gmail,Implied source,MASSIVE,train
q00458,"In the negotiation where a healthcare customer pushed for stronger protection against outside patent or copyright lawsuits for an AI hosting service, what dollar limit did the vendor propose per claim as the compromise?",gmail,Implied source,EnterpriseRAG-Bench,train
q00459,let me know if i get a new email today,gmail,Names the source,MASSIVE,train
q00460,rationale for adding a peek method to the consumer for debugging and tuning?,confluence,Implied source,Apache Kafka Confluence,train
q00461,"I need to change my domain name to something that doesnt include ""DBT"" for legal reasons.",kb,Implied source,WixQA,train
q00462,How did User Interface and Industrial Designer introduce the prototype of the remote control?,notion,Implied source,QMSum,train
q00463,can you tell me a joke about a lawyer,,Small talk,CLINC150,train
q00464,what is my email from steve about,gmail,Names the source,MASSIVE,train
q00465,I want to change the currency for my course.,kb,Implied source,WixQA,train
q00466,what did the clinic say about my exams,gmail,Implied source,MASSIVE,train
q00467,"Per Moller Jensen played drums for Konkhra, Nightrage, The Haunted and another band that was founded by whom?",web,Implied source,ConcurrentQA,train
q00468,Topic-level traffic metrics hide partition skew. What partition-dimension traffic metrics are proposed?,confluence,Implied source,Apache Kafka Confluence,train
q00469,Have we decided on the vendor for the new office supplies after the recent talks?,slack,Implied source,Hard cases (generated),train
q00470,"Why should a source connector, not just its tasks, have access to the offset storage reader?",confluence,Implied source,Apache Kafka Confluence,train
q00471,What did the Marketing recommend to do when discussing marketing strategy and why?,notion,Implied source,QMSum,train
q00472,a type of basic rock popular in the 1980s,web,Implied source,Natural Questions,train
q00473,do you have a way you like to be referred to,,Small talk,CLINC150,train
q00474,Can I get a refund if I cancel my plan mid-cycle?,kb,Implied source,Hard cases (generated),train
q00475,give me the meaning of alternative,web,Implied source,CLINC150,train
q00476,when does the movie jeepers creepers come out,web,Implied source,Natural Questions,train
q00477,Details on pending work for the quarterly feature release?,jira,Implied source,Hard cases (generated),train
q00478,how to cancel and request a refund for a renewal purchase,kb,Implied source,WixQA,train
q00479,"What were the final concession terms approved for the retail partner purchase through the major cloud providers marketplace, specifically the first year price reduction and the referral payout schedule after launch?",gmail,Implied source,EnterpriseRAG-Bench,train
q00480,How would log segments grow beyond 2 GB given segment.bytes is an int today?,confluence,Implied source,Apache Kafka Confluence,train
q00481,Retrieve the initial contact made with potential distributors in South Asia.,gmail,Implied source,Hard cases (generated),train
q00482,"fdisk vs cfdisk, any advantage? what did someone say they preferred and why",slack,Implied source,Ubuntu help chat,train
q00483,"Check if the bug in the login module is assigned, and find the specification document for the new authentication process.",jira|confluence,Multiple sources,Hard cases (generated),train
q00484,find out about the thing we worked on last week,slack|notion,Multiple sources,Hard cases (generated),train
q00485,tell me a blonde joke,,Small talk,CLINC150,train
q00486,"What are the retention time windows for these lightweight kernel state snapshots (in-memory cache, indexed store, and any cold archive) used for post-incident diagnostics?",confluence,Unclear source,EnterpriseRAG-Bench,train
q00487,mean,web,Implied source,MASSIVE,train
q00488,"Get me all the data on the Cloud Migration Initiative—conversations, meeting notes, vendor emails, everything.",slack|notion|gmail,Multiple sources,Hard cases (generated),train
q00489,how you will define religion,web,Implied source,MASSIVE,train
q00490,how to disconnect a Google Developer account from a our platform mobile app,kb,Implied source,WixQA,train
q00491,what is the title of the person who runs the house of representatives,web,Implied source,Natural Questions,train
q00492,what does peer-to-peer actually mean,web,Implied source,CLINC150,train
q00493,What new config prefixes were proposed so the restore and global consumers in Streams can be configured separately?,confluence,Implied source,Apache Kafka Confluence,train
q00494,"Do we need to recalculate or annotate Dedicated throughput SLO compliance for streaming-heavy deployments before the streaming double-counting fix, and how should Support handle any credit requests tied to that period?",jira|confluence,Multiple sources,EnterpriseRAG-Bench,train
q00495,how to shut down a website,kb,Implied source,WixQA,train
q00496,"Does a 64-bit install keep 32-bit programs in a separate folder like Vista does, or what was the answer on that?",slack,Implied source,Ubuntu help chat,train
q00497,where does the last name orozco originate from,web,Implied source,Natural Questions,train
q00498,"Which streaming event names and tool-call fields are we standardizing on for SDK examples and golden fixtures, and how should we map OpenAI-compat tool-call deltas into that model?",confluence|slack,Multiple sources,EnterpriseRAG-Bench,train
q00499,how to cancel premium,kb,Implied source,WixQA,train
q00500,Can you rephrase that last point?,,Small talk,Hard cases (generated),train
q00501,"What failover sequence and recovery targets did MedThink specify for handling an EU region outage, including any limits on how long traffic can shift to the US?",gmail,Implied source,EnterpriseRAG-Bench,train
q00502,list emails from jim for today,gmail,Names the source,MASSIVE,train
q00503,What baseline metrics are listed for the Console activation health panel in the quarterly activation plan for customer-hosted Private VPC deployments?,jira,Unclear source,EnterpriseRAG-Bench,train
q00504,What were the specific aspects of the framework of the curriculum that would be included in the primary legislation?,notion,Implied source,QMSum,train
q00505,What's the policy for users reporting inappropriate content?,kb,Implied source,Hard cases (generated),train
q00506,hard to believe nobody wrote a spec,confluence,Excludes a source,Hard cases (hand-written),train
q00507,Summarize the discussion about policies and measures related to free-school-meal children during the pandemic.,notion,Implied source,QMSum,train
q00508,is there any new unread yahoo email,gmail,Names the source,MASSIVE,train
q00509,is there a gui tool for tracking total bandwith used? what did folks recommend,slack,Implied source,Ubuntu help chat,train
q00510,"Are sneakers acceptable for the first few weeks of the company summer softball league, or do we need cleats right away?",slack,Implied source,EnterpriseRAG-Bench,train
q00511,How do I block off time slots in a staff schedule for a single staff member.,kb,Implied source,WixQA,train
q00512,"For the PayRight the company DPA negotiation, what incident notification timeframe did PayRight request at the start and what notification window did the company propose in the final tracked wording before sending the DocuSign link?",gmail,Implied source,EnterpriseRAG-Bench,train
q00513,adios ai,,Small talk,CLINC150,train
q00514,can you pull up the gmail exchange with the security vendor about the incident response plan?,gmail,Names the source,Hard cases (generated),train
q00515,are there any new emails from my dad,gmail,Names the source,MASSIVE,train
q00516,what do we tell users about upload limits,kb,Unclear source,Hard cases (hand-written),train
q00517,How do I change the admin privileges for team members?,kb,Implied source,Hard cases (generated),train
q00518,Where can clients learn about setting up alerts for account activities?,kb,Implied source,Hard cases (generated),train
q00519,I want to use a button that people can click and it will reveal info without linking to another page,kb,Implied source,WixQA,train
q00520,"In the eng-platform standup about staging 401 spikes on the generate endpoint, what header value caused the requests to miss both the primary and fallback route predicates and hit the fallthrough route?",slack,Names the source,EnterpriseRAG-Bench,train
q00521,Aliases put in .profile aren't recognized after logging back in. Where did people say they should go instead?,slack,Implied source,Ubuntu help chat,train
q00522,Why did the proposal to make utils classes public end up covering only Bytes and not Time?,confluence,Implied source,Apache Kafka Confluence,train
q00523,tell me something funny about adulthood,,Small talk,CLINC150,train
q00524,"In the on-prem cutover readiness weekly sync meeting, who attended, and what two checkpoint meetings (with dates) were scheduled around the staging soak test?",notion,Names the source,EnterpriseRAG-Bench,train
q00525,How was down-conversion made more memory efficient for older consumers?,confluence,Implied source,Apache Kafka Confluence,train
q00526,Is there guidance for users experiencing slow performance in our app?,kb,Implied source,Hard cases (generated),train
q00527,Are there any open security vulnerabilities for Q4 auditing and where can I find the latest user password reset instructions for customers?,kb|jira,Multiple sources,Hard cases (generated),train
q00528,"What caused the production perf-canary paging storm on 2026-02-12 right after canary coverage was expanded (and paging rules were enabled), and what immediate mitigations/config changes were applied to stop the repeated pages?",confluence|slack,Multiple sources,EnterpriseRAG-Bench,train
q00529,find the details from our last chat,jira|slack,Multiple sources,Hard cases (generated),train
q00530,check gmail for any responses from the candidate about scheduling the final interview,gmail,Names the source,Hard cases (generated),train
q00531,"From a partner intro call with a services firm that resells and operates enterprise AI stacks, what was the expected lead time they were told for standing up an isolated customer environment in an EU region when customer key management is required?",notion,Names the source,EnterpriseRAG-Bench,train
q00532,What did Marketing recommend to do when discussing the evaluation criteria of market trend?,notion,Implied source,QMSum,train
q00533,Any update on the state updater 'task not found' error that triggers extra restoration?,jira,Implied source,Apache Kafka Jira,train
q00534,Only the old fluxbox version installs via apt even though a newer .deb sits in the same pool. Did someone explain why?,slack,Implied source,Ubuntu help chat,train
q00535,when does sam realize he is jim in ghost whisperer,web,Implied source,Natural Questions,train
q00536,What change was applied to reduce the latency spike caused by a KV cache and continuous batching regression on the us-west-2 inference production cluster?,slack,Unclear source,EnterpriseRAG-Bench,train
q00537,How long is the validity period for the telemetry driven runbook author certification from the operator training bootcamp?,confluence,Implied source,EnterpriseRAG-Bench,train
q00538,look at my email,gmail,Names the source,MASSIVE,train
q00539,where can i get my w2 from for tax reasons,kb,Implied source,CLINC150,train
q00540,can u upgrade a single library without upgrading the whole os when some software needs a newer version?,slack,Implied source,Ubuntu help chat,train
q00541,what is today's fun fact,web,Implied source,CLINC150,train
q00542,Which wiki page first proposed the ListGroups and DescribeGroup APIs?,confluence,Names the source,Apache Kafka Confluence,train
q00543,Any updates in sklack on the integration with the new vendor?,slack,Implied source,Hard cases (generated),train
q00544,any lighting news emails,gmail,Names the source,MASSIVE,train
q00545,tell me a joke about lawyers,,Small talk,CLINC150,train
q00546,I remember a discussion about branch naming,slack,Unclear source,Hard cases (hand-written),train
q00547,"Look up everything on how we're handling the new OAuth integration, from planning talks to task assignments and any design docs.",jira|confluence|slack,Multiple sources,Hard cases (generated),train
q00548,do you cut cards to the left or right,web,Implied source,Natural Questions,train
q00549,Why do topic-level request rate metrics count one produce request several times?,jira,Implied source,Apache Kafka Jira,train
q00550,Requesting the procedures for setting up a test environment.,confluence,Implied source,Hard cases (generated),train
q00551,"Rather than a slack answer, I need the proposal about suppressing those 'supplied but isn't a known config' warnings.",confluence,Excludes a source,Apache Kafka Confluence,train
q00552,where were you programmed,,Small talk,CLINC150,train
q00553,"During the initial staging rollout of decision breadcrumbs, what sampling approach and percentage are planned, and who said it would start by end of week?",jira,Unclear source,EnterpriseRAG-Bench,train
q00554,"What is the proposed HTTP header scheme for attributing API traffic to quickstart templates, including how the header value is formatted and the opt-in header?",notion,Unclear source,EnterpriseRAG-Bench,train
q00555,"where did you come from, originally",,Small talk,CLINC150,train
q00556,how is my ai doing,,Small talk,CLINC150,train
q00557,check my mail,gmail,Names the source,MASSIVE,train
q00558,baseball teams who have not won a world series,web,Implied source,Natural Questions,train
q00559,Is there a security proposal for IP filtering on brokers to restrict which clients can connect?,confluence,Implied source,Apache Kafka Confluence,train
q00560,Where's the proposal to make the boolean serde part of the public serialization package?,confluence,Implied source,Apache Kafka Confluence,train
q00561,Are the throughput metrics from KIP-846 documented in the Streams monitoring docs now?,jira,Implied source,Apache Kafka Jira,train
q00562,"not the ticket, the design doc",confluence,Excludes a source,Hard cases (hand-written),train
q00563,"For the Usage Insights reconciliation drift alert, what drift percentage and time window trigger warn vs page, and which severity level includes workspace_id in the alert labels?",jira,Implied source,EnterpriseRAG-Bench,train
q00564,"After rotating a Hosted API key in the Console, why might the Usage → Ad-hoc Query still show request IDs tied to the old key and 'View trace' links that 404, and what immediate mitigation did Support/SRE apply before a proper fix shipped?",jira,Implied source,EnterpriseRAG-Bench,train
q00565,Was there a plan to split the giant core module into smaller gradle modules like server-common to speed up compiles?,jira,Implied source,Apache Kafka Jira,train
q00566,Check for the messages exchanged regarding the cloud migration contract terms.,gmail,Implied source,Hard cases (generated),train
q00567,where does wild caught sockeye salmon come from,web,Implied source,Natural Questions,train
q00568,"When is the updated on-call runbook due to be pushed to Confluence, and what is the Confluence path for the on-call runbook?",notion,Misleading keyword,EnterpriseRAG-Bench,train
q00569,tata for now,,Small talk,CLINC150,train
q00570,How do users gain access to premium features after upgrading?,kb,Implied source,Hard cases (generated),train
q00571,Does a custom principal builder have to implement the principal serde interface for request forwarding in KRaft?,jira,Implied source,Apache Kafka Jira,train
q00572,"In the vendor email thread about a dedicated GPU capacity plan for AuroraEdge, what utilization threshold and measurement window did they propose as the trigger to start billing the next ramped capacity tranche after the initial time gate?",gmail,Names the source,EnterpriseRAG-Bench,train
q00573,What did Sharon Davies think of the role that local authorities should take in the quality assurance of individual intuition?,notion,Implied source,QMSum,train
q00574,Resetting group offsets currently needs the whole group shut down. What's the motivation for changing that?,confluence,Implied source,Apache Kafka Confluence,train
q00575,I need the conversation with the invoice details from that European reseller.,gmail,Implied source,Hard cases (generated),train
q00576,where did they make you,,Small talk,CLINC150,train
q00577,my friend emails me to check,gmail,Names the source,MASSIVE,train
q00578,"In the EU hosted API, streaming generate requests over HTTP/2 intermittently returned 502 only when the client included a ~12KB base64-encoded user-metadata header. What was the root cause in our proxy chain, and what server-side mitigation did we deploy to stop the 502s (include the header and cutoff/behavior)?",slack,Unclear source,EnterpriseRAG-Bench,train
q00579,how to remove a gap on the mobile site version between the logo and elements below it,kb,Implied source,WixQA,train
q00580,Could you prioritize the Jira tickets related to compliance audits?,jira,Names the source,Hard cases (generated),train
q00581,Summarize the discussion on mean subtraction in SRI,notion,Implied source,QMSum,train
q00582,how can I update the payment method for my premium plan after being charged on the wrong credit card,kb,Implied source,WixQA,train
q00583,Where is the summary of our Q3 project goals?,confluence,Implied source,Hard cases (generated),train
q00584,"I want all the information linked to the recent security audit—procedures, unresolved issues, and any public-facing knowledge content.",kb|jira|confluence,Multiple sources,Hard cases (generated),train
q00585,tell me something interesting about los angeles,web,Implied source,CLINC150,train
q00586,"What are the proposed internal time to mitigate targets by severity for incident response, regardless of customer deployment tier?",notion,Unclear source,EnterpriseRAG-Bench,train
q00587,how do i rollover my 401k after i got a new job,kb,Implied source,CLINC150,train
q00588,I need help getting an extension on my payment date for my premium subscription,kb,Implied source,WixQA,train
q00589,"Search for all documentation and tasks related to the new user analytics tool, including user support articles and design specs.",kb|jira|confluence,Multiple sources,Hard cases (generated),train
q00590,are my health benefits good,kb,Implied source,CLINC150,train
q00591,"When discussing the outer design of the remote, how did User Interface advise against Project Manager's idea of shaping the remote like a retro phone dial?",notion,Implied source,QMSum,train
q00592,What's the jira status on the thread-safety fix for ConcurrentModificationException in the consumer's OffsetFetcher?,jira,Names the source,Apache Kafka Jira,train
q00593,I am not satisfied with the product and would like to request a refund for my Google Ads campaign.,kb,Implied source,WixQA,train
q00594,thank you very much for the answer,,Small talk,CLINC150,train
q00595,What did Gareth Pierce think of the digital inequalities as a kind of unfairness?,notion,Implied source,QMSum,train
q00596,Summarize the discussion about the new requirements for the functional design of their new product.,notion,Implied source,QMSum,train
q00597,Completion date for the API integration with the third-party service?,jira,Implied source,Hard cases (generated),train
q00598,Who volunteered to lead the presentation for the client meeting next week?,slack,Implied source,Hard cases (generated),train
q00599,can I extend my current contract to be a month longer,kb,Implied source,WixQA,train
q00600,Appreciate your support on this.,,Small talk,Hard cases (generated),train
q00601,how can i learn how to use direct deposit,kb,Implied source,CLINC150,train
q00602,How many internal incident writeups at the company describe activating automatic fallback (to a different model or region) as part of mitigation?,confluence,Names the source,EnterpriseRAG-Bench,train
q00603,do i have new mail,gmail,Names the source,MASSIVE,train
q00604,Where is the outline of our security compliance procedures located?,confluence,Implied source,Hard cases (generated),train
q00605,what is some trivia about frog,web,Implied source,CLINC150,train
q00606,"That's clear, thanks for clarifying.",,Small talk,Hard cases (generated),train
q00607,I want to retry a subscription payment using the same card.,kb,Implied source,WixQA,train
q00608,did the format string bug in the quorum bootstrap server parsing get fixed,jira,Implied source,Apache Kafka Jira,train
q00609,Summarize the discussion about designing the new SPG schema based on a more flexible organization,notion,Implied source,QMSum,train
q00610,I need help setting up an email for website messages to go to instead of mine.,kb,Misleading keyword,WixQA,train
q00611,"For the Q2 milestone scope they locked in the chat, which items were pushed to v1 versus kept in the MVP?",slack,Names the source,EnterpriseRAG-Bench,train
q00612,What did Marketing think of potential cost pressure incurred by the application of battery status display?,notion,Implied source,QMSum,train
q00613,give me the description of laptop circuit,web,Implied source,MASSIVE,train
q00614,Could you provide a shorter version?,,Small talk,Hard cases (generated),train
q00615,what written material is included in the talmud,web,Implied source,Natural Questions,train
q00616,Cast SMT with a bad whole-value spec like int8 doesn't fail cleanly; was that handled?,jira,Implied source,Apache Kafka Jira,train
q00617,"eject refuses to work for things mounted outside /media, what was the workaround",slack,Implied source,Ubuntu help chat,train
q00618,who are the nbc olympic ice skating commentators,web,Implied source,Natural Questions,train
q00619,When is the 48-hour throughput and latency benchmark on the dedicated pool due to be completed?,notion,Unclear source,EnterpriseRAG-Bench,train
q00620,How to shorten or narrow a hover box and make a slanted text box horizontal in Editor,kb,Implied source,WixQA,train
q00621,Is the resolution for bug #4523 consistent with what's outlined in the public support article?,kb|jira,Multiple sources,Hard cases (generated),train
q00622,who wrote hallelujah i just love her so,web,Implied source,Natural Questions,train
q00623,what's the meaning of a fortnight,web,Implied source,CLINC150,train
q00624,"Can the broker api versions tool query controllers now? I don't want the KIP doc, I want the ticket with the fix version.",jira,Excludes a source,Apache Kafka Jira,train
q00625,What broker-level throttle configs are proposed for replicas catching up after falling out of sync?,confluence,Implied source,Apache Kafka Confluence,train
q00626,"The family of in which the large treeshrew species belong to, is said to contain how many species",web,Implied source,ConcurrentQA,train
q00627,what are the api authentication options,kb|confluence,Multiple sources,Hard cases (hand-written),train
q00628,Is there a jira saying the SCRAM credentials describe response drops the requested users when there's an error?,jira,Names the source,Apache Kafka Jira,train
q00629,Who opened the cleanup of the consumer's internal event classes?,jira,Implied source,Apache Kafka Jira,train
q00630,What problems were reported due to SmartKom modules interaction?,notion,Implied source,QMSum,train
q00631,Was there a discussion about easy video editors similar to movie maker?,slack,Implied source,Ubuntu help chat,train
q00632,What did Industrial Designer think about remote control style?,notion,Implied source,QMSum,train
q00633,Which new JMX metrics were added for the async consumer under the new rebalance protocol?,jira,Implied source,Apache Kafka Jira,train
q00634,where do you hail from,,Small talk,CLINC150,train
q00635,What did the professor think about clustering?,notion,Implied source,QMSum,train
q00636,Someone said the dhclient approach for renewing an address didn't work; what was the response?,slack,Implied source,Ubuntu help chat,train
q00637,"I'm trying to remember what was decided in last week's meeting about the design review process—there was a long discussion about whether we should update the visuals before the next sprint, but I can't remember what the final decision was or who was assigned to make changes.",slack|notion,Multiple sources,Hard cases (generated),train
q00638,what is the point of a banana,web,Implied source,MASSIVE,train
q00639,were you born here,,Small talk,CLINC150,train
q00640,do i have new email from work since yesterday,gmail,Names the source,MASSIVE,train
q00641,"Why did our telemetry collectors in the dedicated production clusters stop being able to mint short lived credentials for a customer cloud identity when going through the AWS to GCP federation bridge, after an IAM policy tightening with conditional rules, causing missing metrics and traces for about a day in US East and EU West?",jira,Implied source,EnterpriseRAG-Bench,train
q00642,Summarize the opinion of User Interface about Marketing positioning of the product.,notion,Implied source,QMSum,train
q00643,"Skip the slack thread, where's the actual spec for running several versions of the same connector plugin in a worker?",confluence,Excludes a source,Apache Kafka Confluence,train
q00644,How do I reset my account password if I've forgotten it?,kb,Implied source,Hard cases (generated),train
q00645,Why did Marketing disagree with Project Manager when discussing the technical functions on the remote control?,notion,Implied source,QMSum,train
q00646,do i have any recent emails from my contact favorites,gmail,Names the source,MASSIVE,train
q00647,how long does it take for my website to go live/be accessible?,kb,Implied source,WixQA,train
q00648,where is arachidonic acid found in the body,web,Implied source,Natural Questions,train
q00649,did dan send me any emails,gmail,Names the source,MASSIVE,train
q00650,"Find all documents and tickets related to Project Atlas, including any knowledge base articles or support information.",kb|jira|confluence,Multiple sources,Hard cases (generated),train
q00651,"I'm trying to find details about the discussion we had last week about the release schedule for the next sprint, especially where we talked about those last-minute changes we forgot to document, so if anyone remembers, could you let me know?",jira|slack,Multiple sources,Hard cases (generated),train
q00652,How did User Interface introduce the prototype of the remote control?,notion,Implied source,QMSum,train
q00653,"What was identified as the root cause of the hover double-outline or glow issue on small icon-style buttons, and what change was proposed to prevent stacked shadow artifacts?",jira,Implied source,EnterpriseRAG-Bench,train
q00654,are there new emails for me,gmail,Names the source,MASSIVE,train
q00655,direct deposit,kb,Implied source,CLINC150,train
q00656,thanks for giving me assistance,,Small talk,CLINC150,train
q00657,what does animal mean,web,Implied source,MASSIVE,train
q00658,Find the slack chat on the latest security incident.,slack,Names the source,Hard cases (generated),train
q00659,are you a human or a bot,,Small talk,CLINC150,train
q00660,what company designed this,,Small talk,CLINC150,train
q00661,Can I get details on the testing phase for the recent application rollout?,jira,Implied source,Hard cases (generated),train
q00662,"During a failover between two active locations, what is the default time window where a short-lived resume credential is accepted on the destination before doing full authentication again?",jira,Implied source,EnterpriseRAG-Bench,train
q00663,"For a customer upgrading a private deployment in their own cloud environment, what restore time did support say is typical if the upgrade fails and a rollback is needed (assuming snapshots were taken)?",gmail,Implied source,EnterpriseRAG-Bench,train
q00664,On what road is the village located that Rossie Priory is to the north of?,web,Implied source,ConcurrentQA,train
q00665,Could you get the document where the design agency outlined their latest proposal?,gmail,Implied source,Hard cases (generated),train
q00666,so are you human,,Small talk,CLINC150,train
q00667,I want to know how to set up a table and connect it to my collection in Studio.,kb,Implied source,WixQA,train
q00668,how does the reference-based serializer for oversized messages work,confluence,Implied source,Apache Kafka Confluence,train
q00669,Where can customers download the latest version of the software?,kb,Implied source,Hard cases (generated),train
q00670,"During the year end handoff meeting, what was identified as the cause of the early December latency incident impacting some p95 requests?",notion,Names the source,EnterpriseRAG-Bench,train
q00671,how would you like to be referred to,,Small talk,CLINC150,train
q00672,Locate the instruction message from the compliance team at that legal firm.,gmail,Implied source,Hard cases (generated),train
q00673,what does pda mean,web,Implied source,MASSIVE,train
q00674,your answer was good,,Small talk,CLINC150,train
q00675,exactly once source system test for distributed Connect failing with InsufficientResourcesError — whats the deal?,jira,Implied source,Apache Kafka Jira,train
q00676,"Why would a tenant start getting rate limit 429 errors on real time chat or streaming endpoints a few minutes after being upgraded to a higher tier, apparently because background catch up jobs consume the newly increased burst allowance first?",jira,Implied source,EnterpriseRAG-Bench,train
q00677,Can you find the email thread with Acme Corp about contract renewal and show me the FAQ on canceling a subscription?,kb|gmail,Multiple sources,Hard cases (generated),train
q00678,when was i paid most recently,kb,Implied source,CLINC150,train
q00679,"Migration plan for removing the classic rebalance protocol from the consumer — not the jira, the design page.",confluence,Excludes a source,Apache Kafka Confluence,train
q00680,How can customers share feedback about their experience?,kb,Implied source,Hard cases (generated),train
q00681,How do we make it possible to downgrade the transaction and group coordinators once new record fields exist?,confluence,Implied source,Apache Kafka Confluence,train
q00682,"I need the latest discussion on the partner contract renewal, and can you also look for the project closure checklist template in our docs?",confluence|gmail,Multiple sources,Hard cases (generated),train
q00683,What did Marketing think of the incorporation of current fashion trends in the prototype when making a simulation market evaluation of the new remote control?,notion,Implied source,QMSum,train
q00684,Searching for a file by name and finding where wine keeps its fake windows install: which commands came up?,slack,Implied source,Ubuntu help chat,train
q00685,"Why did Northpeak Search see their Dedicated Burst Usage billed higher than expected, and how do we prevent retry attempts from double-counting burst GPU-seconds now?",jira|notion,Multiple sources,EnterpriseRAG-Bench,train
q00686,Which backend program runs those browser 'desktop applications' for gmail and facebook?,slack,Misleading keyword,Ubuntu help chat,train
q00687,The stream-table join processor logs under the wrong class name; who reported that?,jira,Implied source,Apache Kafka Jira,train
q00688,"chat client wouldnt connect to msn, what workaround did folks mention",slack,Implied source,Ubuntu help chat,train
q00689,Could a data sim in a usb mobile modem work with the phone app on a tablet? What was the take?,slack,Implied source,Ubuntu help chat,train
q00690,see if you can pull up what we mentioned earlier,jira|slack,Multiple sources,Hard cases (generated),train
q00691,"how do you see which port vnc4server is on, and why would -geometry cause connection refused? skip the confluence page, what did chat say",slack,Excludes a source,Ubuntu help chat,train
q00692,Steps to integrate our service with third-party applications.,kb,Implied source,Hard cases (generated),train
q00693,Did anyone confirm the deployment schedule for this week?,slack,Implied source,Hard cases (generated),train
q00694,what email notifications do i have,gmail,Names the source,MASSIVE,train
q00695,what is the meaning of word alliance,web,Implied source,CLINC150,train
q00696,When would the work of implementation be completed?,notion,Implied source,QMSum,train
q00697,"i need to know what my health benefits cover, please",kb,Implied source,CLINC150,train
q00698,"Rather than the patching runbook in confluence, what commands did people say to run to go from 14.04.3 to 14.04.4?",slack,Excludes a source,Ubuntu help chat,train
q00699,why does formatting with no-initial-controllers end up at kraft.version 0 instead of 1,jira,Implied source,Apache Kafka Jira,train
q00700,The language of the television channel HTV Mostar is the literary standard in what country?,web,Implied source,ConcurrentQA,train
q00701,who owns the flaky tests now,jira,Unclear source,Hard cases (hand-written),train
q00702,Using the admin command scala classes from our java app kills the whole JVM on errors. What was decided?,jira,Implied source,Apache Kafka Jira,train
q00703,"A user downloaded a python tgz and wanted to delete it, what were they told?",slack,Implied source,Ubuntu help chat,train
q00704,Why were ZK brokers rejecting LeaderAndIsr requests from the KRaft controller during migration?,jira,Implied source,Apache Kafka Jira,train
q00705,Which new metrics are planned for the transaction coordinator around state log appends and marker writes?,confluence,Implied source,Apache Kafka Confluence,train
q00706,how does the referral programme work,kb|confluence,Multiple sources,Hard cases (hand-written),train
q00707,retrieve the files related to the problem,jira|slack,Multiple sources,Hard cases (generated),train
q00708,Why did the group decide to use both the classical battery and solar energy alimentation when discussing the industrial design?,notion,Implied source,QMSum,train
q00709,"In the simulated cross-region restore scheduler project, what are the two regions the restore simulation runs between, and what was the blocking issue mentioned for wiring the validator failure reporting to the DR dashboard?",jira,Implied source,EnterpriseRAG-Bench,train
q00710,"Can you find all details about the Delta project from team discussions, work tickets, and any documentation or specs?",jira|confluence|slack,Multiple sources,Hard cases (generated),train
q00711,who started the state of the union address,web,Implied source,Natural Questions,train
q00712,who were you made by,,Small talk,CLINC150,train
q00713,has mary responded to me email yet,gmail,Names the source,MASSIVE,train
q00714,oh sweet thanks,,Small talk,CLINC150,train
q00715,"Across the company's Go, Python, and TypeScript SDKs, which SDK has the highest number of customer-reported auth-related bug reports, and what are the corresponding support ticket IDs?",jira|slack,Multiple sources,EnterpriseRAG-Bench,train
q00716,did we agree a policy on third party libraries,slack|notion,Multiple sources,Hard cases (hand-written),train
q00717,do i have any new entries in my inbox,gmail,Names the source,MASSIVE,train
q00718,who proposed evolution in 1859 as the basis of biological development,web,Implied source,Natural Questions,train
q00719,"For the office keycard audit, how many months of access logs should we export?",jira,Unclear source,EnterpriseRAG-Bench,train
q00720,how many emails do i have from work today,gmail,Names the source,MASSIVE,train
q00721,How is the REST endpoint for restarting a connector together with its tasks supposed to work?,confluence,Implied source,Apache Kafka Confluence,train
q00722,I have not received my payment in my bank account yet.,kb,Implied source,WixQA,train
q00723,What alternatives were rejected for making replica placement pluggable on the controller?,confluence,Implied source,Apache Kafka Confluence,train
q00724,Moving the window buttons to the right side on 11.04: which editor tool was recommended?,slack,Implied source,Ubuntu help chat,train
q00725,"When an employee is marked for immediate termination in Workday, why can a third party SaaS seat stay billable for around two weeks even after Okta deactivates the user?",jira,Implied source,EnterpriseRAG-Bench,train
q00726,someone in slack asked for a tool that finds the best wifi channel on linux - what was suggested,slack,Names the source,Ubuntu help chat,train
q00727,"Get all project documents, sprint details, and customer help documents for the upcoming mobile app update.",kb|jira|confluence,Multiple sources,Hard cases (generated),train
q00728,Search for feedback from Big Retail on the latest product presentation.,gmail,Implied source,Hard cases (generated),train
q00729,what is the most popular religion in sweden,web,Implied source,Natural Questions,train
q00730,Scraping oldest-iterator-open-since-ms over JMX gives an error — has that been fixed?,jira,Implied source,Apache Kafka Jira,train
q00731,"Can you gather all the info we have on the Mobile App Redesign project, including discussions, notes, and any external communication?",slack|notion|gmail,Multiple sources,Hard cases (generated),train
q00732,locate the design guidelines document in notion; see if kb has any related FAQs.,kb|notion,Multiple sources,Hard cases (generated),train
q00733,Details on upcoming work planned for the security audit.,jira,Implied source,Hard cases (generated),train
q00734,show all emails regarding the breach,gmail,Names the source,MASSIVE,train
q00735,find out if eddie richards has sent an email about the budget requests,gmail,Names the source,MASSIVE,train
q00736,Proposed API changes for reading test driver output as an iterable instead of looping on readOutput?,confluence,Implied source,Apache Kafka Confluence,train
q00737,What were the changes decided on the equipment?,notion,Implied source,QMSum,train
q00738,what is your birth date,,Small talk,CLINC150,train
q00739,"How should I structure a small prompt experiment to reduce overconfident mistakes by mixing a couple of correct examples with one intentionally wrong example plus an immediate fix, while keeping the total examples very short and tracking things like made-up details and format compliance over a few hundred test prompts?",notion,Unclear source,EnterpriseRAG-Bench,train
q00740,Check if the new feature release notes match the documentation we published in the help center.,kb|jira,Multiple sources,Hard cases (generated),train
q00741,Identify tasks linked to the new vendor management implementation.,jira,Implied source,Hard cases (generated),train
q00742,Who is responsible for the outstanding item blocking our API integration?,jira,Implied source,Hard cases (generated),train
q00743,"For remote-storage topics, was the log start offset not being checkpointed? Has it been fixed?",jira,Implied source,Apache Kafka Jira,train
q00744,read mail,gmail,Names the source,MASSIVE,train
q00745,The broker-side sticky task assignor ignores local state when a member hits its quota — who's working on that?,jira,Implied source,Apache Kafka Jira,train
q00746,Just wanted to say thanks for being awesome!,,Small talk,Hard cases (generated),train
q00747,any new email,gmail,Names the source,MASSIVE,train
q00748,What was suggested to incorporate the EVA into the Bayes-net?,notion,Implied source,QMSum,train
q00749,What did the meeting discuss about the advantage of the Act?,notion,Implied source,QMSum,train
q00750,tell me if i have any new messages in my inbox,gmail,Names the source,MASSIVE,train
q00751,"The monitoring docs have broken MBean table formatting. Not the wiki, the tracker — is it fixed?",jira,Excludes a source,Apache Kafka Jira,train
q00752,"For the StellarNow executive briefing to align on the mutual action plan, who is the customer executive sponsor and what time window was ultimately confirmed for the meeting?",gmail,Implied source,EnterpriseRAG-Bench,train
q00753,Making rsync print only files that will actually transfer in a dry run: what did people suggest?,slack,Implied source,Ubuntu help chat,train
q00754,How do I know if I have paid for our platform to host my site?,kb,Implied source,WixQA,train
q00755,have i got any new email from my company,gmail,Names the source,MASSIVE,train
q00756,why isnt there an Admin.updateFeatures overload w/o the options arg,jira,Implied source,Apache Kafka Jira,train
q00757,original cast of natasha pierre and the great comet of 1812,web,Implied source,Natural Questions,train
q00758,i think you are a bot,,Small talk,CLINC150,train
q00759,what did the design doc say about finer-grained parallelism than one consumer per partition,confluence,Names the source,Apache Kafka Confluence,train
q00760,where was the movie the glass castle filmed,web,Implied source,Natural Questions,train
q00761,"keyboard shortcut to close an app gracefully from the gui, what came up besides alt+f4",slack,Implied source,Ubuntu help chat,train
q00762,I missed this afternoon's conversation about the website redesign. What was finally agreed on?,slack,Implied source,Hard cases (generated),train
q00763,"What audit event names and required fields should we emit for an Optimization Config rollback, and what should we check if the rollback succeeds in Console but never shows up in the customers SIEM export?",jira|notion,Multiple sources,EnterpriseRAG-Bench,train
q00764,What kind of design did the team finally decide to add with the extra budget?,notion,Implied source,QMSum,train
q00765,Summarize the discussion on managing the complexity of the model,notion,Implied source,QMSum,train
q00766,can I buy a premium plan but build my website on other platforms,kb,Implied source,WixQA,train
q00767,what's the wait period until the next day off,kb,Implied source,CLINC150,train
q00768,what were the first number of email subjects i got today,gmail,Names the source,MASSIVE,train
q00769,what is the weight of an elephant,web,Implied source,MASSIVE,train
q00770,"During a major production outage, what is the prescribed sequence of actions for the first 60 to 90 minutes, from opening the live coordination call through confirming the service is healthy again?",confluence,Implied source,EnterpriseRAG-Bench,train
q00771,Summarize the specific questions and answers on the impact on education.,notion,Implied source,QMSum,train
q00772,"I paid a premium subscription to a different website than I wanted, can I reassign it to the correct one?",kb,Implied source,WixQA,train
q00773,"Where's the decision on extending the marketing deadline, and are there any blockers left in the QA testing queue?",jira|slack,Multiple sources,Hard cases (generated),train
q00774,Can you find the design review notes in notion?,notion,Names the source,Hard cases (generated),train
q00775,"For the short evaluation engagement with the retail client where we offered a temporary sandbox to run about a couple thousand acceptance examples and promised a signed deletion attestation afterward, what date did we say we needed to receive their materials in order to hit the staging deadline?",gmail,Implied source,EnterpriseRAG-Bench,train
q00776,Summarize the discussion on the roles regional consortia and Cabinet Secretary should play.,notion,Implied source,QMSum,train
q00777,What is the name of the governor of Hong Kong for which the area of Hong Kong that contains the Manhattan Heights skyscraper is named?,web,Implied source,ConcurrentQA,train
q00778,jen's latest decision slack,slack,Implied source,Hard cases (generated),train
q00779,"For the Trident Financial Private VPC deal, what is our approved stance on US-only data residency and 7-year audit log retention/export, and which evidence pack artifacts should we share (and how) to back it up?",confluence|gmail,Multiple sources,EnterpriseRAG-Bench,train
q00780,let me see what emails i got,gmail,Names the source,MASSIVE,train
q00781,Search for the update Larry sent to Jeff regarding the quarterly budget adjustments.,gmail,Implied source,Hard cases (generated),train
q00782,can you say that again more simply,,Small talk,Hard cases (hand-written),train
q00783,Summarize the discussion about the marketing target of the remote control.,notion,Implied source,QMSum,train
q00784,Pinging 8.8.8.8 works but a domain name gives unknown host on a fresh install. What was the diagnosis?,slack,Implied source,Ubuntu help chat,train
q00785,Need the incident response runbook from notion.,notion,Names the source,Hard cases (generated),train
q00786,"In the partner integration call about getting a third party AI service into another companys cloud catalog, what date did the security lead target for completing the pre publication image security smoke test?",notion,Names the source,EnterpriseRAG-Bench,train
q00787,Can you search gmaol for any updates from the compliance team?,gmail,Implied source,Hard cases (generated),train
q00788,show latest email from mark olly,gmail,Names the source,MASSIVE,train
q00789,"In the Console nav redesign prototype with compact workspace chips and a contextual micro-rail, how is the micro-rail state preserved in shareable URLs?",jira,Implied source,EnterpriseRAG-Bench,train
q00790,"Im having trouble with the verification process for my Payments account. Specifically, my documents arent being accepted.",kb,Implied source,WixQA,train
q00791,any new email since last time,gmail,Names the source,MASSIVE,train
q00792,are you from here,,Small talk,CLINC150,train
q00793,where can the mona lisa be found today,web,Implied source,Natural Questions,train
q00794,How can I delete items from a CMS collection?,kb,Implied source,WixQA,train
q00795,Can you make that a bit shorter?,,Small talk,Hard cases (generated),train
q00796,it was good to talk to you today,,Small talk,CLINC150,train
q00797,Who should I contact for the internal process on vendor assessments?,confluence,Implied source,Hard cases (generated),train
q00798,Rejected alternatives for deprecating the helper methods that inject serializers into producer and consumer configs?,confluence,Implied source,Apache Kafka Confluence,train
q00799,i was wondering what age you are,,Small talk,CLINC150,train
q00800,Which classes implement the new NamedOperation interface for naming Streams operations?,confluence,Implied source,Apache Kafka Confluence,train
q00801,nice seeing you bye,,Small talk,CLINC150,train
q00802,Status update on the latest batch of features due this month?,jira,Implied source,Hard cases (generated),train
q00803,do i have any new email,gmail,Names the source,MASSIVE,train
q00804,Thanks for the help!,,Small talk,Hard cases (generated),train
q00805,"Do Streams rebalance listeners now expose latency metrics for tasks assigned, revoked and lost like the consumer does?",jira,Implied source,Apache Kafka Jira,train
q00806,is there a config to change or disable the stream thread summary log every 2 min,confluence,Implied source,Apache Kafka Confluence,train
q00807,Where do we outline the procedure for responding to RFPs?,confluence,Implied source,Hard cases (generated),train
q00808,what emails came from mom,gmail,Names the source,MASSIVE,train
q00809,What should a user do if they encounter a 404 error on their dashboard?,kb,Implied source,Hard cases (generated),train
q00810,transcribe email content,gmail,Names the source,MASSIVE,train
q00811,your answer was enjoyable,,Small talk,CLINC150,train
q00812,How can I customize my wishlist page?,kb,Implied source,WixQA,train
q00813,Can you find any customer complaints about payment processing in our emails and the help centre's guide on supported payment methods?,kb|gmail,Multiple sources,Hard cases (generated),train
q00814,who was suite judy blue eyes written about,web,Implied source,Natural Questions,train
q00815,"Proposed max lengths for topic names, group IDs and other resource identifiers?",confluence,Implied source,Apache Kafka Confluence,train
q00816,Is there anyone currently assigned to fix the payment processing error?,jira,Implied source,Hard cases (generated),train
q00817,A dedicated beta customer says the Suggestions view overstates dollar savings compared to billing after they enable caching in a partial rollout; what is causing the mismatch and what UI and estimator changes should we make to prevent this confusion?,jira|slack,Multiple sources,EnterpriseRAG-Bench,train
q00818,find me a description of morel mushrooms,web,Implied source,MASSIVE,train
q00819,What advice is there for users experiencing slow performance in the app?,kb,Implied source,Hard cases (generated),train
q00820,Should MM2 be mirroring Connect's internal topics when a custom separator is configured?,jira,Implied source,Apache Kafka Jira,train
q00821,Was there ever a proposal to add namespaces to topics for multi-tenant data integration?,confluence,Implied source,Apache Kafka Confluence,train
q00822,"For the Jupiter Therapeutics rollout, if the target go-live is 2028-07-22 and the canary is planned as 7 days with a 10/90 traffic split, what date should the canary period start?",gmail,Unclear source,EnterpriseRAG-Bench,train
q00823,What solution was proposed for the transcribers?,notion,Implied source,QMSum,train
q00824,"Rather than the IT wiki, what did folks in chat say about which vpn client packages to install for a university cisco server?",slack,Excludes a source,Ubuntu help chat,train
q00825,Is there a design page covering metadata version downgrades in KRaft?,confluence,Names the source,Apache Kafka Confluence,train
q00826,were you born in a hospital,,Small talk,CLINC150,train
q00827,What are the terms for using the API in my own applications?,kb,Implied source,Hard cases (generated),train
q00828,"When a static Streams member rejoins without client.rack, why does the coordinator still keep the old rack id?",jira,Implied source,Apache Kafka Jira,train
q00829,notify me if i receive any mail on my email account,gmail,Names the source,MASSIVE,train
q00830,How can I make my booking hours live for the public on my site?,kb,Implied source,WixQA,train
q00831,where have you come from,,Small talk,CLINC150,train
q00832,how do I move the language bar on mobile view,kb,Implied source,WixQA,train
q00833,"I need everything related to the last quarter's security audit, including internal chats, documents, and emails with auditors.",confluence|slack|gmail,Multiple sources,Hard cases (generated),train
q00834,has my boss sent me new emails today,gmail,Names the source,MASSIVE,train
q00835,What is the default time window the company targets for routine internal approvals across operational requests?,confluence,Implied source,EnterpriseRAG-Bench,train
q00836,What did the group discuss about components of the remote control and what is the conclusion of the discussion?,notion,Implied source,QMSum,train
q00837,Where's the slack channel where we originally planned the marketing campaign timeline?,slack,Names the source,Hard cases (generated),train
q00838,tell me a joke,,Small talk,CLINC150,train
q00839,"Find the customer queries forwarded to us by Sales Corp, and also see if there's a runbook for server backup procedures documented.",confluence|gmail,Multiple sources,Hard cases (generated),train
q00840,"no worries, all good",,Small talk,Hard cases (hand-written),train
q00841,What did the group discuss about new remote control features?,notion,Implied source,QMSum,train
q00842,what is this thing,web,Implied source,MASSIVE,train
q00843,What are the proposed changes to the storage format and upgrade tools for setting features other than metadata version?,confluence,Implied source,Apache Kafka Confluence,train
q00844,Retrieve the full conversation with Legal about trademark application status.,gmail,Implied source,Hard cases (generated),train
q00845,who was the book of philippians written to,web,Implied source,Natural Questions,train
q00846,Do I need to set enable_tool_signal for tool-signal in the Responses v9 OpenAI-compat streaming bridge?,jira|notion,Multiple sources,EnterpriseRAG-Bench,train
q00847,what level is a city and guilds qualification,web,Implied source,Natural Questions,train
q00848,My website does not appear in search engine results. I need help with indexing and optimizing my site's SEO to ensure it gets listed.,kb,Implied source,WixQA,train
q00849,"In the 12th century, a branch of the Cassidy family moved to an island that lies in which lough?",web,Implied source,ConcurrentQA,train
q00850,What performance goal was set for reducing GPU out of memory incidents in the stress tests for the windowed KV cache proposal?,jira,Implied source,EnterpriseRAG-Bench,train
q00851,reset password,kb,Implied source,Hard cases (generated),train
q00852,when was the first wonder woman comic released,web,Implied source,Natural Questions,train
q00853,Locate correspondence with IT support vendor about contract renewal terms.,gmail,Implied source,Hard cases (generated),train
q00854,who designed you,,Small talk,CLINC150,train
q00855,My site is unable to provide a secure connection.,kb,Implied source,WixQA,train
q00856,Find what was decided about the project stuff.,kb|notion,Multiple sources,Hard cases (generated),train
q00857,Pull up the jira where they dropped the unsupported upgrade-from versions for Streams in 4.0.,jira,Names the source,Apache Kafka Jira,train
q00858,"Look for Kate's email about the feedback on the beta release, and also grab the latest version of the API documentation specs from our files.",confluence|gmail,Multiple sources,Hard cases (generated),train
q00859,can you tell me something i don't know about banks,web,Implied source,CLINC150,train
q00860,when will i be off again,kb,Implied source,CLINC150,train
q00861,Need the design review notes from notion and any related client updates from gmail.,notion|gmail,Multiple sources,Hard cases (generated),train
q00862,Check our knowledge base for typical causes of slow application performance.,kb,Names the source,Hard cases (generated),train
q00863,What did Huw Irranca-Davies think about the pilots in Cardiff and Newport?,notion,Implied source,QMSum,train
q00864,have i received any emails in the past two hours,gmail,Names the source,MASSIVE,train
q00865,Connector tasks that blow past the graceful shutdown timeout don't really get cancelled. Has anything been proposed to fix that?,jira,Implied source,Apache Kafka Jira,train
q00866,Memory pressure on big clusters from the quota callback getting a full Cluster object — what redesign was proposed?,confluence,Implied source,Apache Kafka Confluence,train
q00867,what company did the design for this,,Small talk,CLINC150,train
q00868,"In the PRD about adding managed orchestration for multi-model inference pipelines, what are the rollout milestones and target quarters for alpha, beta, and general availability?",confluence,Names the source,EnterpriseRAG-Bench,train
q00869,What is the default time limit for automatically expiring guest or contractor accounts in the plan to set up a temporary contractor seat pool for DossierHQ with Okta provisioning and SSO?,jira,Unclear source,EnterpriseRAG-Bench,train
q00870,Amarok throwing dcop and sound engine errors: what music players did folks suggest instead?,slack,Implied source,Ubuntu help chat,train
q00871,"In Runtime 1.22 on Hosted (Shared) pools, we're seeing burst-time p99 latency spikes that correlate with KV compaction activity. Which two compaction knobs should oncall tune first (and by roughly what amount), and what's the emergency kill-switch plus the specific counters/metrics to check to confirm the disable took effect?",confluence,Implied source,EnterpriseRAG-Bench,train
q00872,tell me something funny about parenting,,Small talk,CLINC150,train
q00873,what are the value of style guides and style sheet,web,Implied source,Natural Questions,train
q00874,can I get the invoice re-issued with the correct address,kb,Implied source,WixQA,train
q00875,I need help adding a button with a link in the Editor.,kb,Implied source,WixQA,train
q00876,can photoshop cs2 run on linux? there was some back and forth about wine vs gimp in chat,slack,Names the source,Ubuntu help chat,train
q00877,Could you make that more concise?,,Small talk,Hard cases (generated),train
q00878,What time are people planning to start the office foosball tournament lunch bracket on Friday?,slack,Implied source,EnterpriseRAG-Bench,train
q00879,Can you clarify your last point?,,Small talk,Hard cases (generated),train
q00880,"In our GPU inference runtime, what configuration change was shown to eliminate out of memory crashes caused by combining lookahead cache allocation with aggressive request coalescing on long context runs, even though it slightly increased tail latency?",slack,Unclear source,EnterpriseRAG-Bench,train
q00881,Should onPartitionsAssigned get retried if the callback throws? Was anything decided?,jira,Implied source,Apache Kafka Jira,train
q00882,"Can a 115V desktop be used in Europe? I think someone asked, what was said about the power supply switch and cables?",slack,Implied source,Ubuntu help chat,train
q00883,Not a slack thread — I want the issue about the broker keeping thousands of .deleted index files open after partition deletion.,jira,Excludes a source,Apache Kafka Jira,train
q00884,What metric label allowlist and caps did the SRE team decide for v1 shadow traffic metrics to prevent high-cardinality issues (including limits for route and experiment labels)?,slack,Implied source,EnterpriseRAG-Bench,train
q00885,"During the rollout of the new version of our inference cost optimizer, what is the suggested traffic ramp schedule for moving from a small canary to full production, including the minimum stabilization wait between increases?",confluence,Unclear source,EnterpriseRAG-Bench,train
q00886,show unread,gmail,Implied source,MASSIVE,train
q00887,"what config is proposed for setting TLS named groups, for post-quantum key exchange?",confluence,Implied source,Apache Kafka Confluence,train
q00888,What was decided about shipping MD5 and SHA-1 checksum files with releases?,jira,Implied source,Apache Kafka Jira,train
q00889,who is celebrity,web,Implied source,MASSIVE,train
q00890,"In a first round technical interview for a senior sales engineer candidate, what were the agreed next steps after the call?",notion,Names the source,EnterpriseRAG-Bench,train
q00891,what year did the price is right first air,web,Implied source,Natural Questions,train
q00892,who has sold more albums kelly or carrie,web,Implied source,Natural Questions,train
q00893,Is there a proposal for a ByteBuffer serialize method on Serializer to avoid copies on the produce path?,jira,Implied source,Apache Kafka Jira,train
q00894,"In March 2026, what caused duplicate tool/webhook executions during *streaming* chat retries only when the idempotency key contained non-ASCII characters (e.g., emoji/diacritics) and the request went over HTTP/2 through the edge proxy-and what were the recommended workaround and the server-side fix (including what normalization we applied)?",jira,Implied source,EnterpriseRAG-Bench,train
q00895,what is the name of the under butler in downton abbey,web,Implied source,Natural Questions,train
q00896,How do I stop just the KRaft controller and not the broker when both run on the same box?,jira,Implied source,Apache Kafka Jira,train
q00897,"static members not consuming from a newly added topic, any workaround besides restarting the whole group?",jira,Implied source,Apache Kafka Jira,train
q00898,Look in gamil to find Jane's feedback on the partnership proposal.,gmail,Implied source,Hard cases (generated),train
q00899,I need to add funds to my Payments account in order to issue a refund. Can you guide me on how to do this?,kb,Implied source,WixQA,train
q00900,Can someone recap the resolution from the conversation we had yesterday about the server downtime?,slack,Implied source,Hard cases (generated),train
q00901,"Is the ssh server package something other than openssh, just rebranded? quick clarification someone gave",slack,Implied source,Ubuntu help chat,train
q00902,how long till the eventual heat death of the universe,web,Implied source,MASSIVE,train
q00903,Check slack for discussions on the new pricing strategy and any approval emails in gmail.,slack|gmail,Multiple sources,Hard cases (generated),train
q00904,What did the group discuss about speech recognition command?,notion,Implied source,QMSum,train
q00905,"I am trying to cancel my Premium subscription within the 14-day period, but I cant find the cancel feature.",kb,Implied source,WixQA,train
q00906,How do users enable two-factor authentication on their accounts?,kb,Implied source,Hard cases (generated),train
q00907,everything except email on the renewal,kb|jira|confluence|slack|notion,Excludes a source,Hard cases (hand-written),train
q00908,where is stockton california,web,Implied source,MASSIVE,train
q00909,which abbott and costello movie has who on first,web,Implied source,Natural Questions,train
q00910,tell me what subterranean means,web,Implied source,MASSIVE,train
q00911,get the outcomes from that discussion,jira|slack,Multiple sources,Hard cases (generated),train
q00912,Restoring windows that were open at last shutdown with the classic desktop on 11.04 - where did people say to look for that setting?,slack,Implied source,Ubuntu help chat,train
q00913,"After the org GPG signing-key rotation on 2026-03-09, our GitLab release promotion pipelines started failing on prod release runners during artifact verification. What was the root cause of the signature verification failures, and what immediate operational mitigations unblocked hotfix promotions while the permanent fix was rolled out?",jira,Implied source,EnterpriseRAG-Bench,train
q00914,I want to update the Editor to the new Studio Editor.,kb,Implied source,WixQA,train
q00915,"Not the release notes - in slack, did anyone know how to enable the gmail webapp in the launcher panel with chromium?",slack,Excludes a source,Ubuntu help chat,train
q00916,need those documents from last week,jira|slack,Multiple sources,Hard cases (generated),train
q00917,Did we hear back from CityTech on the infrastructure collaboration?,gmail,Implied source,Hard cases (generated),train
q00918,let me know about the new emails,gmail,Names the source,MASSIVE,train
q00919,"In the incident where Meridian Analytics saw pinned sessions revert to the fallback variant during a tiered canary in us-east, which model rollout was affected and what type of customer contract did they have?",jira,Implied source,EnterpriseRAG-Bench,train
q00920,What's the migration plan for deprecating the log4j appender module?,confluence,Implied source,Apache Kafka Confluence,train
q00921,Does the knwledge base have steps for setting up two-factor authentication?,kb,Implied source,Hard cases (generated),train
q00922,can you pull up those specifics we chatted about?,slack|notion,Multiple sources,Hard cases (generated),train
q00923,Did the team agree on the next steps for the incident escalation raised last week?,slack,Implied source,Hard cases (generated),train
q00924,What is the planned cutoff date when the old model capability format may stop being accepted for new writes?,jira,Unclear source,EnterpriseRAG-Bench,train
q00925,ask your network,gmail,Implied source,MASSIVE,train
q00926,Summarize what their remote control would look like.,notion,Implied source,QMSum,train
q00927,search nandy,gmail,Implied source,MASSIVE,train
q00928,Was there a follow-up sent by the investor regarding the quarterly numbers?,gmail,Implied source,Hard cases (generated),train
q00929,what health benefits can i use,kb,Implied source,CLINC150,train
q00930,Describe the team's discussion and evaluating process on whether the remote was technologically innovative.,notion,Implied source,QMSum,train
q00931,Thanks for the clarification!,,Small talk,Hard cases (generated),train
q00932,"In Q4 2025, which customer industry segment was featured in the most published customer stories (case studies + one-page success stories)?",confluence|notion,Multiple sources,EnterpriseRAG-Bench,train
q00933,In 1981 Ali Akbar Moradi began collaborating with a singer who was born in what year?,web,Implied source,ConcurrentQA,train
q00934,"I am trying to change the order of the items within a CMS collection on my site, but the provided steps did not work for me.",kb,Implied source,WixQA,train
q00935,good day,,Small talk,CLINC150,train
q00936,i need some guidance when it comes to direct deposit,kb,Implied source,CLINC150,train
q00937,How do rolling upgrades work in KRaft mode while holding back new metadata features?,confluence,Implied source,Apache Kafka Confluence,train
q00938,Is there any update on the pricing model adjustment from the discussion held yesterday?,slack,Implied source,Hard cases (generated),train
q00939,what does the email say that was sent thirty minutes ago from mom,gmail,Names the source,MASSIVE,train
q00940,How can I offer free shipping for a sample option of a product while the main product does not have free shipping?,kb,Implied source,WixQA,train
q00941,who was the actor who played crocodile dundee,web,Implied source,Natural Questions,train
q00942,during which season does cape town receive rainfall,web,Implied source,Natural Questions,train
q00943,Looking for our remote work communication best practices.,confluence,Implied source,Hard cases (generated),train
q00944,What did the team decide on designing buttons for the remote?,notion,Implied source,QMSum,train
q00945,"What is our v1 standard for streaming timeout enforcement and retry behavior, and do any of the Python, TypeScript, or Go SDKs still violate it based on the parity matrix and recent support tickets?",jira|confluence|slack|gmail,Multiple sources,EnterpriseRAG-Bench,train
q00946,read me the last email from stefan and oil change,gmail,Names the source,MASSIVE,train
q00947,Check Jira for any blockers on the sprint backlog.,jira,Names the source,Hard cases (generated),train
q00948,How are predicates supposed to let Connect apply a transform only to certain records?,confluence,Implied source,Apache Kafka Confluence,train
q00949,What did Project Manager think about slide buttons when discussing button design?,notion,Implied source,QMSum,train
q00950,API token issue,kb,Implied source,Hard cases (generated),train
q00951,if there is a line that lies parallel to the horizon it is said to be,web,Implied source,Natural Questions,train
q00952,Who’s assigned to the latest feature in jria?,jira,Implied source,Hard cases (generated),train
q00953,check notion for the onboarding checklist and review any kb assistance on new hire orientations.,kb|notion,Multiple sources,Hard cases (generated),train
q00954,Can you find the last email thread with GoTech about their SLA negotiations and also pull up the draft of our internal security policy from the documentation?,confluence|gmail,Multiple sources,Hard cases (generated),train
q00955,"What's the complete status on the mobile UI redesign? Check discussions, issue tracking, and any design guidelines or feedback.",jira|confluence|slack,Multiple sources,Hard cases (generated),train
q00956,who programmed you,,Small talk,CLINC150,train
q00957,How can I access analytics as a collaborator on a site?,kb,Implied source,WixQA,train
q00958,Printing outputs a PostScript header and then blank pages on an HP Photosmart; which sites did folks point to for driver support?,slack,Implied source,Ubuntu help chat,train
q00959,Locate the decision from the slack chat on adjusting the subscription packages.,slack,Names the source,Hard cases (generated),train
q00960,"Where can I find the internal one stop reference page that summarizes how our company handles approvals and SLAs for access requests, production changes, data retention, purchasing thresholds, vendor onboarding, and business travel, including links to the standard request templates?",confluence,Names the source,EnterpriseRAG-Bench,train
q00961,what kinds of subjects do you know about,,Small talk,CLINC150,train
q00962,"Hey, I remember there was an email thread with that European vendor—something about adjusting prices for the new quarter—and I think there might be some related docs or meeting notes somewhere, possibly from last month’s planning session; can you dig those up for me?",notion|gmail,Multiple sources,Hard cases (generated),train
q00963,I need to delete a business email address that is no longer in use and change my account email back to the original one,kb,Misleading keyword,WixQA,train
q00964,Northbridge Bank reported that request log TTL was not being enforced in us-east and that audit log exports were missing key admin event types; what caused these issues and what customer-facing compliance pack artifacts should we provide to show both retention enforcement and audit log evidence are now correct?,jira|confluence,Multiple sources,EnterpriseRAG-Bench,train
q00965,when was the last time kentucky won ncaa,web,Implied source,Natural Questions,train
q00966,"Look for all content discussing the Enterprise Pricing Update. I want team notes, chats, and external proposals.",slack|notion|gmail,Multiple sources,Hard cases (generated),train
q00967,let's hear a joke from you please,,Small talk,CLINC150,train
q00968,Can someone point me to the guidelines for our remote work policies?,kb,Implied source,Hard cases (generated),train
q00969,"In the mid-March 2026 eu-west canary rollout where sticky fallback kept pinning requests back onto the failing canary instead of the stable quantized variant, what configuration mistake caused the loop and what mitigations were applied to stop it?",slack,Unclear source,EnterpriseRAG-Bench,train
q00970,Seeking information on the standard coding practices we follow.,confluence,Implied source,Hard cases (generated),train
q00971,Look up Sam's note about the upcoming conference sponsorship requirements.,gmail,Implied source,Hard cases (generated),train
q00972,ssh to localhost failing with 'roaming not allowed by server' after fixing .ssh permissions - what debugging step came up?,slack,Implied source,Ubuntu help chat,train
q00973,who played nathan scott on one tree hill,web,Implied source,Natural Questions,train
q00974,Summarize discussion about the desired features of remote control.,notion,Implied source,QMSum,train
q00975,"Who raised the fixes for the 4.0 docs, like the missing rebalance protocol section in the index?",jira,Implied source,Apache Kafka Jira,train
q00976,where's your birthplace,,Small talk,CLINC150,train
q00977,What did the professor think about detecting smaller units of sound?,notion,Implied source,QMSum,train
q00978,"In the rollout plan for the internal service that only hands out application secrets to verified runtime hosts using short lived machine health proofs and hardware backed key unwrapping, what is the default hot and cold retention period for the tamper resistant audit trail?",notion,Names the source,EnterpriseRAG-Bench,train
q00979,who said if a tree falls in the woods and nobody hears it,web,Implied source,Natural Questions,train
q00980,Searching for the agenda from the previous quarterly planning session.,notion,Implied source,Hard cases (generated),train
q00981,What are the proposed config changes to the window size settings of the windowed serializer and deserializer in Streams?,confluence,Implied source,Apache Kafka Confluence,train
q00982,invoice receipt Smith,gmail,Implied source,Hard cases (generated),train
q00983,Why did User Interface disagree with losing speech recognition in the discussion of production finance?,notion,Implied source,QMSum,train
q00984,"Pull together all information about the virtual onboarding process: action items, team feedback, and documented procedures.",jira|confluence|slack,Multiple sources,Hard cases (generated),train
q00985,Is there a design for retaining committed group offsets forever instead of expiring them via offsets.retention.minutes?,confluence,Implied source,Apache Kafka Confluence,train
q00986,Is there a feature request for setting a default StreamPartitioner in config the same way default serdes work?,jira,Implied source,Apache Kafka Jira,train
q00987,"I am unable to open the Editor on Google Chrome, even in incognito mode. This issue persists across different devices.",kb,Implied source,WixQA,train
q00988,have i received any emails from my mother,gmail,Names the source,MASSIVE,train
q00989,When is the professional deep cleaning scheduled for the smelly refrigerator in the 4th floor office kitchen?,jira,Unclear source,EnterpriseRAG-Bench,train
q00990,Why do Streams state stores need versioning for temporal stream-table joins?,confluence,Implied source,Apache Kafka Confluence,train
q00991,The wiki page about adding a source cluster tag to mirror source connector metrics: what's the compatibility impact?,confluence,Names the source,Apache Kafka Confluence,train
q00992,What did User Interface propose in the discussion about buttons when discussing the functions?,notion,Implied source,QMSum,train
q00993,appreciated,,Small talk,CLINC150,train
q00994,Summarize the discussion on moving between data formats and the logistics of training models,notion,Implied source,QMSum,train
q00995,what company coded you,,Small talk,CLINC150,train
q00996,What kind of design did the team proposed to help implement demographic marketing strategies?,notion,Implied source,QMSum,train
q00997,Firefox doesn't relaunch at login while the terminal and chat client do. Where did they say to configure sessions?,slack,Implied source,Ubuntu help chat,train
q00998,Summarize the discussion about microphone issues,notion,Implied source,QMSum,train
q00999,"I need the most recent vendor continuity evidence packet for the bank security intake that includes measured switchover recovery timing samples showing a big difference when the in memory cache is prewarmed versus cold, along with a planned live non production witness window in mid August 2027; where is that packet shared and what is the confirmed demo time slot?",gmail,Implied source,EnterpriseRAG-Bench,train
q01000,What caused the courtyard entrance badge kiosk to intermittently show card read errors and freeze for a few minutes after a recent vendor update?,jira,Implied source,EnterpriseRAG-Bench,train
q01001,check someone's recent emails,gmail,Names the source,MASSIVE,train
q01002,bring up my latest emails,gmail,Names the source,MASSIVE,train
q01003,What is the recommended step-by-step rollback and traffic split plan to mitigate correctness issues and tail latency spikes after a healthcare customer enabled adaptive batching together with an INT8 quantized model on their dedicated production route?,jira,Implied source,EnterpriseRAG-Bench,train
q01004,How does the bayes-net deal with inputs?,notion,Implied source,QMSum,train
q01005,Has anyone flagged the recent outage impact for follow-up actions?,slack,Implied source,Hard cases (generated),train
q01006,Search gmail for the client's feedback on the latest invoice.,gmail,Names the source,Hard cases (generated),train
q01007,What is the minimum cache time-to-live safeguard that was added to the new automated policy recommendation service to prevent cold-start issues after deploys?,jira,Implied source,EnterpriseRAG-Bench,train
q01008,"During the us-west-2 incident with TLS handshake failures on edge.company.ai, what alert triggered the PagerDuty page and what two preventative follow-ups were planned before closing the thread?",slack,Names the source,EnterpriseRAG-Bench,train
q01009,What is the corrective journal number created to move a supplier credit amount from the DEV cost center to the OPS cost center after it was posted incorrectly during the March close?,jira,Implied source,EnterpriseRAG-Bench,train
q01010,Find the security compliance guidelines in notion.,notion,Names the source,Hard cases (generated),train
q01011,replication throttling during partition reassignment - how does it work?,confluence,Implied source,Apache Kafka Confluence,train
q01012,Need the latest design review notes from notion and any follow-up discussions in slack.,slack|notion,Multiple sources,Hard cases (generated),train
q01013,"What change reduced out of memory failures for long context transformer serving by reusing temporary GPU buffers across microbatches and adding an optional recompute mode, and what kind of memory savings was observed on an A100 at around 4k tokens?",jira,Implied source,EnterpriseRAG-Bench,train
q01014,which president of the united states was a boy scout,web,Implied source,Natural Questions,train
q01015,a bug flew into my coffee,,Small talk,Hard cases (hand-written),train
q01016,Need to reference the overview of last month's design review meeting.,notion,Implied source,Hard cases (generated),train
q01017,what episode does caroline come into the originals,web,Implied source,Natural Questions,train
q01018,how ya been,,Small talk,CLINC150,train
q01019,"In our hosted chat streaming, a corporate gateway forces the stream into a polling style connection and after a reconnect the assistant reply consistently loses the last couple sentences and the final completion status never arrives; what is the recommended short term mitigation for customers until a server side fix is deployed?",jira,Implied source,EnterpriseRAG-Bench,train
q01020,in which field does that person excel in,web,Implied source,MASSIVE,train
q01021,Please provide a brief summary of the points covered.,,Small talk,Hard cases (generated),train
q01022,when does the stock market open in hong kong,web,Implied source,Natural Questions,train
q01023,can you please check my gmail for new messages,gmail,Names the source,MASSIVE,train
q01024,"simulating batching + compression to estimate savings, whats the design?",confluence,Implied source,Apache Kafka Confluence,train
q01025,check emails,gmail,Names the source,MASSIVE,train
q01026,What is Industrial Designer's presentation mainly about?,notion,Implied source,QMSum,train
q01027,The city in which conductor Michael Schønwandt was born is part of which region of Denmark,web,Implied source,ConcurrentQA,train
q01028,How do I access archived reports from previous months?,kb,Implied source,Hard cases (generated),train
q01029,Can MirrorMaker 2 take producer and consumer overrides per replication flow instead of per cluster? Check jira.,jira,Names the source,Apache Kafka Jira,train
q01030,"What's the proposed separate setting for producer ID expiration, split out from the transactional id expiry?",confluence,Implied source,Apache Kafka Confluence,train
q01031,What does the design doc say about returning authorized operations when describing topics through the admin client?,confluence,Names the source,Apache Kafka Confluence,train
q01032,"Is e17 lighter than LXDE? There was a little chat about it, what was the verdict",slack,Names the source,Ubuntu help chat,train
q01033,are you well,,Small talk,CLINC150,train
q01034,What did the team decide on the cost?,notion,Implied source,QMSum,train
q01035,suffix applied to the end of the name of enzymes,web,Implied source,Natural Questions,train
q01036,"For an enterprise ticket like SUP-1842 where streaming disconnects happen in us-east, when should we escalate from a Support bridge to a formal incident and post a status page update, and what customer update cadence and credits wording should we use?",jira|confluence|slack|gmail,Multiple sources,EnterpriseRAG-Bench,train
q01037,What did Grad B say about the structure of the belief net?,notion,Implied source,QMSum,train
q01038,"Where can you get checksums to verify a server ISO, and was there concern about the page not being https?",slack,Implied source,Ubuntu help chat,train
q01039,Has the team resolved the decision on the API versioning strategy?,slack,Implied source,Hard cases (generated),train
q01040,Migration plan for dropping SecurityManager support now that Java deprecated it?,confluence,Implied source,Apache Kafka Confluence,train
q01041,What did the group discuss about the emphasis on the basic function and function extendibility?,notion,Implied source,QMSum,train
q01042,"In the March 2026 fix for Hosted API issues where SSE streams were truncated/partial behind corporate proxies (e.g., NGINX/Envoy idle timeouts), what resume identifier format did we choose for Last-Event-ID-style reconnects, and per our 2026 partial-result checkpointing/resume standard what are the default checkpoint emission cadence and checkpoint TTL?",jira|confluence,Multiple sources,EnterpriseRAG-Bench,train
q01043,Need the jria status on the feature roll-out for Q3.,jira,Implied source,Hard cases (generated),train
q01044,Where can I locate the breakdown of the recent competitive analysis session?,notion,Implied source,Hard cases (generated),train
q01045,Look up details from the design partner about their feedback on the project drafts.,gmail,Implied source,Hard cases (generated),train
q01046,jane doe,gmail,Implied source,MASSIVE,train
q01047,What did Industrial Designer think about vegetable and fruit themes when talking about trend-watching?,notion,Implied source,QMSum,train
q01048,is there any new email,gmail,Names the source,MASSIVE,train
q01049,Summarize the discussion about evaluation criteria of remote control.,notion,Implied source,QMSum,train
q01050,Are there any obstacles reported for the database migration work?,jira,Implied source,Hard cases (generated),train
q01051,Summarize the discussion on backups and collecting notes with meetings,notion,Implied source,QMSum,train
q01052,"there was a thread about download managers with resume support, which one got recommended?",slack,Names the source,Ubuntu help chat,train
q01053,Permission denied on the dpkg lock even though sudo was used in a chained apt command - what was the mistake?,slack,Implied source,Ubuntu help chat,train
q01054,Some controller dynamic configs don't apply at startup; was that race with the metadata publisher fixed?,jira,Implied source,Apache Kafka Jira,train
q01055,is there a way to add a consent form under contacts and save it for each person,kb,Implied source,WixQA,train
q01056,I need the final decision from last month's design review.,notion,Implied source,Hard cases (generated),train
q01057,docs that were never published,notion,Excludes a source,Hard cases (hand-written),train
q01058,"php object oriented scripts not running under a lamp stack, did anyone help with that?",slack,Implied source,Ubuntu help chat,train
q01059,I want to know how to go back to the history of my site.,kb,Implied source,WixQA,train
q01060,ClearEdge 2027 pilot: final po_fingerprint format and weekly invoice delivery time?,confluence|gmail,Multiple sources,EnterpriseRAG-Bench,train
q01061,tell me about fjords,web,Implied source,MASSIVE,train
q01062,search notion for the security compliance policy document and verify if kb has entries on it.,kb|notion,Multiple sources,Hard cases (generated),train
q01063,Access the knowledge base for a list of supported browsers and versions.,kb,Names the source,Hard cases (generated),train
q01064,"Which intake channel has the most reports of ""token accounting discrepancy""?",jira|confluence|slack|gmail,Multiple sources,EnterpriseRAG-Bench,train
q01065,I would like to know the cost of 1 business starter Google Workspace email.,kb,Misleading keyword,WixQA,train
q01066,Did the compatibility and upgrade system tests get updated to cover 3.9.0?,jira,Implied source,Apache Kafka Jira,train
q01067,Why did the group decide not to go for an LCD when discussing the remote concepts?,notion,Implied source,QMSum,train
q01068,sda3 vanished and the boot loader shows error 17; who responded in chat?,slack,Names the source,Ubuntu help chat,train
q01069,Has there been any update on the contract negotiations for the new vendor?,slack,Implied source,Hard cases (generated),train
q01070,what subjects do you know,,Small talk,CLINC150,train
q01071,"What did the internal usability test with six reviewers conclude about the table column compression feature, especially regarding its discoverability?",jira,Unclear source,EnterpriseRAG-Bench,train
q01072,"For the casual soccer game being organized on Friday after work, what was the agreed maximum number of players?",slack,Implied source,EnterpriseRAG-Bench,train
q01073,Need a quick recap of our chat.,,Small talk,Hard cases (generated),train
q01074,do i have any emails in the last hour,gmail,Names the source,MASSIVE,train
q01075,where will the first round of march madness be played,web,Implied source,Natural Questions,train
q01076,who won la liga in the last 10 years,web,Implied source,Natural Questions,train
q01077,show new emails from katey,gmail,Names the source,MASSIVE,train
q01078,who makes you,,Small talk,CLINC150,train
q01079,How can I add discounts to my service prices when customers pay for a plan?,kb,Implied source,WixQA,train
q01080,"What are the automated rollback trigger thresholds (safety sentinel, composite quality, business KPI) in the Optimize cohort-driven gates PRD?",jira|confluence,Multiple sources,EnterpriseRAG-Bench,train
q01081,"To list sound devices from the terminal, what command did someone recommend, and which mixers were mentioned after?",slack,Implied source,Ubuntu help chat,train
q01082,Locate the exchange on SLA adjustments discussed with external IT services.,gmail,Implied source,Hard cases (generated),train
q01083,Where can I find the API design documentation and are there any FAQs on setting up integrations?,kb|confluence,Multiple sources,Hard cases (generated),train
q01084,Design for a retrying deserializer that handles temporary decryption failures — is it written up anywhere?,confluence,Implied source,Apache Kafka Confluence,train
q01085,what does the doc say about num.partitions and default.replication.factor being applied inconsistently for auto-created topics,confluence,Names the source,Apache Kafka Confluence,train
q01086,What was the grading system and its fairness?,notion,Implied source,QMSum,train
q01087,Does the timeline from the deployment channel match the one in the release plan doc?,confluence|slack,Multiple sources,Hard cases (generated),train
q01088,Is there a defect ticket in Jira for the login bug yet?,jira,Names the source,Hard cases (generated),train
q01089,"In the on-prem private upgrade deep dive with an air-gapped healthcare customer, what did they describe as their current rollback approach when an upgrade goes wrong?",notion,Names the source,EnterpriseRAG-Bench,train
q01090,how to apply an upgraded plan to the correct domain,kb,Implied source,WixQA,train
q01091,who's playing in the world series and when is it,web,Implied source,Natural Questions,train
q01092,What is the rollout ramp schedule and time window used for the canary phase when validating adaptive degradation behavior in the the company serving runtime?,confluence,Unclear source,EnterpriseRAG-Bench,train
q01093,Where's the latest incident report in noiton?,notion,Implied source,Hard cases (generated),train
q01094,Need the checklist for preparing new features for deployment.,confluence,Implied source,Hard cases (generated),train
q01095,Looking for the evaluation criteria used during recent code audits.,confluence,Implied source,Hard cases (generated),train
q01096,What were the contents of the paper?,notion,Implied source,QMSum,train
q01097,"For the ClearSight Health pilot discussions with the company, what specific types of patient-related data did their security lead say should be treated as PHI for this integration?",gmail,Implied source,EnterpriseRAG-Bench,train
q01098,How is AddRaftVoterRequest changing to support controllers auto-joining the quorum?,confluence,Implied source,Apache Kafka Confluence,train
q01099,epic weather this weekend,,Small talk,Hard cases (hand-written),train
q01100,Summarize the discussion about remote control features.,notion,Implied source,QMSum,train
q01101,how many unread emails do i have,gmail,Names the source,MASSIVE,train
q01102,I need to know how to reinstall the blog app to improve the loading issue on our platform.,kb,Implied source,WixQA,train
q01103,Could you explain that differently?,,Small talk,Hard cases (generated),train
q01104,vendor contract renewal,gmail,Implied source,Hard cases (generated),train
q01105,Summarize the discussion on storage disks and computer connections,notion,Implied source,QMSum,train
q01106,Summarize the discussion on LPC,notion,Implied source,QMSum,train
q01107,"the docs still mention quota.producer.default even though it was removed in 3.0, did that get fixed",jira,Implied source,Apache Kafka Jira,train
q01108,what are you capable of doing and answering,,Small talk,CLINC150,train
q01109,any chat about the memory usage,slack,Unclear source,Hard cases (hand-written),train
q01110,What was the temporary mitigation applied for the enterprise customer whose SSE streaming chat responses were getting truncated after an edge proxy handoff in us-east?,jira,Implied source,EnterpriseRAG-Bench,train
q01111,check for all emails from tom brady,gmail,Names the source,MASSIVE,train
q01112,Why persist auto-generated broker ids in ZooKeeper rather than only in meta.properties?,confluence,Implied source,Apache Kafka Confluence,train
q01113,"Did anyone have luck installing a 2.6.12 kernel on hoary, or what did people advise?",slack,Implied source,Ubuntu help chat,train
q01114,Check the interaction history with the consultancy firm about system upgrade schedules.,gmail,Implied source,Hard cases (generated),train
q01115,Can you show me the decision from the slack discussion on the new pricing model?,slack,Names the source,Hard cases (generated),train
q01116,will the java client ever support case insensitve header keys?,jira,Implied source,Apache Kafka Jira,train
q01117,Fetch the recent roadmap update from notion.,notion,Names the source,Hard cases (generated),train
q01118,what is the support response time,kb,Unclear source,Hard cases (hand-written),train
q01119,i'm needing to know who made you,,Small talk,CLINC150,train
q01120,"In the recent recruiting email thread about an offer being sent for signature, what were the two proposed onboarding start dates (one earlier limited-access option and one later full start) mentioned due to immigration timing?",gmail,Names the source,EnterpriseRAG-Bench,train
q01121,Summarize the discussion about improvements on the baseline,notion,Implied source,QMSum,train
q01122,who has the most conference championships in college basketball,web,Implied source,Natural Questions,train
q01123,Thanks for your help!,,Small talk,Hard cases (generated),train
q01124,Progress on the redesign of the user profile interface?,jira,Implied source,Hard cases (generated),train
q01125,what is elvis favorite ride,web,Implied source,MASSIVE,train
q01126,Why add a consumer metric for paused partitions?,confluence,Implied source,Apache Kafka Confluence,train
q01127,Summarize the discussion about possible detailed designings of remote control?,notion,Implied source,QMSum,train
q01128,How is the baseline token cost computed for the per-span cost delta metric in the new tracing observability change?,jira,Implied source,EnterpriseRAG-Bench,train
q01129,design review notes,notion,Implied source,Hard cases (generated),train
q01130,"For an air-gapped on-prem restore into a brand new cluster, what do we need to install before running restore apply, and what will the installer check and report if those prerequisites are missing?",jira,Implied source,EnterpriseRAG-Bench,train
q01131,"In a rolling investigation of a model regression on policy-related prompts after a recent deploy, what was the average triage rubric score change between the older baseline build and the newer optimized build in the first comparison run?",notion,Unclear source,EnterpriseRAG-Bench,train
q01132,What did the professor say about the workshop?,notion,Implied source,QMSum,train
q01133,deployment status update,slack,Implied source,Hard cases (generated),train
q01134,Where is the checklist for conducting performance reviews?,kb,Implied source,Hard cases (generated),train
q01135,check my inbox for new emails,gmail,Names the source,MASSIVE,train
q01136,What did the stress faced by oil and gas?,notion,Implied source,QMSum,train
q01137,what is the longest river on earth,web,Implied source,MASSIVE,train
q01138,how are you today,,Small talk,CLINC150,train
q01139,The stage name of the record producer Lexus Arnel Lewis was inspired by the ring name of a professional wrestler with what real name?,web,Implied source,ConcurrentQA,train
q01140,How is the dedicated Streams rebalance protocol supposed to replace piggybacking on the consumer protocol?,confluence,Implied source,Apache Kafka Confluence,train
q01141,whats it like to be programmed,,Small talk,CLINC150,train
q01142,I want to create a custom sign-up form that links to the members area on my site.,kb,Implied source,WixQA,train
q01143,who won last year's grand national 2017,web,Implied source,Natural Questions,train
q01144,alexa check my email,gmail,Names the source,MASSIVE,train
q01145,"With read_committed isolation, why does seekToEnd go to the real log end instead of the last stable offset?",jira,Implied source,Apache Kafka Jira,train
q01146,how are clients supposed to pick the right cert when the SSL keystore has multiple alias entries,confluence,Implied source,Apache Kafka Confluence,train
q01147,wheres the partition level throughput metrics work at,jira,Implied source,Apache Kafka Jira,train
q01148,how old is tony bennett,web,Implied source,MASSIVE,train
q01149,what is the meaning of the name gomez,web,Implied source,Natural Questions,train
q01150,what should i refer to you as,,Small talk,CLINC150,train
q01151,What are the lifecycle states and key transitions for the edge adapter service that registers with a control plane and can fall back to hosted inference?,notion,Unclear source,EnterpriseRAG-Bench,train
q01152,What was the date of the premiere broadcast of the British soap opera in which Paddy Kirk is a character?,web,Implied source,ConcurrentQA,train
q01153,who played tom on as the world turns,web,Implied source,Natural Questions,train
q01154,Instructions for updating my billing information.,kb,Implied source,Hard cases (generated),train
q01155,Do the details from the client agreement in the email match the discussion in the team chat?,slack|gmail,Multiple sources,Hard cases (generated),train
q01156,what was the name of the first continent,web,Implied source,Natural Questions,train
q01157,Did someone remove the extra char array copy when estimating record context memory size in Streams?,jira,Implied source,Apache Kafka Jira,train
q01158,how can i get my w2 to do my taxes,kb,Implied source,CLINC150,train
q01159,which insurance plan to i have,kb,Implied source,CLINC150,train
q01160,What island belonging to the Highland council area of Scotland measures 9km long from north to south and 5km long from east to west?,web,Implied source,ConcurrentQA,train
q01161,Did the fix from the earlier 3.4 freeze get backported to the 3.3 and 3.4 branches after the release?,jira,Implied source,Apache Kafka Jira,train
q01162,coldplay song i will try to fix you,web,Implied source,Natural Questions,train
q01163,how to cancel a Premium plan,kb,Implied source,WixQA,train
q01164,"Show me all details about the Nova hiring process, from internal conversations to task lists and onboarding articles.",kb|jira|slack,Multiple sources,Hard cases (generated),train
q01165,What did the team say about recording conventions?,notion,Implied source,QMSum,train
q01166,Retrieve the summary Jim provided on the customer complaint resolution status.,gmail,Implied source,Hard cases (generated),train
q01167,Does the pricing structure we discussed align with what's in the latest support articles?,kb|gmail,Multiple sources,Hard cases (generated),train
q01168,how do we handle chargebacks,kb|confluence,Multiple sources,Hard cases (hand-written),train
q01169,Which condolences were shared?,notion,Implied source,QMSum,train
q01170,"i need a w2, so where is it",kb,Implied source,CLINC150,train
q01171,Find out if there's any discussion about the recent server outage and see if the client approved our timeline for the fix.,slack|gmail,Multiple sources,Hard cases (generated),train
q01172,Why default the CLI tools to localhost:9092 for bootstrap-server?,confluence,Implied source,Apache Kafka Confluence,train
q01173,What did the user interface designer and the project manager discuss about the trigger button?,notion,Implied source,QMSum,train
q01174,Why deprioritize followers that skipped data via tiered offset fetch during leader election?,confluence,Implied source,Apache Kafka Confluence,train
q01175,"Who on the team committed to producing a short animated demo to embed in the upcoming renewal business review materials, and what was the demo supposed to showcase?",slack,Unclear source,EnterpriseRAG-Bench,train
q01176,check email and what is the latest subject,gmail,Names the source,MASSIVE,train
q01177,which apostle spoke at the council of jerusalem,web,Implied source,Natural Questions,train
q01178,How should we set up low-noise oncall dashboards and tiered paging for a streaming text generation service so that responders can jump from a latency spike to a trace with hashed prompt references and cache hotness context and resolve issues within about 15 minutes?,notion,Unclear source,EnterpriseRAG-Bench,train
q01179,I missed the discussion about the Q4 roadmap. Could someone fill me in on the main points?,slack,Implied source,Hard cases (generated),train
q01180,Who is taking point on the client onboarding feedback after this week’s exchange?,slack,Implied source,Hard cases (generated),train
q01181,what are the tallest mountains in america,web,Implied source,MASSIVE,train
q01182,I want to delete other payment methods and keep Square as my only payment processor.,kb,Implied source,WixQA,train
q01183,"Is there an internal hackathon demo project that uses a small web UI and a fake backend to visualize model serving behavior like batching and cache hit rates, and can be run locally or deployed for a quick demo?",jira,Unclear source,EnterpriseRAG-Bench,train
q01184,"In the resilient streaming schema proposal, what resume success rate is targeted in the success metrics and what resume_success_rate threshold would trigger a rollback during rollout?",jira,Implied source,EnterpriseRAG-Bench,train
q01185,Which of John Roosevelt Boettiger's grandmothers was born in 1884 and died in 1962?,web,Implied source,ConcurrentQA,train
q01186,Are there any blockers mentioned for the upcoming marketing campaign?,slack,Implied source,Hard cases (generated),train
q01187,Why is the video not playing sound even when sound is enabled?,kb,Implied source,WixQA,train
q01188,Review the knowledge base for information on enabling two-factor authentication.,kb,Names the source,Hard cases (generated),train
q01189,check my email for any new email from joe,gmail,Names the source,MASSIVE,train
q01190,There's a race between AlterIsr responses and LeaderAndIsr handling in Partition — was it fixed?,jira,Implied source,Apache Kafka Jira,train
q01191,"How do you turn a .orig.tar.gz, .dsc and diff.gz into a source tree? There was a command shared for it",slack,Implied source,Ubuntu help chat,train
q01192,largest animal,web,Implied source,MASSIVE,train
q01193,Can you help me understand how to enable guest checkout for my pricing plans on our platform?,kb,Implied source,WixQA,train
q01194,Does OffsetAndMetadata equals now treat a null leader epoch the same as -1?,jira,Implied source,Apache Kafka Jira,train
q01195,Where can users find instructions to back up their data regularly?,kb,Implied source,Hard cases (generated),train
q01196,"Why can the observed canary traffic percentage in a single region diverge from what the Console rollout step shows, and what are the recommended oncall mitigations and GA preventative fixes?",jira|confluence|slack,Multiple sources,EnterpriseRAG-Bench,train
q01197,Is there a spec for listing the client metrics configuration resources from the admin tooling?,confluence,Implied source,Apache Kafka Confluence,train
q01198,why add a controller thread idleness metric,confluence,Implied source,Apache Kafka Confluence,train
q01199,who won the womens 2017 ncaa basketball tournament,web,Implied source,Natural Questions,train
q01200,Im having an issue with changing the name of a menu item on my site using the Editor.,kb,Implied source,WixQA,train
q01201,siri what does survey mean,web,Implied source,MASSIVE,train
q01202,please check new email from andy,gmail,Names the source,MASSIVE,train
q01203,What was the proposed structure of the belief net.,notion,Implied source,QMSum,train
q01204,how do I unsync and resync my Google Calendar with Bookings,kb,Implied source,WixQA,train
q01205,did i receive any new email from robert,gmail,Names the source,MASSIVE,train
q01206,Getting 403 Forbidden after setting up an apache virtualhost on an ec2 server - what did people suggest checking?,slack,Implied source,Ubuntu help chat,train
q01207,look up the security compliance discussion in slack and find the related Jira tasks for follow-up.,jira|slack,Multiple sources,Hard cases (generated),train
q01208,american horror story freak show girl kidnapped by clown,web,Implied source,Natural Questions,train
q01209,check security policy revisions in notion and any associated jira tasks,jira|notion,Multiple sources,Hard cases (generated),train
q01210,What config is proposed for time-based cluster metadata snapshots?,confluence,Implied source,Apache Kafka Confluence,train
q01211,Look up any messages we have from the security vendor regarding the Q4 report.,gmail,Implied source,Hard cases (generated),train
q01212,What configuration option was added to let repositories explicitly allow Docker-in-Docker during the staged rollout of the new GitHub composite action CI setup?,jira,Implied source,EnterpriseRAG-Bench,train
q01213,"Im encountering an Error 403 ""We Looked Everywhere For This Page"" while trying to modify my website.",kb,Implied source,WixQA,train
q01214,remind me of the date of my last paycheck,kb,Implied source,CLINC150,train
q01215,Are there any reviewed changes pending for this project cycle implementation?,jira,Implied source,Hard cases (generated),train
q01216,is there a spec for the new feature in notion? lookup in kb if there are customer instructions.,kb|notion,Multiple sources,Hard cases (generated),train
q01217,I would like to know how to change my payment provider for my site after funds have been sent for an order.,kb,Implied source,WixQA,train
q01218,how long is a whale shark in meters,web,Implied source,Natural Questions,train
q01219,What are the default size limits for file uploads and total request size for the new multipart upload support on the OpenAI-compatible API endpoints?,jira,Implied source,EnterpriseRAG-Bench,train
q01220,"For an enterprise the company Private deployment upgrade, what is the complete go/no-go gate (required validations, required approvals, and required customer communications) mandated by the company's internal standards?",confluence,Implied source,EnterpriseRAG-Bench,train
q01221,Broken panel applets after dist-upgrading to gutsy - anyone else hit that? i think it came up in slack,slack,Names the source,Ubuntu help chat,train
q01222,Does the Hosted AWS Marketplace SKU support customer-managed KMS keys (BYOK)?,confluence|notion,Multiple sources,EnterpriseRAG-Bench,train
q01223,Trying to find the decision log from our latest strategy session.,notion,Implied source,Hard cases (generated),train
q01224,find in gmail the email we received from the legal team about compliance updates,gmail,Names the source,Hard cases (generated),train
q01225,I’m grateful for your assistance.,,Small talk,Hard cases (generated),train
q01226,can you make me laugh,,Small talk,CLINC150,train
q01227,Was there a thread about fastcgi disappearing in 15.10?,slack,Names the source,Ubuntu help chat,train
q01228,"Instead of asking in slack, is there a bug for the cooperative sticky assignor spreading partitions unevenly across consumers?",jira,Excludes a source,Apache Kafka Jira,train
q01229,Find the slack discussion about the new QA testing protocols.,slack,Names the source,Hard cases (generated),train
q01230,Not looking for slack chatter — I need the design for persisting and retrieving lag on share partitions.,confluence,Excludes a source,Apache Kafka Confluence,train
q01231,"My old website pages are still showing on Google despite updating the SEO. I have already tried removing the old URLs and submitting the updated sitemap to Google, but the issue persists.",kb,Implied source,WixQA,train
q01232,Where's the spec for getting remote log size through DescribeLogDirs?,confluence,Implied source,Apache Kafka Confluence,train
q01233,How can I assign a premium subscription to a different site?,kb,Implied source,WixQA,train
q01234,"In our cross team outage process, what is the expected update rhythm for the shared incident channel from the first message through containment, including when the interval should be shortened?",confluence,Implied source,EnterpriseRAG-Bench,train
q01235,What config changes were proposed for Streams after the consumer got new Duration-based method overloads?,confluence,Implied source,Apache Kafka Confluence,train
q01236,Who helped figure out mounting scsi raid1 disks from a live session when fdisk -l listed nothing?,slack,Implied source,Ubuntu help chat,train
q01237,Does the topic of the latest bug fix conversation align with the ticket details we logged?,jira|slack,Multiple sources,Hard cases (generated),train
q01238,Summarize what you just told me.,,Small talk,Hard cases (generated),train
q01239,hey how's life,,Small talk,CLINC150,train
q01240,"do not use the faq, I need the internal version",confluence,Excludes a source,Hard cases (hand-written),train
q01241,What did PhD B think about meeting diversity?,notion,Implied source,QMSum,train
q01242,Not the design doc — the ticket listing the consumer unit tests that hit a bug with the new group protocol.,jira,Excludes a source,Apache Kafka Jira,train
q01243,i need to check today's email of jack,gmail,Names the source,MASSIVE,train
q01244,What’s the current priority for resolving the billing discrepancies?,slack,Implied source,Hard cases (generated),train
q01245,Find kb content on common installation errors for our software.,kb,Names the source,Hard cases (generated),train
q01246,may i know my insurance benefits,kb,Implied source,CLINC150,train
q01247,How are consistent metadata reads supposed to work when requests go to the least loaded broker?,confluence,Implied source,Apache Kafka Confluence,train
q01248,"In the internal workshop where we deliberately sabotage a client library via a local proxy to test resiliency, what exact fields are required in the saved run trace file format (the per-span identifiers, timestamps, and the single flattened attributes string) so our baseline and failure runs are comparable?",confluence,Unclear source,EnterpriseRAG-Bench,train
q01249,What is the elevation of the city that Joseph John Brovia is from?,web,Implied source,ConcurrentQA,train
q01250,how can I change my account email address,kb,Misleading keyword,WixQA,train
q01251,"For the CartPilot the company trial POC, when is the kickoff sync scheduled and what peak request rate did they say they expect during bursts?",gmail,Implied source,EnterpriseRAG-Bench,train
q01252,How do customers reset their passwords if they forgot them?,kb,Implied source,Hard cases (generated),train
q01253,"consumer-groups describe shows wrong hosts on GKE, anybody file that?",jira,Implied source,Apache Kafka Jira,train
q01254,What's the expected completion timeline for the new payment gateway integration?,jira,Implied source,Hard cases (generated),train
q01255,what is your birthday,,Small talk,CLINC150,train
q01256,What was included in Kirsty Williams AM's explanation about five principles?,notion,Implied source,QMSum,train
q01257,Summarize the discussion about the product features.,notion,Implied source,QMSum,train
q01258,olly any new emails,gmail,Names the source,MASSIVE,train
q01259,What are the five synthetic workload templates defined for the repeatable probe harness that compares competitor model endpoints across regions?,jira,Unclear source,EnterpriseRAG-Bench,train
q01260,who controlled the house and the senate in 2012,web,Implied source,Natural Questions,train
q01261,Information on upgrading to a premium subscription.,kb,Implied source,Hard cases (generated),train
q01262,what's the next day i am scheduled off,kb,Implied source,CLINC150,train
q01263,"how to delete a picture off the contact page and add a new one, and help with slideshow in the Editor",kb,Implied source,WixQA,train
q01264,Just wanted to say thanks for the help.,,Small talk,Hard cases (generated),train
q01265,can you tell me what dirge means,web,Implied source,CLINC150,train
q01266,what episode does caroline get turned into a vampire,web,Implied source,Natural Questions,train
q01267,please check if there is a new email on the inbox,gmail,Names the source,MASSIVE,train
q01268,"Could you get all related content on the last sprint's retrospective—any feedback, completed stories, and suggestions for improvement?",jira|slack|notion,Multiple sources,Hard cases (generated),train
q01269,What did User Interface think of the ergonomic need for remote controls when discussing the user requirement?,notion,Implied source,QMSum,train
q01270,what does alternative mean,web,Implied source,CLINC150,train
q01271,"In the internal shiproom runner notes, what is the target time-to-recover threshold for a verified rollback in staging?",notion,Names the source,EnterpriseRAG-Bench,train
q01272,what mail do i have,gmail,Names the source,MASSIVE,train
q01273,Can you check slack for any updates on the deployment incident and Jira for the resolved ticket status?,jira|slack,Multiple sources,Hard cases (generated),train
q01274,Who pointed out that Streams task idling barely has any test coverage?,jira,Implied source,Apache Kafka Jira,train
q01275,What is the standard amount of time a new hire buddy is expected to spend per day during the first two weeks when a long-term contractor is converted to a full-time employee?,confluence,Implied source,EnterpriseRAG-Bench,train
q01276,display latest emails olly,gmail,Names the source,MASSIVE,train
q01277,can upstart run inside a chroot when the host doesn't use it? anyone answer that,slack,Implied source,Ubuntu help chat,train
q01278,I need to know if more information is required for our platform payment verification status for my individual account.,kb,Implied source,WixQA,train
q01279,My automated emails triggered by form submissions are not sending.,kb,Misleading keyword,WixQA,train
q01280,help me make changes to my insurance policy,kb,Implied source,CLINC150,train
q01281,Please shorten that explanation.,,Small talk,Hard cases (generated),train
q01282,how many episodes in adventure time season 1,web,Implied source,Natural Questions,train
q01283,where does the water come from to fill lake eyre,web,Implied source,Natural Questions,train
q01284,"During a March 2026 prod us-east-1 dedicated incident where a sudden burst of high-concurrency streaming traffic caused intermittent 502/504s due to proxy ephemeral port pressure, what mitigations were applied (replica changes and any kernel/sysctl tuning) and-per the ingress proxy connection-entropy playbook-what RCA artifacts should be captured while the issue is ongoing?",jira|confluence,Multiple sources,EnterpriseRAG-Bench,train
q01285,How are we handling the customer feedback received yesterday?,slack,Implied source,Hard cases (generated),train
q01286,What is the proposed backend API endpoint and query parameters for fetching a trace in either grouped or full detail for the console timeline view?,notion,Unclear source,EnterpriseRAG-Bench,train
q01287,Instructions for resolving common login errors.,kb,Implied source,Hard cases (generated),train
q01288,What's the process for customers to request a refund?,kb,Implied source,Hard cases (generated),train
q01289,what are the subject line and sender from today's email inbox,gmail,Names the source,MASSIVE,train
q01290,Who is handling the front-end development work for the latest project?,jira,Implied source,Hard cases (generated),train
q01291,"What was the root cause and planned server-side fix for the March 2026 incident where function-call webhook callbacks were retried after a timeout and the JSON payload stayed the same, but the HMAC signature header changed between the first delivery and the retry due to gzip/encoding differences?",jira,Implied source,EnterpriseRAG-Bench,train
q01292,How will Streams expose committed offsets through task metadata?,confluence,Implied source,Apache Kafka Confluence,train
q01293,How does the consumer bound total fetch memory across parallel fetches to many brokers?,confluence,Implied source,Apache Kafka Confluence,train
q01294,Where's the slack conversation about the feature freeze policy?,slack,Names the source,Hard cases (generated),train
q01295,"Can you install using a wireless keyboard and mouse, or do you need wired ones? What did the discussion conclude?",slack,Implied source,Ubuntu help chat,train
q01296,"During the 10:00 UTC partial rollout that caused structured function-invocation outputs to sometimes drop or swap argument fields, what small hotfix was added in the batching/serving path to prevent argument-buffer interleaving?",slack,Unclear source,EnterpriseRAG-Bench,train
q01297,have i been sent my w-2 in my email,kb,Misleading keyword,CLINC150,train
q01298,Who finalized the partnership agreement terms with our new vendor?,notion,Implied source,Hard cases (generated),train
q01299,show me my emails from the past hour,gmail,Names the source,MASSIVE,train
q01300,"In the enterprise tenant cutover go-live runbook, what latency threshold triggers escalation based on the 95th percentile being too high, and how long does it need to be sustained?",confluence,Names the source,EnterpriseRAG-Bench,train
q01301,Look in gmail to find any vendor contract updates and also pull up the compliance guidelines from notion.,notion|gmail,Multiple sources,Hard cases (generated),train
q01302,Is there a design for supporting the processing exception handler on GlobalKTable processing so the global thread doesn't kill the app?,confluence,Implied source,Apache Kafka Confluence,train
q01303,"In our multi-customer GPU inference environment, what is the CI-based tool that spins up a sandbox network setup and drives synthetic traffic patterns to catch regressions in outbound routing and bandwidth fairness before infrastructure changes land?",confluence,Unclear source,EnterpriseRAG-Bench,train
q01304,Who should I speak with about the pricing models debated last week?,slack,Implied source,Hard cases (generated),train
q01305,can you update the due date on the Jira epic about API integration?,jira,Names the source,Hard cases (generated),train
q01306,Summarize the discussion on quals and phase normalization,notion,Implied source,QMSum,train
q01307,What did Project Manager think of the cost constraints and financial targets of the new remote control project?,notion,Implied source,QMSum,train
q01308,What is the pricing for email marketing on our platform?,kb,Misleading keyword,WixQA,train
q01309,"someone asked how to echo the current path or a string in the shell, what were they told",slack,Implied source,Ubuntu help chat,train
q01310,"Was ReplicaVerificationTool deprecated, and when is it getting removed?",jira,Implied source,Apache Kafka Jira,train
q01311,how to delete an entire site,kb,Implied source,WixQA,train
q01312,Why is VAT not included on my our platform bill in the UAE?,kb,Implied source,WixQA,train
q01313,What steps and commands were recommended for creating and pushing a signed annotated Git tag and then making a draft GitHub release for the v1.14.0 release?,slack,Implied source,EnterpriseRAG-Bench,train
q01314,what color is the cue ball in pool,web,Implied source,Natural Questions,train
q01315,check email for subject,gmail,Names the source,MASSIVE,train
q01316,"What caused the spike in 502 and 503 errors on the embeddings endpoint for the us-east dedicated pool around March 13, 2026?",jira,Implied source,EnterpriseRAG-Bench,train
q01317,Why do we want the task id attached to StreamsException when it reaches the uncaught exception handler?,confluence,Implied source,Apache Kafka Confluence,train
q01318,"My Premium plan auto-renewed, and Im seeking a refund. The renewal occurred within the last 14 days, so I may be eligible for a refund.",kb,Implied source,WixQA,train
q01319,Why change the default serde in Streams from byte array to null for 3.0?,confluence,Implied source,Apache Kafka Confluence,train
q01320,"i enjoyed talking to you, bye",,Small talk,CLINC150,train
q01321,who won women's singles us open 2017,web,Implied source,Natural Questions,train
q01322,What's the decision of remote feature design?,notion,Implied source,QMSum,train
q01323,find emails from bob about the bulldog,gmail,Names the source,MASSIVE,train
q01324,what can i use you to help me with,,Small talk,CLINC150,train
q01325,When a node becomes active controller it rereads everything from ZooKeeper; why cache the UpdateMetadata requests?,confluence,Implied source,Apache Kafka Confluence,train
q01326,do i have emails,gmail,Names the source,MASSIVE,train
q01327,Look up the customer escalation procedures in notion and see if there's any slack thread about recent escalations.,slack|notion,Multiple sources,Hard cases (generated),train
q01328,I would like to know how to set up all available POS solutions in the UK,kb,Implied source,WixQA,train
q01329,who won the award for best goalkeeper in football world cup 2006,web,Implied source,Natural Questions,train
q01330,Summarize the discussion about industrial and functional design of the product.,notion,Implied source,QMSum,train
q01331,What are the guidelines for setting up user profiles securely?,kb,Implied source,Hard cases (generated),train
q01332,Retrieve the communication from the procurement team about vendor selection criteria.,gmail,Implied source,Hard cases (generated),train
q01333,Locate the slack channel where we talked about deploying updates last week.,slack,Names the source,Hard cases (generated),train
q01334,why did kevin can't wait wife leave the show,web,Implied source,Natural Questions,train
q01335,"What are the proper steps for bumping the Gradle version in the build, beyond editing the wrapper properties?",jira,Implied source,Apache Kafka Jira,train
q01336,urgent bug report link,slack,Implied source,Hard cases (generated),train
q01337,Find all open Jira issues for the vendor contract review.,jira,Names the source,Hard cases (generated),train
q01338,let me know if there are any new emails from ebay,gmail,Names the source,MASSIVE,train
q01339,what sorts of things am i able to ask of you ai,,Small talk,CLINC150,train
q01340,Pull up the conversation on data privacy policies with DataSafe Services.,gmail,Implied source,Hard cases (generated),train
q01341,How can I lower the number of email accounts on my account?,kb,Misleading keyword,WixQA,train
q01342,"Im experiencing an issue with my image on the website. When I try to resize it, the image gets cut off and then multiplies.",kb,Implied source,WixQA,train
q01343,what was the conclusion on the auth rewrite,slack|notion,Multiple sources,Hard cases (hand-written),train
q01344,Creating one topic gets slower as the cluster's topic count grows under KRaft. Was the metadata image performance improved?,jira,Implied source,Apache Kafka Jira,train
q01345,"what are you, a bot or human",,Small talk,CLINC150,train
q01346,The daily newspaper that is edited by Raj Kamal is published in which city?,web,Implied source,ConcurrentQA,train
q01347,How were clients supposed to configure JAAS dynamically instead of via a login config file?,confluence,Implied source,Apache Kafka Confluence,train
q01348,"describe the meaning of ""dog",web,Implied source,CLINC150,train
q01349,"In the recent Performance Management and PIP handbook overhaul, what passing score do managers need on the quiz and what is the due date for completing the required microlearning assignment?",slack,Unclear source,EnterpriseRAG-Bench,train
q01350,"If the demo tenant starts returning 429s mid-demo and the Console dashboards are empty, what are the fastest recovery steps to keep the call moving and what fixes were put in place to prevent this from happening again?",jira|confluence|slack|notion,Multiple sources,EnterpriseRAG-Bench,train
q01351,What's the latest on this morning’s incident response updates?,slack,Implied source,Hard cases (generated),train
q01352,"how are you classified, as a human or a computer",,Small talk,CLINC150,train
q01353,Could you make that statement more concise?,,Small talk,Hard cases (generated),train
q01354,current sprint board,jira,Implied source,Hard cases (generated),train
q01355,Where is the overview of our disaster recovery plan?,confluence,Implied source,Hard cases (generated),train
q01356,was INVALID_UPDATE_VERSION ever renamed to INVALID_PARTITION_EPOCH,jira,Implied source,Apache Kafka Jira,train
q01357,"Not the kb article on flash - in chat, how did people say to make the restricted flash plugin take over from the open source one?",slack,Excludes a source,Ubuntu help chat,train
q01358,What did the group discuss about remote control style and design optimization?,notion,Implied source,QMSum,train
q01359,What did Dr Frank Atherton say about the data?,notion,Implied source,QMSum,train
q01360,Which tasks are marked as high priority for the billing team?,jira,Implied source,Hard cases (generated),train
q01361,how've you been,,Small talk,CLINC150,train
q01362,where could i locate a w2 form from,kb,Implied source,CLINC150,train
q01363,I want to know how to do tests with orders in Stores.,kb,Implied source,WixQA,train
q01364,"What is the company's end-to-end process for making a production change (definition, required approvals, pre-deploy verification, deploy execution, customer/internal communications, and rollback/post-change requirements) for the Hosted API and Console?",confluence,Implied source,EnterpriseRAG-Bench,train
q01365,Do we have the customer escalation protocol documented in notion?,notion,Names the source,Hard cases (generated),train
q01366,Where can users find step-by-step guidance on updating their payment information?,kb,Implied source,Hard cases (generated),train
q01367,"For the Mapflow incident where a segmented batch embedding job caused a negative provisional balance and autopay to be paused, what was the job start time and what date is the full rollout of the permanent ordering-resilient hourly aggregator fix scheduled for?",jira,Implied source,EnterpriseRAG-Bench,train
q01368,"What magazine is more related towards sports, Wings or Forza Milan!?",web,Implied source,ConcurrentQA,train
q01369,do you know the health plan i'm on,kb,Implied source,CLINC150,train
q01370,from where did you originate,,Small talk,CLINC150,train
q01371,Get the details on the thing we planned recently.,kb|notion,Multiple sources,Hard cases (generated),train
q01372,customer feedback July,gmail,Implied source,Hard cases (generated),train
q01373,In slack someone couldn't get an ipod touch to mount - what did they get asked to check?,slack,Names the source,Ubuntu help chat,train
q01374,Which metrics are proposed for the new async consumer under the CONSUMER rebalance protocol?,confluence,Implied source,Apache Kafka Confluence,train
q01375,Over on confluence there's a page about improved operator metrics for Streams — what state metrics does it add?,confluence,Names the source,Apache Kafka Confluence,train
q01376,Is there a jira for gating advertised API versions based on the metadata version?,jira,Names the source,Apache Kafka Jira,train
q01377,Check on the info we mentioned earlier.,kb|notion,Multiple sources,Hard cases (generated),train
q01378,"In the public documentation for searching system activity records, what identifier should examples use instead of showing a persons email address to avoid exposing sensitive personal data?",slack,Misleading keyword,EnterpriseRAG-Bench,train
q01379,find map,web,Implied source,MASSIVE,train
q01380,i didn't get your name,,Small talk,CLINC150,train
q01381,what should i use when i refer to you,,Small talk,CLINC150,train
q01382,"My customers are unable to complete orders with the message ""Sorry, we are not accepting orders."" I am using cash on delivery as the payment method and do not have a premium plan. If I want to receive manual payments, do I have to buy a plan?",kb,Implied source,WixQA,train
q01383,how to check if domain is properly connected,kb,Implied source,WixQA,train
q01384,"Reword the last sentence, please.",,Small talk,Hard cases (generated),train
q01385,what is an open university grade 3 pass,web,Implied source,Natural Questions,train
q01386,Check for Tony's message about the changes in the support contract terms.,gmail,Implied source,Hard cases (generated),train
q01387,i want to cancel a business email,kb,Misleading keyword,WixQA,train
q01388,show me the latest emails from amazon,gmail,Names the source,MASSIVE,train
q01389,What was said on women issues?,notion,Implied source,QMSum,train
q01390,"Forget slack, is there a proposal for quotas at the topic partition level rather than per user or client?",confluence,Excludes a source,Apache Kafka Confluence,train
q01391,when is the world consumer right day celebrated,web,Implied source,Natural Questions,train
q01392,Was the check in MM2 checkpoint sync that skips offsets smaller than the target's current offset removed?,jira,Implied source,Apache Kafka Jira,train
q01393,"CooperativeStickyAssignor revoked and reassigned a partition within the same rebalance, is there a bug ticket for this?",jira,Names the source,Apache Kafka Jira,train
q01394,Need to kill a stuck teamviewer process from the terminal; what commands came up besides htop?,slack,Implied source,Ubuntu help chat,train
q01395,On what date was the film released that Danina Jeftic came to national media attention with?,web,Implied source,ConcurrentQA,train
q01396,where is fe best absorbed in the body,web,Implied source,Natural Questions,train
q01397,did charlotte responded,gmail,Implied source,MASSIVE,train
q01398,What was to be included in the new form arrangement?,notion,Implied source,QMSum,train
q01399,who proclaimed 5th october as world’s teachers day,web,Implied source,Natural Questions,train
q01400,find the next holiday,kb,Implied source,CLINC150,train
q01401,"Can you reconcile the current public error contract for data residency policy blocks across the ADR, the gateway implementation, and the PM requirements, and confirm the exact HTTP status and error.code/subcode fields SDKs should key off of?",jira|confluence,Multiple sources,EnterpriseRAG-Bench,train
q01402,Why did Connect move away from stop-the-world rebalancing of connectors and tasks?,confluence,Implied source,Apache Kafka Confluence,train
q01403,"In the help channel, which library got recommended for querying an mssql database on a windows server from linux?",slack,Names the source,Ubuntu help chat,train
q01404,"Reassigning tiered topics gets stuck with RemoteStorageException on followers; skip the runbook, I want the actual ticket.",jira,Excludes a source,Apache Kafka Jira,train
q01405,What is the phased rollout schedule for removing the legacy compatibility proxy and migrating old persisted flag configs to a single newer schema?,jira,Implied source,EnterpriseRAG-Bench,train
q01406,pricing tier details,confluence,Implied source,Hard cases (generated),train
q01407,What is the proposed weekly cleanup schedule and routine for tidying the engineering kitchen fridge so old opened items get discarded?,notion,Unclear source,EnterpriseRAG-Bench,train
q01408,who played joey's agent estelle on friends,web,Implied source,Natural Questions,train
q01409,"Sound cutting out intermittently in a game running under wine, where did people send them?",slack,Implied source,Ubuntu help chat,train
q01410,Would the government enhance the Canada summer jobs program?,notion,Implied source,QMSum,train
q01411,Hiding a gnome panel while compiz and the dock are running but showing it under metacity: what was suggested?,slack,Implied source,Ubuntu help chat,train
q01412,"Im not seeing a payment reflected in my Chase account from a payout through our platform. The payout status is fine, and it has been 4 days since it was sent.",kb,Implied source,WixQA,train
q01413,Will CreateTopics return the topic id when the topic already exists?,jira,Implied source,Apache Kafka Jira,train
q01414,what is a neutral density filter and would i want a gradient one or a solid one also which would be better in style between the screw on one and the square ones,web,Implied source,MASSIVE,train
q01415,"After a recent network change at the SoMa office, users on corporate WiFi saw VPN access to an internal 10.11.x service fail and SSO logins time out because an office bridge was translating client addresses. What device mode misconfiguration caused the source IP rewrite?",jira,Implied source,EnterpriseRAG-Bench,train
q01416,Where can I find the latest article in the knowledge base about password reset procedures?,kb,Names the source,Hard cases (generated),train
q01417,is there no way to get a domain name and set up a simple website for free,kb,Implied source,WixQA,train
q01418,tell me a joke about cows,,Small talk,CLINC150,train
q01419,were any new emails received,gmail,Names the source,MASSIVE,train
q01420,"For a shadow evaluation running in a private deployment using an evaluator sidecar, what fields are required in each shadow probe telemetry record, and which run-lifecycle telemetry events must the evaluator emit?",confluence,Unclear source,EnterpriseRAG-Bench,train
q01421,"Who’s handling the front-end redesign task, and what’s the status on the latest sprint activities?",jira|slack,Multiple sources,Hard cases (generated),train
q01422,Could you find the correspondence from the previous task?,kb|notion,Multiple sources,Hard cases (generated),train
q01423,Is anyone adding tests to OffsetsRequestManager so it matches OffsetFetcher's coverage?,jira,Implied source,Apache Kafka Jira,train
q01424,Proposed config changes so the remote storage manager can see per-topic configurations?,confluence,Implied source,Apache Kafka Confluence,train
q01425,I would like to know how many sites I can have.,kb,Implied source,WixQA,train
q01426,Ignore the broker config docs saying ssl.enabled.protocols is dynamic; is there a ticket about the update not actually taking effect?,jira,Excludes a source,Apache Kafka Jira,train
q01427,need clarification on what we were dealing with,slack|notion,Multiple sources,Hard cases (generated),train
q01428,"What caused the GPU training slowdowns in one us-east rack where same-rack pod latency jumped to tens of milliseconds and NCCL allreduce started timing out, and what network symptom on the top-of-rack switch pointed to it?",slack,Unclear source,EnterpriseRAG-Bench,train
q01429,Have the Netty and Jackson CVEs from 2022 been patched with dependency upgrades?,jira,Implied source,Apache Kafka Jira,train
q01430,Can you simplify that explanation?,,Small talk,Hard cases (generated),train
q01431,"As of 2016, how many people lived in the larger urban area of this city in Denmark, where the Bellevue Teatret can be found just its northern outskirts?",web,Implied source,ConcurrentQA,train
q01432,Are the Connect system tests using the new health check endpoint to wait for workers yet?,jira,Implied source,Apache Kafka Jira,train
q01433,would you tell me a joke,,Small talk,CLINC150,train
q01434,How is cordoning brokers and log directories supposed to keep new partitions off them?,confluence,Implied source,Apache Kafka Confluence,train
q01435,who has played in the most premier league derbies,web,Implied source,Natural Questions,train
q01436,how to double-check that my website is pointing correctly,kb,Implied source,WixQA,train
q01437,Check recent slak messages about the incident with server #42.,slack,Implied source,Hard cases (generated),train
q01438,"Where was the noted novelist, whose best know literary work's first 13 chaprers were published in ""The Little Review"", from?",web,Implied source,ConcurrentQA,train
q01439,Can you pull up the slack thread about the design review for the homepage revamp?,slack,Names the source,Hard cases (generated),train
q01440,Has anyone gotten 3d acceleration working with a pcie ati card? I'd rather have the chat replies than the driver howto,slack,Excludes a source,Ubuntu help chat,train
q01441,Searching for the comprehensive overview of our pricing tiers.,confluence,Implied source,Hard cases (generated),train
q01442,when did the botswana currency first come into circulation,web,Implied source,Natural Questions,train
q01443,when did russia join the world economic forum,web,Implied source,Natural Questions,train
q01444,who is the owner of phoenix mall in chennai,web,Implied source,Natural Questions,train
q01445,Check jira for the latest status on the onboarding automation bug and see if there's a kb article explaining workarounds.,kb|jira,Multiple sources,Hard cases (generated),train
q01446,Why did User Interface disagree with Industrial Designer when talking about having the screen on the television screen?,notion,Implied source,QMSum,train
q01447,"Not the release notes, I want the issue about the kraft upgrade system test failing on the features upgrade command.",jira,Excludes a source,Apache Kafka Jira,train
q01448,tickets with no assignee,jira,Excludes a source,Hard cases (hand-written),train
q01449,Any final thoughts on the remote work policy changes?,slack,Implied source,Hard cases (generated),train
q01450,Look up in jira if the incident from last night is logged and if the kb has an updated FAQ about it.,kb|jira,Multiple sources,Hard cases (generated),train
q01451,Broker exits on startup with OAuth validation enabled unless the jwks retry backoff settings are set. Which version fixed it?,jira,Implied source,Apache Kafka Jira,train
q01452,did i get an email from jen last night,gmail,Names the source,MASSIVE,train
q01453,when did the movie breakfast club come out,web,Implied source,Natural Questions,train
q01454,What is the planned overnight time window in late March 2026 for rotating and rekeying the secrets used by automation accounts during a contractor to full time transition?,jira,Unclear source,EnterpriseRAG-Bench,train
q01455,Summarize the discussion about finance.,notion,Implied source,QMSum,train
q01456,Not the slack discussion; the spec for partition size percentage metrics for storage monitoring.,confluence,Excludes a source,Apache Kafka Confluence,train
q01457,thanks for helping me out today,,Small talk,CLINC150,train
q01458,have any emails come in since four hundred today,gmail,Names the source,MASSIVE,train
q01459,Check if any work for the API versioning is still open.,jira,Implied source,Hard cases (generated),train
q01460,Who changed the consumer close-on-interrupt tests to stop relying on the broker seeing group leave?,jira,Implied source,Apache Kafka Jira,train
q01461,let me know what you can assist me with,,Small talk,CLINC150,train
q01462,let me thank you,,Small talk,CLINC150,train
q01463,what type of legal system is used in the uk,web,Implied source,Natural Questions,train
q01464,"I am unable to manually add a site member to a private group on the our platform dashboard without sending an invitation. I tried making the group public temporarily and adding the member, but it did not work.",kb,Implied source,WixQA,train
q01465,alarm if any new reply from the boss,gmail,Implied source,MASSIVE,train
q01466,Skip the confluence security page; was there an issue filed about KRaft brokers not working with SASL/SCRAM auth?,jira,Excludes a source,Apache Kafka Jira,train
q01467,what name should i use to call for you,,Small talk,CLINC150,train
q01468,what is the data residency policy,kb,Unclear source,Hard cases (hand-written),train
q01469,"someone asked how to release and renew a dhcp lease on 14.04 in the help channel, what links did they get?",slack,Names the source,Ubuntu help chat,train
q01470,"In the Console feature that compares canary or A-B cohorts and links metric anomalies to request traces, what customer tiers are allowed into the beta via a feature flag gate?",jira,Implied source,EnterpriseRAG-Bench,train
q01471,"Im unable to access the Google Maps element in the footer of my site. Im having trouble removing it, and I dont know where the overlapping items feature is located.",kb,Implied source,WixQA,train
q01472,What’s the latest decision on the new holiday policy that was talked about earlier?,slack,Implied source,Hard cases (generated),train
q01473,Check slack for any updates on the deployment incident and the corresponding meeting notes in notion.,slack|notion,Multiple sources,Hard cases (generated),train
q01474,How does pre-vote stop disruptive servers from forcing elections during network partitions in the controller quorum?,confluence,Implied source,Apache Kafka Confluence,train
q01475,"In a private VPC deployment using SSO via our identity-proxy, what caused the intermittent 403 RBAC denials that occurred right after an IdP group membership sync for users who were already logged in (and were fixed by logging out/in), and what mitigation plus long-term server-side fix did we apply?",jira,Implied source,EnterpriseRAG-Bench,train
q01476,did i get any replies from jan,gmail,Implied source,MASSIVE,train
q01477,"Awesome, thanks for clarifying!",,Small talk,Hard cases (generated),train
q01478,The features tool's version-mapping subcommand demands a bootstrap server. Which version stopped requiring that?,jira,Implied source,Apache Kafka Jira,train
q01479,See what's decided about the bug prioritization and verify if we've received a response from the support ticket escalation.,slack|gmail,Multiple sources,Hard cases (generated),train
q01480,what's the date of the next closest holiday,kb,Implied source,CLINC150,train
q01481,What did Marketing talk about market trend findings?,notion,Implied source,QMSum,train
q01482,round robin partitioner only hits half the partitions when the count is even?? why,jira,Implied source,Apache Kafka Jira,train
q01483,Where are details on the adjustments to employee evaluation metrics?,kb,Implied source,Hard cases (generated),train
q01484,Where are we with the performance optimizations discussed earlier?,slack,Implied source,Hard cases (generated),train
q01485,"In slack, was there a thread about installing samba for active directory and creating student usernames?",slack,Names the source,Ubuntu help chat,train
q01486,Why add canTrackSource to the replication policy interface for people migrating off MirrorMaker 1?,confluence,Implied source,Apache Kafka Confluence,train
q01487,Appreciate your support on this!,,Small talk,Hard cases (generated),train
q01488,new insurance is obtainable how,kb,Implied source,CLINC150,train
q01489,I need to know how to change the order of my products.,kb,Implied source,WixQA,train
q01490,were you made here,,Small talk,CLINC150,train
q01491,so are you a real person,,Small talk,CLINC150,train
q01492,Where is the communication from Alex discussing the new hire process changes?,gmail,Implied source,Hard cases (generated),train
q01493,Could you summarize that last message for me?,,Small talk,Hard cases (generated),train
q01494,what is the most unique piece of trivia relating to cameras,web,Implied source,CLINC150,train
q01495,I need access to the latest competitive analysis.,confluence,Implied source,Hard cases (generated),train
q01496,Was there any follow-up on the product design comments made earlier today?,slack,Implied source,Hard cases (generated),train
q01497,kb details on resolving account lockout situations?,kb,Names the source,Hard cases (generated),train
q01498,is there a mechanism planned for automatically detecting internal API usage? wiki page?,confluence,Names the source,Apache Kafka Confluence,train
q01499,Check if there's any update from Zoe regarding the new hire's visa application and get me the agenda for last week's design sprint review meeting document.,notion|gmail,Multiple sources,Hard cases (generated),train
q01500,"For the upcoming joint demo with a Japan-based logistics customer, what document did they prefer for trial procurement instead of a full purchase order?",gmail,Implied source,EnterpriseRAG-Bench,train
q01501,Can you grab the latest team meeting notes from notion?,notion,Names the source,Hard cases (generated),train
q01502,how to report someone infringing on copyright,kb,Implied source,WixQA,train
q01503,"In the discussion of favourite animals, what was said about User Interface's choice?",notion,Implied source,QMSum,train
q01504,Is the old tasks-config REST endpoint in Connect being deprecated and removed?,jira,Implied source,Apache Kafka Jira,train
q01505,What does the design doc say about incrementalAlterConfigs behaving differently via bootstrap.controllers vs bootstrap.servers?,confluence,Names the source,Apache Kafka Confluence,train
q01506,Is there a due date for the security patch release in jria?,jira,Implied source,Hard cases (generated),train
q01507,Has the reproducible archives option been switched back on since the Gradle 9 upgrade?,jira,Implied source,Apache Kafka Jira,train
q01508,Why did Project Manager propose that the product should be international when discussing the product features?,notion,Implied source,QMSum,train
q01509,Are we still exposed to the netty CVE-2022-24823 or was the dependency bumped?,jira,Implied source,Apache Kafka Jira,train
q01510,What did Industrial Designer think about the ten digits when discussing interface design of remote control?,notion,Implied source,QMSum,train
q01511,what's the definition of indignation,web,Implied source,MASSIVE,train
q01512,"In a recent GPU incident in us-east after a driver update, what load balancer network setting change was suspected as contributing to the NCCL watchdog timeouts and Xid errors?",slack,Unclear source,EnterpriseRAG-Bench,train
q01513,Is there a jira to clarify that min.insync.replicas can't exceed the replication factor?,jira,Names the source,Apache Kafka Jira,train
q01514,what types of things are you able to do,,Small talk,CLINC150,train
q01515,can i get my w2 online,kb,Implied source,CLINC150,train
q01516,i want to know if i have any emails with the subject line budget from eddie richards,gmail,Names the source,MASSIVE,train
q01517,is there a new mail from jay in the inbox,gmail,Names the source,MASSIVE,train
q01518,What's the difference between 'site sessions' and 'unique visitors'?,kb,Implied source,WixQA,train
q01519,"In our internal dry run of marketplace onboarding, what time window did the team suggest we describe as a normal entitlement sync delay before telling customers to contact support?",notion,Unclear source,EnterpriseRAG-Bench,train
q01520,"In the GPU reservation proposal for a pharma company with nightly model scoring and some real time triage traffic, what was the estimated cache warmup cost expressed in token hours for the smallest configuration?",gmail,Implied source,EnterpriseRAG-Bench,train
q01521,"What is the approved wording to use when a prospect demands EU-only data residency and no non-EU support access for the Hosted API, and who do we need to escalate to if they want that as a contractual commitment?",confluence|slack|gmail,Multiple sources,EnterpriseRAG-Bench,train
q01522,who conducted the opening concert at carnegie hall,web,Implied source,Natural Questions,train
q01523,Overview of work items completed in this quarter.,jira,Implied source,Hard cases (generated),train
q01524,am i speaking with someone real,,Small talk,CLINC150,train
q01525,"great talk, take it easy",,Small talk,CLINC150,train
q01526,What were the two immediate options the SRE suggested when a finance customer could not reserve four A100 GPUs in eu-west-1 due to insufficient capacity?,slack,Implied source,EnterpriseRAG-Bench,train
q01527,"What time was the fantasy football mock draft scheduled for, and which time zone was it in?",slack,Implied source,EnterpriseRAG-Bench,train
q01528,see if there are any customer escalation details in slack and match them with their Jira tickets.,jira|slack,Multiple sources,Hard cases (generated),train
q01529,there is no way there is not a ticket,jira,Excludes a source,Hard cases (hand-written),train
q01530,Please condense that last part.,,Small talk,Hard cases (generated),train
q01531,when was the abacus invented in ancient china,web,Implied source,Natural Questions,train
q01532,Compiling xchat from source complained glib was missing. What shortcut was suggested for pulling all build dependencies?,slack,Implied source,Ubuntu help chat,train
q01533,Details on how we manage code reviews for the mobile app team?,confluence,Implied source,Hard cases (generated),train
q01534,how do i get a w2 form and from where,kb,Implied source,CLINC150,train
q01535,Find the exchange with Zeta Tech on the pricing negotiations for Q3.,gmail,Implied source,Hard cases (generated),train
q01536,Summarize the discussion about user requirements.,notion,Implied source,QMSum,train
q01537,Locate the message from our partner about the API integration timeline.,gmail,Implied source,Hard cases (generated),train
q01538,has john sent me any new emails,gmail,Names the source,MASSIVE,train
q01539,"Collect all relevant information on the Q4 Product Launch, including all internal talks and emails to partners.",confluence|slack|gmail,Multiple sources,Hard cases (generated),train
q01540,KRaft controller request metrics report remote time as local time — what's the root cause?,jira,Implied source,Apache Kafka Jira,train
q01541,the definition of life,web,Implied source,MASSIVE,train
q01542,Why expose record headers in the producer interceptor's onAcknowledgement callback?,confluence,Implied source,Apache Kafka Confluence,train
q01543,Where are the instructions on deploying updates safely?,confluence,Implied source,Hard cases (generated),train
q01544,What did people decide on screen usage when discussing the necessity of screen?,notion,Implied source,QMSum,train
q01545,Search for the vendor contracts summary on notion.,notion,Names the source,Hard cases (generated),train
q01546,Are the deadlines in the epic consistent with the timeline proposed in the roadmap plan?,jira|confluence,Multiple sources,Hard cases (generated),train
q01547,What are the acceptance criteria for the project introducing an algorithm to generate interactive UI color states and a Kappa-style elevation scale for dense table and grid components?,jira,Implied source,EnterpriseRAG-Bench,train
q01548,"I am inquiring about purchasing the yearly premium plan for $17.00, which includes a free domain for 1 year. However, the voucher does not show up at checkout. Do I need to purchase the plan first and then will the voucher be available to activate?",kb,Implied source,WixQA,train
q01549,Update on the QA test cases for the new release cycle and the FAQ on resolving slow application performance for users?,kb|jira,Multiple sources,Hard cases (generated),train
q01550,"What is the HTTP endpoint and method for the new service that returns recommended default profiles for batching, cache lifetimes, and quantization based on recent traffic telemetry?",jira,Implied source,EnterpriseRAG-Bench,train
q01551,"What rock band from Coral Springs, Florida had a music video debut on TRL in August?",web,Implied source,ConcurrentQA,train
q01552,tell me something to make me laugh,,Small talk,CLINC150,train
q01553,let me know of any incoming emails for the last hour please,gmail,Names the source,MASSIVE,train
q01554,"How was the tourism industry in Canada being affected, and what was the government`s implementations to ease the loss?",notion,Implied source,QMSum,train
q01555,What are the steps for users to find their annual subscription renewal date?,kb,Implied source,Hard cases (generated),train
q01556,Trying to find the criteria we use for vendor selection.,confluence,Implied source,Hard cases (generated),train
q01557,Im using the website editor and Im experiencing free space on the edges of my site on larger screens. I need to understand why this is happening and how to correct it.,kb,Implied source,WixQA,train
q01558,"When zstd compression was added, what was the motivation and the compatibility plan for older consumers?",confluence,Implied source,Apache Kafka Confluence,train
q01559,I want to know how to add or mark a certain item as low in stock in my our platform shoe store.,kb,Implied source,WixQA,train
q01560,"Any updates on the API downtime discussion, and is there an ETA on the database migration ticket?",jira|slack,Multiple sources,Hard cases (generated),train
q01561,How can I ensure my website www.momsroots.com is published on Google and indexed by search engines?,kb,Implied source,WixQA,train
q01562,perf test always sends null keys - whats the proposal to add a key range?,confluence,Implied source,Apache Kafka Confluence,train
q01563,where was the war of the planet of the apes filmed,web,Implied source,Natural Questions,train
q01564,how do i cancel my ezchamps VIP Premium plan?,kb,Implied source,WixQA,train
q01565,Does anyone have the content on the requirements for the new feature set?,confluence,Implied source,Hard cases (generated),train
q01566,really great!,,Small talk,CLINC150,train
q01567,please find the summary of our previous talk,jira|slack,Multiple sources,Hard cases (generated),train
q01568,"throttling the number of active producer IDs, is that on the wiki somewhere?",confluence,Names the source,Apache Kafka Confluence,train
q01569,I can't see how to edit my website,kb,Implied source,WixQA,train
q01570,Why did the 3am nightly release pipeline stop uploading build artifacts to the internal S3 style storage after a security sudo policy update?,jira,Implied source,EnterpriseRAG-Bench,train
q01571,what's the definition of patriarchy,web,Implied source,CLINC150,train
q01572,"During a connection storm, why does the socket server need fairness between new and existing connections?",confluence,Implied source,Apache Kafka Confluence,train
q01573,do I have to give my login to a website designer to work on my site,kb,Implied source,WixQA,train
q01574,define my health benefits,kb,Implied source,CLINC150,train
q01575,"skip email, what did slack say",slack,Excludes a source,Hard cases (hand-written),train
q01576,"Where are the minutes from last week's design review, and are there troubleshooting guides for login errors?",kb|notion,Multiple sources,Hard cases (generated),train
q01577,"Gather all available resources on feature deployment for the Q2 release, including the roadmap, any blocked items, and customer support docs.",kb|jira|confluence,Multiple sources,Hard cases (generated),train
q01578,what can you do for me,,Small talk,CLINC150,train
q01579,is there any new emails,gmail,Names the source,MASSIVE,train
q01580,What is the status of the segmenter,notion,Implied source,QMSum,train
q01581,Design doc for cooperative incremental rebalancing in the consumer client?,confluence,Names the source,Apache Kafka Confluence,train
q01582,which approach to psychology focuses on the body especially the brain and nervous system,web,Implied source,Natural Questions,train
q01583,how does team billing work,kb,Unclear source,Hard cases (hand-written),train
q01584,"In the the company and Acme service assurance negotiation, what timing did the company agree to for sending an initial incident summary after a Severity 1 outage?",gmail,Implied source,EnterpriseRAG-Bench,train
q01585,check most current emails,gmail,Names the source,MASSIVE,train
q01586,what are three different types of hotel properties,web,Implied source,Natural Questions,train
q01587,what did we decide about branch naming,slack|notion,Multiple sources,Hard cases (hand-written),train
q01588,Why make the Connect source producer idempotent instead of using the current safe producer settings?,confluence,Implied source,Apache Kafka Confluence,train
q01589,"In the service that lets clients discover which language models are available, where is the advisory 0 to 100 score documented that helps automatic selection based on feature match between our capability names and an OpenAI style interface?",jira,Unclear source,EnterpriseRAG-Bench,train
q01590,Rationale for letting producers and consumers rebootstrap when all known brokers change?,confluence,Implied source,Apache Kafka Confluence,train
q01591,"For the Q3 KPI dashboard email thread, what was the quarterly uptime percentage and how far below the target was it, and which JIRA ticket was Jonas going to create to track the infra changes?",gmail,Misleading keyword,EnterpriseRAG-Bench,train
q01592,Help with a writer macro for SetRowHeight that the recorder missed - where were they pointed?,slack,Implied source,Ubuntu help chat,train
q01593,did i email tom on the subject of gun control,gmail,Names the source,MASSIVE,train
q01594,Uninstalled the mail client but its menu entry stuck around. What was the fix for removing it from the menu?,slack,Misleading keyword,Ubuntu help chat,train
q01595,what are some funny jokes,,Small talk,CLINC150,train
q01596,Compatibility considerations for adding cause-taking constructors to ConfigException?,confluence,Implied source,Apache Kafka Confluence,train
q01597,what is the answer to life,web,Implied source,MASSIVE,train
q01598,Summarize the discussion about User Interface design about remote control.,notion,Implied source,QMSum,train
q01599,When does booking open for the new top end 80GB accelerator on dedicated clusters in the EU Central and India South locations?,slack,Unclear source,EnterpriseRAG-Bench,train
q01600,who makes the important government decisions in an autocracy,web,Implied source,Natural Questions,train
q01601,"TopologyTestDriver shouldnt need a Properties arg, what was the plan for that?",confluence,Implied source,Apache Kafka Confluence,train
q01602,Can someone direct me to the emergency response plan?,confluence,Implied source,Hard cases (generated),train
q01603,Status of the task regarding the database schema update.,jira,Implied source,Hard cases (generated),train
q01604,"The basketball team that was led by head coach Mark Few during the 2010-11 NCAA Division I season played their home games at the McCarthey Athletic Center, on the campus of a university founded in what year?",web,Implied source,ConcurrentQA,train
q01605,what size is a sperm whale,web,Implied source,MASSIVE,train
q01606,hi how is everything,,Small talk,CLINC150,train
q01607,MessagesInPerSec is only topic-level; what partition-level throughput metrics are proposed?,confluence,Implied source,Apache Kafka Confluence,train
q01608,What did you mean by that?,,Small talk,Hard cases (generated),train
q01609,What is the three-step message sequence used for the new cross-language streaming startup handshake in the SDKs?,jira,Implied source,EnterpriseRAG-Bench,train
q01610,Steps for users who need a refund for a recent purchase?,kb,Implied source,Hard cases (generated),train
q01611,it was nice to speak with you,,Small talk,CLINC150,train
q01612,who sang i dig rock and roll music,web,Implied source,Natural Questions,train
q01613,incident response guide,confluence,Implied source,Hard cases (generated),train
q01614,"""What is the complete required content of a production rollout plan for introducing a new LLM model version on the company (hosted, dedicated, and private), including required metrics/thresholds, approvals, rollback/fallback rules, and customer-facing communications?""",confluence,Implied source,EnterpriseRAG-Bench,train
q01615,status of ticket #45678 in jira and related design doc in notion,jira|notion,Multiple sources,Hard cases (generated),train
q01616,"Which stream processing frameworks, like MillWheel, were surveyed as related work for the Streams design?",confluence,Implied source,Apache Kafka Confluence,train
q01617,Language generation,notion,Implied source,QMSum,train
q01618,Summarize the discussion on looking at feature streams,notion,Implied source,QMSum,train
q01619,What did group mates think of a universal design suggested by Industrial Designer?,notion,Implied source,QMSum,train
q01620,how to reorder plan options during checkout in our platform,kb,Implied source,WixQA,train
q01621,Who is in charge of the mobile app optimization work?,jira,Implied source,Hard cases (generated),train
q01622,how old are you as of today,,Small talk,CLINC150,train
q01623,Summarize the decision of the discussion about the conflict over combining all the remotes content together versus having five different remotes.,notion,Implied source,QMSum,train
q01624,Streaming chat requests sometimes return a generic 500 when region pinning should block them; what is the canonical residency violation error contract and where in the gateway and Python SDK do we enforce it?,jira|confluence,Multiple sources,EnterpriseRAG-Bench,train
q01625,exactly-once v2 duplicates when tasks get revoked — why does Streams commit the transaction wrongly there?,jira,Implied source,Apache Kafka Jira,train
q01626,how are things going,,Small talk,CLINC150,train
q01627,"In the OpenAI compatibility adapter update for the company deployments, what priority order does the normalizer use to resolve conflicting tool selection hints?",jira,Implied source,EnterpriseRAG-Bench,train
q01628,I need help adding a picture to my lightbox background,kb,Implied source,WixQA,train
q01629,who plays the prosecutor on law and order svu,web,Implied source,Natural Questions,train
q01630,why block really old client versions on brokers?,confluence,Implied source,Apache Kafka Confluence,train
q01631,What's the conclusion of the discussion about the outer casing when the team was talking over the appearances of the new remotes?,notion,Implied source,QMSum,train
q01632,Have the performance improvements for the mobile app been completed yet?,jira,Implied source,Hard cases (generated),train
q01633,What was the seating capacity of the arena where the 2017 Atlantic Hockey Tournament was played?,web,Implied source,ConcurrentQA,train
q01634,Where can I access the architecture overview for the upcoming release?,confluence,Implied source,Hard cases (generated),train
q01635,"how is the per-record hook for consumers supposed to work, since the interceptor only sees the whole batch",confluence,Implied source,Apache Kafka Confluence,train
q01636,Are there any updates on the job listing for the product designer role?,slack,Implied source,Hard cases (generated),train
q01637,Look up our current pricing strategy in notion.,notion,Names the source,Hard cases (generated),train
q01638,I want to enable customers to personalize shirts on my website by adding their name. I need guidance on adding a custom text field to the product page for this purpose.,kb,Implied source,WixQA,train
q01639,python-pykickstart isn't in the 10.04 repos - what advice was given about finding a compatible .deb?,slack,Implied source,Ubuntu help chat,train
q01640,how to set up offline payments for invoices on our platform,kb,Implied source,WixQA,train
q01641,Need guidance on the approval process for budgetary allocations.,kb,Implied source,Hard cases (generated),train
q01642,where should i go to get a w2 to do my taxes,kb,Implied source,CLINC150,train
q01643,"So, I'm trying to recall who mentioned the new feature launch timeline in yesterday's meeting—was it Casey or Laura—and if there’s any email thread that included the finalized dates, that would really help align our marketing materials accurately.",slack|gmail,Multiple sources,Hard cases (generated),train
q01644,"Look up the security policy draft on notoin, please.",notion,Implied source,Hard cases (generated),train
q01645,Can I use last year's tax return for the verification process of my Payments account until I receive the letter of determination from the IRS?,kb,Implied source,WixQA,train
q01646,What were measures to make sure the effectiveness of the bill to ban physical punishment?,notion,Implied source,QMSum,train
q01647,What new config is proposed for the TTL on the tiered storage index cache?,confluence,Implied source,Apache Kafka Confluence,train
q01648,Look up the last update from our supplier about the hardware shipment delay.,gmail,Implied source,Hard cases (generated),train
q01649,"Is it safe to disable ipv6, and can it be done without a reboot? What did people say?",slack,Implied source,Ubuntu help chat,train
q01650,i must rollover my 401k,kb,Implied source,CLINC150,train
q01651,"In our offline installer release process, how do we expose per-component supply chain provenance so an operator can see which build system and commit produced each piece and optionally enforce that missing or bad attestations fail the index step?",jira,Implied source,EnterpriseRAG-Bench,train
q01652,"In the draft spec about extending a routing policy engine for automated regional failover, what is the proposed priority order for evaluating different failure signals when deciding whether to shift traffic or fail over?",notion,Names the source,EnterpriseRAG-Bench,train
q01653,who is the head of the department of homeland security 2017,web,Implied source,Natural Questions,train
q01654,how're you doing,,Small talk,CLINC150,train
q01655,how many tornado planes does the uk have,web,Implied source,Natural Questions,train
q01656,Do we have any recent communication about the SLA adjustments with that cloud provider?,gmail,Implied source,Hard cases (generated),train
q01657,has mike sent me an email,gmail,Names the source,MASSIVE,train
q01658,Summarize the discussion about the evaluation about the new remote controls.,notion,Implied source,QMSum,train
q01659,what was the subject of the last email from mom,gmail,Names the source,MASSIVE,train
q01660,Find the latest discussion in slck on the new UX design updates.,slack,Implied source,Hard cases (generated),train
q01661,"What maintenance window and expected downtime were planned for the rollout bringing up new dedicated GPU capacity nodes, including the canary and broader rollout dates?",slack,Unclear source,EnterpriseRAG-Bench,train
q01662,Please search for updates on that situation we reviewed.,kb|notion,Multiple sources,Hard cases (generated),train
q01663,What caused the March 2026 morning spike where a dedicated east coast deployment started cutting off live generated replies mid stream and briefly overcounted usage charges due to retry and double counting behavior?,jira,Implied source,EnterpriseRAG-Bench,train
q01664,can you help me change my insurance policy,kb,Implied source,CLINC150,train
q01665,Not the MirrorMaker wiki page — I need the ticket about per-replication producer settings like batch.size being ignored in MM2.,jira,Excludes a source,Apache Kafka Jira,train
q01666,What did the group discuss about the object of the remote control?,notion,Implied source,QMSum,train
q01667,For what reason did the Project Manager insist that the discussion of project initiation should be kept in writing form?,notion,Implied source,QMSum,train
q01668,"In our model serving runtime, what is the new approach that chooses between two attention implementations at execution time to cut tail latency on mixed prompt lengths and avoid costly cache page swapping on very long contexts?",jira,Implied source,EnterpriseRAG-Bench,train
q01669,what is the capital of denmark,web,Implied source,MASSIVE,train
q01670,how would you define my health benefits,kb,Implied source,CLINC150,train
q01671,"Born on 2/1/1897, Eddie Doyle did hurling with a local club based in a census town in Ireland whose population was what as of the 2011 census?",web,Implied source,ConcurrentQA,train
q01672,what rental insurance policy do you recommend,kb,Implied source,CLINC150,train
q01673,What's the protocol for handling customer data in compliance with GDPR?,confluence,Implied source,Hard cases (generated),train
q01674,Not the jira bug — what does the design say about consumers reading remote tiered segments directly?,confluence,Excludes a source,Apache Kafka Confluence,train
q01675,"Which bank client got a temporary signoff to keep normal processing in Europe but let traffic switch to a US site only during disaster recovery drills or when the EU cluster is degraded, with payload logging turned off, and what were the start and end dates of that allowance?",confluence,Unclear source,EnterpriseRAG-Bench,train
q01676,Can you confirm the latest product roadmap in the internal doc aligns with what was sent to partners in the recent email thread?,confluence|gmail,Multiple sources,Hard cases (generated),train
q01677,"In a customer owned cloud network peered to our control plane, why would big model artifact downloads over long lived encrypted multiplexed streams start hanging after a transit vendor policy change, then immediately work again when the node packet size limit is lowered?",jira,Implied source,EnterpriseRAG-Bench,train
q01678,SslTransportLayerTest failing on Java 25 — is that blocking the Java 25 build support?,jira,Implied source,Apache Kafka Jira,train
q01679,"Can you pull everything related to the Titan vendor contracts? Include any internal threads, task records, and knowledge base entries.",kb|jira|slack,Multiple sources,Hard cases (generated),train
q01680,when did we decide to leave the eu,web,Implied source,Natural Questions,train
q01681,Is the producer docs wording on retries and idempotence ordering actually wrong? Check the tracker.,jira,Names the source,Apache Kafka Jira,train
q01682,"For the 90-day AcmeSec eval, what do they need to send to get Splunk HEC audit log exports wired up, and which internal team members are responsible for wiring the export and sending the pricing quote?",slack,Unclear source,EnterpriseRAG-Bench,train
q01683,"What is the birth date of this American country music singer whose sons named Rusty and Christ formed a music duo ""Goldens""?",web,Implied source,ConcurrentQA,train
q01684,What did Project Manager’s think of the water-proof design when discussing the designing requirements of the new remote control?,notion,Implied source,QMSum,train
q01685,Swapping out the logo icon on the applications menu in the top left - what command did Seveas give?,slack,Implied source,Ubuntu help chat,train
q01686,"I appreciate the support, thank you.",,Small talk,Hard cases (generated),train
q01687,Who reported the double period in the producer's warning about storage errors?,jira,Implied source,Apache Kafka Jira,train
q01688,Can you give me a quick summary of our chat so far?,,Small talk,Hard cases (generated),train
q01689,"A company whose name stood for ""Visual Programming Languages"" was founded in the San Francisco Bay Area in 1985 by a person who began working at what company in 2006?",web,Implied source,ConcurrentQA,train
q01690,Why throw a new exception when min.insync.replicas is greater than the replication factor?,confluence,Implied source,Apache Kafka Confluence,train
q01691,summarise your last answer in one line,,Small talk,Hard cases (hand-written),train
q01692,tell me today's fun fact,web,Implied source,CLINC150,train
q01693,Listing transaction states holds the coordinator lock way too long; any improvement planned?,jira,Implied source,Apache Kafka Jira,train
q01694,all but the help centre for the api change,jira|confluence|slack|notion|gmail,Excludes a source,Hard cases (hand-written),train
q01695,"What was the recommended way to split a year long commitment for about eight high end inference accelerators across North America, Europe, and Southeast Asia while keeping a small extra pool for short spikes?",slack,Unclear source,EnterpriseRAG-Bench,train
q01696,any progress on the memory usage problem,jira|slack,Multiple sources,Hard cases (hand-written),train
q01697,what type of reproduction do whiptail lizards use,web,Implied source,Natural Questions,train
q01698,"In the recent update to the chat completions compatibility adapter, how does the parameter normalizer handle a client sending max_tokens as null compared to leaving it out entirely?",jira,Implied source,EnterpriseRAG-Bench,train
q01699,where does the lincoln highway begin and end,web,Implied source,Natural Questions,train
q01700,"In the MedSecure logging and PII redaction POC email thread, what method did the company propose for pseudonymizing trace or request IDs so correlation works within a tenant but not across customers?",gmail,Names the source,EnterpriseRAG-Bench,train
q01701,Broker crashes at startup in KRaft mode with NPE in InterBrokerSendThread when listeners have no host. Fix version?,jira,Implied source,Apache Kafka Jira,train
q01702,who was allowed to vote in the roman republic,web,Implied source,Natural Questions,train
q01703,What did User Interface think about the features of the new remote control when discussing the technical functions of the design and usability functions?,notion,Implied source,QMSum,train
q01704,What was the future of data collection?,notion,Implied source,QMSum,train
q01705,How can I set up an automation for a clients birthday to send an email offering a free class?,kb,Misleading keyword,WixQA,train
q01706,"Not the github PR, the design: how would Streams store record headers in state stores?",confluence,Excludes a source,Apache Kafka Confluence,train
q01707,Check if our company security policy in the internal docs matches what's outlined in the customer-facing FAQs.,kb|confluence,Multiple sources,Hard cases (generated),train
q01708,what organization created you,,Small talk,CLINC150,train
q01709,what year were you born,,Small talk,CLINC150,train
q01710,I'm interested in customizing the layout of my products in a grid gallery,kb,Implied source,WixQA,train
q01711,What are the expectations outlined for performance reviews this year?,kb,Implied source,Hard cases (generated),train
q01712,What did Dr. David Blaney think of the impact of Brexit on the capacity of Wales' higher education system?,notion,Implied source,QMSum,train
q01713,What change was introduced to prevent oscillations in the new GPU scratch memory allocator that can trigger repeated micro-batch splits?,jira,Implied source,EnterpriseRAG-Bench,train
q01714,can i call you by any name,,Small talk,CLINC150,train
q01715,What were the instructions for the transcribers?,notion,Implied source,QMSum,train
q01716,Look for agreement details with the logistics partner on expedited shipping rates.,gmail,Implied source,Hard cases (generated),train
q01717,How can I disconnect my domain name from our platform?,kb,Implied source,WixQA,train
q01718,Can compiled binaries be copied to other servers of the same architecture to skip compile times? What did people say?,slack,Implied source,Ubuntu help chat,train
q01719,thanks bye bye!,,Small talk,CLINC150,train
q01720,when does the new death of superman come out,web,Implied source,Natural Questions,train
q01721,how can i use you,,Small talk,CLINC150,train
q01722,Looking for the steps to configure our development environment properly.,confluence,Implied source,Hard cases (generated),train
q01723,what is the most fundamental unit of life according to the cell theory,web,Implied source,Natural Questions,train
q01724,when does monday night raw come on hulu,web,Implied source,Natural Questions,train
q01725,Check if the launch date mentioned by Product in chat aligns with the external email to partners.,slack|gmail,Multiple sources,Hard cases (generated),train
q01726,"wireless card with prism54 shows NOT READY in iwconfig, who chimed in to help",slack,Implied source,Ubuntu help chat,train
q01727,On what peninsula is the country located on that the Heungseon Daewongun was a prince regent of?,web,Implied source,ConcurrentQA,train
q01728,Why did the group discard voice recognition function?,notion,Implied source,QMSum,train
q01729,pull up all emails from my friend cat vonstaragrabber,gmail,Names the source,MASSIVE,train
q01730,What changes to the broker registration request are proposed so the controller sees each broker's static config?,confluence,Implied source,Apache Kafka Confluence,train
q01731,name the person or group that programmed you,,Small talk,CLINC150,train
q01732,who plays connor's mom in madeas christmas,web,Implied source,Natural Questions,train
q01733,Moving a no-longer-maintained keyboard driver package to a fresh reinstall - can you repack installed software? What did people say?,slack,Implied source,Ubuntu help chat,train
q01734,What other points did the product manager and the marketing specialist raise about functions of the product?,notion,Implied source,QMSum,train
q01735,"For lag monitoring, why add the high watermark to the offset fetch response?",confluence,Implied source,Apache Kafka Confluence,train
q01736,get me new mail,gmail,Names the source,MASSIVE,train
q01737,ahoy hoy,,Small talk,CLINC150,train
q01738,Find the latest customer escalation details in gmail and see if there are updates in slack.,slack|gmail,Multiple sources,Hard cases (generated),train
q01739,Not in the jira backlog — where's the design for cogrouping multiple aggregated streams into one object?,confluence,Excludes a source,Apache Kafka Confluence,train
q01740,who emailed me recently and what did they email about,gmail,Names the source,MASSIVE,train
q01741,What's the design for foreign-key joins between KTables?,confluence,Implied source,Apache Kafka Confluence,train
q01742,How are configurable compression levels meant to work for producers?,confluence,Implied source,Apache Kafka Confluence,train
q01743,"I tried updating the picture that shows up when sharing my website link, but it didnt work.",kb,Implied source,WixQA,train
q01744,Request for last month's conversation with Acme Corp about integration timelines.,gmail,Implied source,Hard cases (generated),train
q01745,"How should we explain and remediate a case where a customers invoice token total is higher than their Usage API export because streaming retries were double-counted, and what approvals are required before issuing a credit or changing the ledger?",jira|confluence|notion,Multiple sources,EnterpriseRAG-Bench,train
q01746,in texas how is the commissioner of insurance placed in office,web,Implied source,Natural Questions,train
q01747,tell me how to change my insurance policy,kb,Implied source,CLINC150,train
q01748,Looking to review the action plan post the last incident report.,confluence,Implied source,Hard cases (generated),train
q01749,What success targets were suggested for the four week micro credential pilot with SI partners (completion percentage and number of integrations started within about two months)?,slack,Unclear source,EnterpriseRAG-Bench,train
q01750,Quickly find the final approval Marie sent for the project extension.,gmail,Implied source,Hard cases (generated),train
q01751,"Thanks, you're always so helpful.",,Small talk,Hard cases (generated),train
q01752,can you confirm the points we agreed on?,jira|slack,Multiple sources,Hard cases (generated),train
q01753,List all outstanding items related to the customer feedback improvements.,jira,Implied source,Hard cases (generated),train
q01754,Killing X and switching to a text console from the login screen: what key combos were posted in the help channel?,slack,Names the source,Ubuntu help chat,train
q01755,check my inbox,gmail,Names the source,MASSIVE,train
q01756,Summarize the presentation on Market Research and adjustments due to new project demands.,notion,Implied source,QMSum,train
q01757,"For the Proxima Bank 429 spike after priority routing rollout, what caused the throttling and what temporary policy exception did we apply, and how do we verify it is not burning the enterprise route SLOs?",jira|confluence,Multiple sources,EnterpriseRAG-Bench,train
q01758,how do i set up direct deposit to my bank of hawaii account,kb,Implied source,CLINC150,train
q01759,hey what is the definition of recipe,web,Implied source,MASSIVE,train
q01760,I need help adding new bank details to Payments.,kb,Implied source,WixQA,train
q01761,What year did an actor portray Raoul in a movie who also starred in a 2001 movie directed by Wayne Wang and co-starred Molly Parker?,web,Implied source,ConcurrentQA,train
q01762,check email for received from mom,gmail,Names the source,MASSIVE,train
q01763,"The Puerto Rican reggaetón artist that was leader of the group 3-2 GET FUNKY was featured on what album that was released by Sony Music on October 2nd, 2001?",web,Implied source,ConcurrentQA,train
q01764,please find description of the newest canon rebel camera,web,Implied source,MASSIVE,train
q01765,I need to know if more information is required for our platform payment verification status for my business account.,kb,Implied source,WixQA,train
q01766,Proposed additions to ProcessorContext for reading current system time and stream time?,confluence,Implied source,Apache Kafka Confluence,train
q01767,"Look up the ticket number for the security compliance audit, and share the policy document for data privacy.",kb|jira,Multiple sources,Hard cases (generated),train
q01768,Did the scala LogCaptureAppender test helper get replaced with the java one in common utils?,jira,Implied source,Apache Kafka Jira,train
q01769,Why did the team decide not to use LCD displays when discussing interface controls?,notion,Implied source,QMSum,train
q01770,what is the salary of the ceo of microsoft,web,Implied source,Natural Questions,train
q01771,"In the Feb 2026 SEV-2 incident where the Dedicated autoscaler in us-west stopped scaling above minimum because its metrics query returned no data, what was the underlying cause and what hotfix restored scale-out?",confluence,Unclear source,EnterpriseRAG-Bench,train
q01772,what day is our next day off,kb,Implied source,CLINC150,train
q01773,AlterConfigs replaces the whole config set; what was the reasoning for a new incremental API?,confluence,Implied source,Apache Kafka Confluence,train
q01774,Assign the new Jira story to Alex for the testing phase.,jira,Names the source,Hard cases (generated),train
q01775,Why is the migration driver sending redundant UpdateMetadata requests to ZK brokers in dual-write mode?,jira,Implied source,Apache Kafka Jira,train
q01776,What uptime and latency service level targets are stated for the hosted versus reserved/dedicated LLM inference offering in the SaaS go-to-market brief?,confluence,Names the source,EnterpriseRAG-Bench,train
q01777,I need to update the inventory for over 100 product selections with 3 different options each.,kb,Implied source,WixQA,train
q01778,In what municipal unit is the village of which Granitsa is 4 km southeast?,web,Implied source,ConcurrentQA,train
q01779,any updates on the recent problem?,slack|notion,Multiple sources,Hard cases (generated),train
q01780,I need to cancel my subscription,kb,Implied source,WixQA,train
q01781,"For regulated customer private VPC deployments, what is the tenant-facing monthly availability target for the inference endpoint?",confluence,Implied source,EnterpriseRAG-Bench,train
q01782,how tall was abraham lincoln,web,Implied source,MASSIVE,train
q01783,how can I delete my shop and cancel my plan,kb,Implied source,WixQA,train
q01784,Design doc for automatically moving replicas off a dead broker so the cluster heals itself — is it on confluence?,confluence,Names the source,Apache Kafka Confluence,train
q01785,Who was helping with compiling madwifi on powerpc and setting KERNELRELEASE and TARGET?,slack,Implied source,Ubuntu help chat,train
q01786,i'd love to hear a joke,,Small talk,CLINC150,train
q01787,How should we handle a short term external engineering team working out of our London site so they can get into the lab and then send two sensitive prototype boards back to the US with proper custody tracking and customs clearance after the week ends?,jira,Unclear source,EnterpriseRAG-Bench,train
q01788,"copy paste in the terminal doesnt work with ctrl+c/v, what shortcuts did people mention",slack,Implied source,Ubuntu help chat,train
q01789,search gmail for any feedback from the design review with the external agency,gmail,Names the source,Hard cases (generated),train
q01790,"How should we automate the creation and teardown of short-lived experiment workspaces so that a request ticket spins up the needed tracking/docs/chat area, requires an approver before access is enabled, expires on a default one month timer with a simple extension, and writes an encrypted audit bundle to object storage when it shuts down?",jira,Unclear source,EnterpriseRAG-Bench,train
q01791,"What are the acceptance thresholds for rerank performance in the mini-bundle unified inference API, including the required top-1 precision and the P95 latency limit?",jira,Implied source,EnterpriseRAG-Bench,train
q01792,anything about the topic we went over last time?,slack|notion,Multiple sources,Hard cases (generated),train
q01793,I need the original discussion with the freelance designer about the app icon options.,gmail,Implied source,Hard cases (generated),train
q01794,"For Incident Bot v2, when responders use break-glass during a Sev0/Sev1 incident to view tenant-scoped config diffs or run privileged telemetry queries, which audit events must be emitted and how long are those audit events retained (SIEM vs immutable archive)? Also, what baseline vs break-glass permission scopes does the bot use for these reads?",confluence,Unclear source,EnterpriseRAG-Bench,train
q01795,list new emails,gmail,Names the source,MASSIVE,train
q01796,What's the reason for the delay in the password reset functionality?,jira,Implied source,Hard cases (generated),train
q01797,check emails from mom,gmail,Names the source,MASSIVE,train
q01798,Who volunteered to be the captain for the office summer softball team and help organize practices?,slack,Implied source,EnterpriseRAG-Bench,train
q01799,"After the March 9, 2026 embedding-catalog promotion that made a 1024-d embedding model the default, a dedicated Hosted API tenant (us-west with eu-west failover) saw /v1/rerank start timing out with 512-vs-1024 vector length mismatches when using the alias open-embed-default. What was the confirmed root cause, and what short-term mitigation and permanent fix did we deploy?",jira|confluence,Multiple sources,EnterpriseRAG-Bench,train
q01800,Which release fixed the range scan memory leak in Streams that showed up in 4.1.0?,jira,Implied source,Apache Kafka Jira,train
q01801,What was said about EML talk?,notion,Implied source,QMSum,train
q01802,Summarize the discussion about probability computation.,notion,Implied source,QMSum,train
q01803,Where can I find our team's responsibilities and project allocations?,confluence,Implied source,Hard cases (generated),train
q01804,what land mass was north america a part of about 300 million years ago,web,Implied source,Natural Questions,train
q01805,What are the pass fail criteria used in the quick pull request smoke checks for the embedding robustness noise and input length evaluation suite?,notion,Unclear source,EnterpriseRAG-Bench,train
q01806,"In the partner sales planning call between a vendor and an ISV, what were the concrete due dates in late December for each side to send the pilot inputs and the vendor deliverables?",notion,Names the source,EnterpriseRAG-Bench,train
q01807,tell me when my next paycheck will arrive,kb,Implied source,CLINC150,train
q01808,Find the QA feedback on slack and link it to the corresponding Jira issues we need to address.,jira|slack,Multiple sources,Hard cases (generated),train
q01809,is there any new message from person a,gmail,Implied source,MASSIVE,train
q01810,What were the other features of the remote mentioned in the discussion of functions of the remote?,notion,Implied source,QMSum,train
q01811,who played ben stone son on law and order,web,Implied source,Natural Questions,train
q01812,"We saw quality regressions after enabling an INT8/mixed-precision variant and suspect KV-cache rounding on long-context requests. What request header can we set as a quick mitigation to bypass the KV cache, and in the dynamic quant handoff policy for the interactive-chat route what minimum KV-cache hit-rate and max sequence length are required before routing to a quant variant?",confluence,Unclear source,EnterpriseRAG-Bench,train
q01813,Find the agreement terms we received from the new benefits provider.,gmail,Implied source,Hard cases (generated),train
q01814,"When are production changes normally allowed to be deployed, and what are the default business hours change window?",confluence,Implied source,EnterpriseRAG-Bench,train
q01815,"In the incident where a CI runner service token was suspected of being used from two different datacenter IP ranges minutes apart, what time window did the team decide to audit for artifact uploads and repository pushes?",jira,Implied source,EnterpriseRAG-Bench,train
q01816,"In the us-east dedicated setup for a big retail tenant, what caused the multi-hour staircase of gateway failures during peak traffic when long-lived chat streams coincided with a large embedding batch, especially involving warmup connection churn and disk-backed cache write pressure?",jira,Implied source,EnterpriseRAG-Bench,train
q01817,Appreciate your patience.,,Small talk,Hard cases (generated),train
q01818,What's the status of the proposal to let MirrorMaker 2 rename consumer groups across clusters?,jira,Implied source,Apache Kafka Jira,train
q01819,"What are the acceptance criteria for the trace export UI changes that include the corr-id copy behavior, the consent modal requirements, and the keyboard help overlay, and what else did the PM ask to include before merging?",slack,Unclear source,EnterpriseRAG-Bench,train
q01820,"In the recent SDK update that added typed streaming errors and a reconnecting iterator API across Python, TypeScript, and Go, what package versions were released for each SDK?",jira,Implied source,EnterpriseRAG-Bench,train
q01821,can you tell me how to set up direct depost,kb,Implied source,CLINC150,train
q01822,"In the March 2026 production incident where long streamed chat replies started arriving chopped up and in the wrong order and the customers usage charges jumped because their client kept reissuing the same request, what was identified as the underlying platform cause?",jira,Implied source,EnterpriseRAG-Bench,train
q01823,"Hey team, I've been trying to find a comprehensive rundown on our current packaging options, including any recent changes we might've made, and I’m wondering if there are any documents or support articles that provide a full overview to help me understand this better and see if there's anything we've overlooked or need to update?",kb|confluence,Multiple sources,Hard cases (generated),train
q01824,Not looking for the KIP page itself — is there a ticket implementing the connectorDeleted flag when tasks stop?,jira,Excludes a source,Apache Kafka Jira,train
q01825,What did the group think of using wood as manufacture material in the components design of the product?,notion,Implied source,QMSum,train
q01826,how old did you just turn,,Small talk,CLINC150,train
q01827,What did Industrial Designer think about the technology of speech recognition when discussing the functions and source of the power of the remote control?,notion,Implied source,QMSum,train
q01828,What did the group discuss about the product evaluation?,notion,Implied source,QMSum,train
q01829,what is the full form of ib board,web,Implied source,Natural Questions,train
q01830,would like to know the description of a car,web,Implied source,MASSIVE,train
q01831,Setting up an ad hoc connection between two machines to share internet on gutsy: did anyone respond in slack?,slack,Names the source,Ubuntu help chat,train
q01832,Not the wiki — I need the issue where someone asked to make the client telemetry object instantiation configurable.,jira,Excludes a source,Apache Kafka Jira,train
q01833,When is the 45 minute video call finally locked in for the vendor walkthrough that got moved because the client team was traveling to a Denver conference in early October 2026?,gmail,Implied source,EnterpriseRAG-Bench,train
q01834,"For the Helios vendor onboarding kickoff and demo, which meeting time did they lock in, and what is the the company commitment 48 hours after the call?",gmail,Implied source,EnterpriseRAG-Bench,train
q01835,Summarize the job role for each groupmate.,notion,Implied source,QMSum,train
q01836,"I’m in a bit of a pickle here because I need to prepare some material for a customer call and, honestly, I'm not entirely sure if there is a section somewhere detailing our security protocols, specifically any recent policy changes or guidelines that we’ve implemented, and where I can read up on these in more depth?",kb|confluence,Multiple sources,Hard cases (generated),train
q01837,what's your first name,,Small talk,CLINC150,train
q01838,Locate conversations in slak involving the security audit findings.,slack,Implied source,Hard cases (generated),train
q01839,Need the master list of all employee benefits and details.,kb,Implied source,Hard cases (generated),train
q01840,who does tony end up with on skins,web,Implied source,Natural Questions,train
q01841,What argument changes are planned for the feature tool's version-mapping command so it can run offline?,confluence,Implied source,Apache Kafka Confluence,train
q01842,"I recently moved my website to our platform.com and updated the DNS records, but I get an error message when trying to connect. What should I do?",kb,Implied source,WixQA,train
q01843,"forget the wiki, which command did folks in chat give for listing every installed package?",slack,Excludes a source,Ubuntu help chat,train
q01844,Look into what we agreed on during the last meeting.,notion,Unclear source,Hard cases (generated),train
q01845,How can customers update their billing information?,kb,Implied source,Hard cases (generated),train
q01846,Can you break that down further?,,Small talk,Hard cases (generated),train
q01847,"After an install on a toshiba laptop, X won't start and the keyboard doesn't respond. Was that discussed?",slack,Implied source,Ubuntu help chat,train
q01848,Where can I find the summary of work done in the last release?,jira,Implied source,Hard cases (generated),train
q01849,define forensic,web,Implied source,MASSIVE,train
q01850,Where can I find the detailed plan for the upcoming product launch?,confluence,Implied source,Hard cases (generated),train
q01851,has john sent me an email,gmail,Names the source,MASSIVE,train
q01852,Can I get the strategic priorities for the next quarter?,confluence,Implied source,Hard cases (generated),train
q01853,open email,gmail,Names the source,MASSIVE,train
q01854,the KRaft controller doesnt retry registration when the first try times out? is there a bug on this,jira,Implied source,Apache Kafka Jira,train
q01855,"Im having trouble applying a 50% off coupon in Stores. Its not applying the discount, and I need assistance with this issue.",kb,Implied source,WixQA,train
q01856,How does the new alerting approach group model-serving requests by the stages they pass through to reduce noisy alerts and speed up root cause analysis?,jira,Implied source,EnterpriseRAG-Bench,train
q01857,"In the EU West production setup where token streaming to browsers sometimes reconnects after a short handshake reset at the CDN layer, what change on the gateway side reduced cases where the last bit of generated text never arrives even though the backend says it finished?",jira,Implied source,EnterpriseRAG-Bench,train
q01858,Is the old deprecated MessageReader class gone in 4.0? Need the jira for it.,jira,Names the source,Apache Kafka Jira,train
q01859,Flash problems in chrome on an AMD A6 laptop; what did people think was going on?,slack,Implied source,Ubuntu help chat,train
q01860,rain sleet or snow that contains a high concentration of acids is called,web,Implied source,Natural Questions,train
q01861,"For a chat style server sent events stream that must survive mobile disconnects without re running tool side effects, what mechanism was introduced to let a client reconnect from a safe checkpoint using a server issued marker plus an explicit receipt from the client, while keeping compatibility with existing OpenAI like streaming clients?",jira,Implied source,EnterpriseRAG-Bench,train
q01862,Where can I find details on our quarterly design strategy?,confluence,Implied source,Hard cases (generated),train
q01863,find info on the thing we mentioned yesterday,slack|notion,Multiple sources,Hard cases (generated),train
q01864,Verify if the features listed in our roadmap document are consistent with what's described in the knowledge base articles.,kb|confluence,Multiple sources,Hard cases (generated),train
q01865,check to see if i have new emails please,gmail,Names the source,MASSIVE,train
q01866,What monthly token volume discount breakpoints apply for Hosted pricing in the enterprise playbook?,confluence|notion,Multiple sources,EnterpriseRAG-Bench,train
q01867,"For the European customer kickoff scheduled the morning of Dec 21, who is assigned as the standby person to handle operational issues during the hands-on portion?",gmail,Implied source,EnterpriseRAG-Bench,train
q01868,billing cancel plan,kb,Implied source,Hard cases (generated),train
q01869,What were the benefits to Wales of having an independent body for inspecting?,notion,Implied source,QMSum,train
q01870,what was the subject of my last email,gmail,Names the source,MASSIVE,train
q01871,Do our deployment procedure details in the internal runbook agree with the steps listed in the help center?,kb|confluence,Multiple sources,Hard cases (generated),train
q01872,How can I use the Toolbar and Layers Panel in the Editor to adjust the positioning of my images?,kb,Implied source,WixQA,train
q01873,Search gmai for any customer complaints from last week.,gmail,Implied source,Hard cases (generated),train
q01874,What did the group think of the convenience of presentation materials?,notion,Implied source,QMSum,train
q01875,Did anyone figure out why the updater wants to install the exact same kernel version that uname -r already reports?,slack,Implied source,Ubuntu help chat,train
q01876,Why couldn't we upgrade the Develocity gradle plugin without CI failing to publish build scans?,jira,Implied source,Apache Kafka Jira,train
q01877,"On Windows ARM tablets in our SF office, why does switching between the two WiFi bands make our always-on VPN still show connected but suddenly stop reaching private 10.x services until a reboot, with routes preferring the wrong network after the handoff?",jira,Implied source,EnterpriseRAG-Bench,train
q01878,where is the statue of liberty,web,Implied source,MASSIVE,train
q01879,could you tell me your name,,Small talk,CLINC150,train
q01880,Need the onboarding checklist in noton ASAP.,notion,Implied source,Hard cases (generated),train
q01881,Please elaborate on that.,,Small talk,Hard cases (generated),train
q01882,"whats the name of the thing that makes windows wobble when u drag them, someone answered in slack",slack,Names the source,Ubuntu help chat,train
q01883,Is there a knowledge base article about optimizing database performance?,kb,Names the source,Hard cases (generated),train
q01884,"In a morning account blitz note from May 2026, what was the proposed mitigation to address repeated inference timeouts for a healthcare customer with a mid-June renewal?",notion,Names the source,EnterpriseRAG-Bench,train
q01885,Getting a newer vlc version than the repos offer on 10.04 - what was the workaround mentioned?,slack,Implied source,Ubuntu help chat,train
q01886,who has appeared in the most royal rumbles,web,Implied source,Natural Questions,train
q01887,would you call yourself a human or a computer,,Small talk,CLINC150,train
q01888,search for gmail emails from last month about performance optimizations discussed with the infrastructure team,gmail,Names the source,Hard cases (generated),train
q01889,Desktop won't start because /etc/gconf/2/path is missing. Was there any guidance on regenerating it?,slack,Implied source,Ubuntu help chat,train
q01890,"When using the python async batching helper for embeddings then rerank, what singleton-wrapped rerank response shape can show up during auth refresh, and what company.utils normalizer did the sampleapp add to fix the output shape?",slack,Unclear source,EnterpriseRAG-Bench,train
q01891,"In the meeting about onboarding a SaaS product to Google Cloud Marketplace, what did the GCP team recommend for handling delays where a new subscription entitlement is not immediately available during the customer onboarding flow?",notion,Names the source,EnterpriseRAG-Bench,train
q01892,Do stale topic IDs get cleared from the partition fetch state when the controller stops sending them?,jira,Implied source,Apache Kafka Jira,train
q01893,"My website stopped working, and I received a DNS_PROBE_FINISHED_NXDOMAIN error. I havent made any changes to the domain, and its connected to our platform. I also encountered an error with ID 7809 and the opcode QUERY.",kb,Implied source,WixQA,train
q01894,"What is the formula used by the new autoscaling approach that combines a high-percentile request rate with request variability to compute effective demand, including the default weights?",jira,Implied source,EnterpriseRAG-Bench,train
q01895,"connector hangs silently in distributed mode but works standalone, no logs at all — anyone seen this before?",jira,Implied source,Apache Kafka Jira,train
q01896,How would the middle layer work?,notion,Implied source,QMSum,train
q01897,Which rebalance listener latency metrics will Streams keep under the new rebalance protocol?,confluence,Implied source,Apache Kafka Confluence,train
q01898,search kb for troubleshooting steps on API authentication errors,kb,Names the source,Hard cases (generated),train
q01899,how do I link a button to the users member page without linking to a dataset,kb,Implied source,WixQA,train
q01900,Summarize the discussion on project logistics,notion,Implied source,QMSum,train
q01901,do i have new email,gmail,Names the source,MASSIVE,train
q01902,"How would a configurable segment interval for window and session stores work, given each segment is its own RocksDB instance?",confluence,Implied source,Apache Kafka Confluence,train
q01903,a 58-story skyscraper in san francisco is tilting and sinking,web,Implied source,Natural Questions,train
q01904,i need new insurance but dont know how to get it,kb,Implied source,CLINC150,train
q01905,Operators can't see inside Streams apps; I'm after the proposal for a topology description plugin on the group.,confluence,Implied source,Apache Kafka Confluence,train
q01906,what is the geographical significance of india,web,Implied source,MASSIVE,train
q01907,"What is the target success criteria for the internal two week cross team rehearsal that practices incident response for model endpoint reliability, especially the time limit from alert to starting the incident call?",notion,Unclear source,EnterpriseRAG-Bench,train
q01908,What are the payment options available for subscription plans?,kb,Implied source,Hard cases (generated),train
q01909,Check the sprint status for the new UI components and provide the FAQ link for troubleshooting common installation issues.,kb|jira,Multiple sources,Hard cases (generated),train
q01910,Compatibility plan for revising the KRaft metadata record schemas to add flexible versions?,confluence,Implied source,Apache Kafka Confluence,train
q01911,What did Marketing think about Project Manager's system when evaluating the project?,notion,Implied source,QMSum,train
q01912,Summarize the discussion about budget control.,notion,Implied source,QMSum,train
q01913,Locate the discussion on the latest security patch deployment and confirm if a compliance checklist is stored somewhere.,confluence|slack,Multiple sources,Hard cases (generated),train
q01914,What change was introduced to reduce tail latency in a paged key value cache by defragmenting free space during frees and keeping frequently used key prefixes from being evicted?,jira,Implied source,EnterpriseRAG-Bench,train
q01915,Search slack for vendor contract negotiations and corresponding email threads in gmail.,slack|gmail,Multiple sources,Hard cases (generated),train
q01916,wireless pcmcia card setup keeps asking for kernel source location - where did ppl say to look,slack,Implied source,Ubuntu help chat,train
q01917,What is the estimated compressed size for the customers requested 12 month structured audit log export for their SIEM privacy scan?,jira,Implied source,EnterpriseRAG-Bench,train
q01918,when are the opening ceremonies for the 2018 olympic games,web,Implied source,Natural Questions,train
q01919,who captained the first european ship to sail around the tip of africa,web,Implied source,Natural Questions,train
q01920,What did the user interface designer recommend to do when discussing the problem of having less buttons?,notion,Implied source,QMSum,train
q01921,"Why did the Project Manager agree with the User Interface when discussing their presentations on the design, the functions and the target users of the remote control?",notion,Implied source,QMSum,train
q01922,please give me information about john abraham lincon,web,Implied source,MASSIVE,train
q01923,"For the Interactive Latency Canvas, what are the current prompt_len_bucket cutoffs (short/medium/long)?",jira|confluence,Multiple sources,EnterpriseRAG-Bench,train
q01924,"why would we tier the active log segment too, not just closed ones?",confluence,Implied source,Apache Kafka Confluence,train
q01925,how to insert images in a slide,kb,Implied source,WixQA,train
q01926,"After a customer rotated credentials during a migration, their staging probes started alternating between auth failures complaining about a signature mismatch and throttling errors; what short lived workaround did support create so both legacy and new signing methods would be accepted during the rollout?",slack,Unclear source,EnterpriseRAG-Bench,train
q01927,Can the consumer pick a dead node as least loaded when it starts up while one broker is down?,jira,Implied source,Apache Kafka Jira,train
q01928,Why should a follower truncate its log before bumping the high watermark after a leader change?,jira,Implied source,Apache Kafka Jira,train
q01929,what year did elvis die,web,Implied source,MASSIVE,train
q01930,what are fun facts about lighthouses,web,Implied source,CLINC150,train
q01931,what type of bridge is the charles bridge,web,Implied source,Natural Questions,train
q01932,what is happening with the flaky tests,jira|slack,Multiple sources,Hard cases (hand-written),train
q01933,do i have new emails,gmail,Names the source,MASSIVE,train
q01934,What did the group discuss about evaluation criteria of remote control?,notion,Implied source,QMSum,train
q01935,Verify if the agreed design changes discussed align with the spec document.,confluence|slack,Multiple sources,Hard cases (generated),train
q01936,Find all details concerning the recent customer escalation for Acme Corp. Check all channels for internal and external communication.,slack|notion|gmail,Multiple sources,Hard cases (generated),train
q01937,who made this ai,,Small talk,CLINC150,train
q01938,my insurance policy needs to be adjusted,kb,Implied source,CLINC150,train
q01939,External WD drive detected but won't automount; which commands did they suggest to mount it manually?,slack,Implied source,Ubuntu help chat,train
q01940,give me a fun fact about kangaroo,web,Implied source,CLINC150,train
q01941,"In the March 2026 incident where long-lived Server-Sent Events (SSE) streams would reconnect after a brief upstream TCP reset and then show duplicated heartbeat frames while sometimes never emitting the terminal end-of-stream event, what was the root cause and what server-side fix resolved it?",jira,Implied source,EnterpriseRAG-Bench,train
q01942,what is piramid,web,Implied source,MASSIVE,train
q01943,What did PhD E think about improving the model?,notion,Implied source,QMSum,train
q01944,Summarize this segmen,notion,Implied source,QMSum,train
q01945,how do you spell padawan from star wars,web,Implied source,Natural Questions,train
q01946,What did the team discuss about CVS security?,notion,Implied source,QMSum,train
q01947,I ordered a premium account for the wrong domain. Can I please change it to the right one?,kb,Implied source,WixQA,train
q01948,Summarize the discussion on improving the back recognizer for the Aurora task,notion,Implied source,QMSum,train
q01949,"What did the team decide about code freeze in the dev channel, and is there a runbook on how to handle urgent bug fixes?",confluence|slack,Multiple sources,Hard cases (generated),train
q01950,"Where's the original proposal adding metrics to the Connect framework for workers, connectors and tasks?",confluence,Implied source,Apache Kafka Confluence,train
q01951,how many grams of alcohol in one beer,web,Implied source,Natural Questions,train
q01952,"vagrant setup fails to ssh on newer distros bc RSA keys are disabled in OpenSSH 8.8, is that tracked?",jira,Implied source,Apache Kafka Jira,train
q01953,What was the short-term mitigation suggested to stabilize RDMA traffic when there was packet loss and latency spikes between two racks in the same availability zone?,slack,Unclear source,EnterpriseRAG-Bench,train
q01954,How was the client-side redirector meant to help producers and consumers connect in environments without proper DNS?,confluence,Implied source,Apache Kafka Confluence,train
q01955,"What is the company's complete end-to-end process for shipping an emergency serving-runtime hotfix to production (Hosted + Dedicated), including required approvals, checklists, rollout/rollback steps, and mandatory customer communications?",confluence,Implied source,EnterpriseRAG-Bench,train
q01956,what is your age again,,Small talk,CLINC150,train
q01957,"For the Praxis Health the company Private connectivity plan, what hybrid approach did the company recommend for a customer with both on-prem colo and AWS us-west-2, and when was the proposed 30-minute follow-up call scheduled?",gmail,Implied source,EnterpriseRAG-Bench,train
q01958,The U.S. Geological Survey National Water-Quality Assessment Program is currently investigating water quality of a river that is a direct recipient from the The Flint River and also the largest tributary of the Ohio River. How long is the river?,web,Implied source,ConcurrentQA,train
q01959,Why did the group decide to keep the solar cells when discussing the industrial design?,notion,Implied source,QMSum,train
q01960,"Don't need the Streams docs, I need the ticket for 'Tried to lookup lag for unknown task' on stream-table joins. Was it fixed?",jira,Excludes a source,Apache Kafka Jira,train
q01961,"I want the complete story on the Saturn security breach, including all chat logs, issue tracking, and support documentation.",kb|jira|slack,Multiple sources,Hard cases (generated),train
q01962,Can you check if the latest sprint goals align with the spec document from last week?,jira|confluence,Multiple sources,Hard cases (generated),train
q01963,"Why are MockSinkConnector and the verifiable connectors living in connect-runtime, and were they moved?",jira,Implied source,Apache Kafka Jira,train
q01964,can offset translation in the mirror source connector be turned off? need the proposal,confluence,Implied source,Apache Kafka Confluence,train
q01965,I accidentally erased something in the Editor and I need to add it back on.,kb,Implied source,WixQA,train
q01966,What is the routine for data collection?,notion,Implied source,QMSum,train
q01967,what is the 180 degree line of longitude called,web,Implied source,Natural Questions,train
q01968,"Why would Apple Silicon MacBooks coming back from logic board repair get stuck during automated DEP or MDM setup at first boot, with the device checking in but the management profile and SSO certificate never installing?",jira,Implied source,EnterpriseRAG-Bench,train
q01969,"In the proposed small business token pricing tiers, what is the monthly included token allowance for the plan priced at $25 per month?",notion,Unclear source,EnterpriseRAG-Bench,train
q01970,"Find everything related to the Hydra incident. Include discussion threads, task statuses, and knowledge base articles.",kb|jira|slack,Multiple sources,Hard cases (generated),train
q01971,producer memory blew up with like 500MB of callbacks piling up in the record accumulator on 3.5.0... known?,jira,Implied source,Apache Kafka Jira,train
q01972,who sings you're welcome in moana credits,web,Implied source,Natural Questions,train
q01973,when is the next day i get paid,kb,Implied source,CLINC150,train
q01974,open critical bugs,jira,Implied source,Hard cases (generated),train
q01975,"In the Feb 25, 2026 incident where the company Console traces showed missing child spans/incomplete request graphs for about two hours while the underlying services were healthy, what caused the span drops in the ingestion pipeline, and what immediate mitigation was used to bring drop rates back to baseline?",confluence,Unclear source,EnterpriseRAG-Bench,train
q01976,List work related to optimizing the testing framework execution.,jira,Implied source,Hard cases (generated),train
q01977,see my inbox for mail i received from sarah,gmail,Names the source,MASSIVE,train
q01978,The game cd's contents don't show up when trying to install through wine - did anyone figure out why?,slack,Implied source,Ubuntu help chat,train
q01979,I forgot the password for my second Gmail account for business and Im not able to reset it. I have an admin account as well. Can you guide me on how to reset the password for my second Gmail account?,kb,Misleading keyword,WixQA,train
q01980,"Motivation for exposing DescribeQuorum through the admin client, and what replication info will it return?",confluence,Implied source,Apache Kafka Confluence,train
q01981,"can i temporarily unpublish my website and stop billing, then access it later",kb,Implied source,WixQA,train
q01982,Who has responsibility for addressing the recent escalation tasks?,jira,Implied source,Hard cases (generated),train
q01983,where is channing tatum from,web,Implied source,MASSIVE,train
q01984,show me the latest email of jack,gmail,Names the source,MASSIVE,train
q01985,Which extra metrics for cooperative consumption and share groups were proposed?,confluence,Implied source,Apache Kafka Confluence,train
q01986,Stream-time synchronization across multiple input partitions in a task is nondeterministic — why and how was it reworked?,confluence,Implied source,Apache Kafka Confluence,train
q01987,Did we get a response from FinancePartners about their investment terms?,gmail,Implied source,Hard cases (generated),train
q01988,What happens when the auto topic creation manager gets an error response with no body — was that handled?,jira,Implied source,Apache Kafka Jira,train
q01989,who is the actor that plays ducky on ncis,web,Implied source,Natural Questions,train
q01990,Someone accidentally ran rm -R on the root of an external ext3 drive. What recovery options came up?,slack,Implied source,Ubuntu help chat,train
q01991,Who handled the last approval workflow for the design module enhancements?,jira,Implied source,Hard cases (generated),train
q01992,The team that defeated ASC Corona Fenestela Braşov in the league final of the 2011-12 Romanian Hockey League season has won how many domestic championships?,web,Implied source,ConcurrentQA,train
q01993,is the Q4 roadmap on noiton yet?,notion,Implied source,Hard cases (generated),train
q01994,Who’s responsible for resolving the failing login authentication?,jira,Implied source,Hard cases (generated),train
q01995,Why doesn't systemctl find a crashplan service installed under /etc/init.d? Who explained it in the help channel?,slack,Names the source,Ubuntu help chat,train
q01996,Is anyone documenting which formatters the console consumer --formatter option supports?,jira,Implied source,Apache Kafka Jira,train
q01997,"stopping mm2 throws ExecutionException from the checkpoint task querying consumer groups, is that a known bug",jira,Implied source,Apache Kafka Jira,train
q01998,how do I connect my existing business email to my website,kb,Misleading keyword,WixQA,train
q01999,have i received any emails from my father,gmail,Names the source,MASSIVE,train
q02000,nodejs wouldn't install; what steps did people walk through with software sources and apt-cache policy?,slack,Implied source,Ubuntu help chat,train
q02001,define love,web,Implied source,MASSIVE,train
q02002,"In March 2026, which deployment offering-Hosted API, Dedicated, or Private-had the most customer support escalations where the primary symptom was request timeouts?",jira,Implied source,EnterpriseRAG-Bench,train
q02003,search google shopping for the best price on a monoprice mxblue mechanical keyboard,web,Implied source,MASSIVE,train
q02004,Any blockers reported for the server migration set for next week?,jira,Implied source,Hard cases (generated),train
q02005,Ran mv on a folder to ~./ by mistake - where did it end up according to the chat?,slack,Names the source,Ubuntu help chat,train
q02006,Find the response from the design team on the brand guidelines revisions.,gmail,Implied source,Hard cases (generated),train
q02007,i would like to change my insurance from a ppo to an hmo plan,kb,Implied source,CLINC150,train
q02008,new york heart association functional classification of angina,web,Implied source,Natural Questions,train
q02009,What was said about the equipment?,notion,Implied source,QMSum,train
q02010,Why add role tags to the node-to-controller channel manager metrics in KRaft?,confluence,Implied source,Apache Kafka Confluence,train
q02011,what is a buckeye the mascot for ohio state university,web,Implied source,Natural Questions,train
q02012,"In our agent runtime, parallel tool responses sometimes stomp each other and the final structured payload varies run to run; where is the proposal that adds a deterministic way to combine overlapping JSON outputs plus per-invocation jittered exponential retry limits to prevent retry storms?",jira,Unclear source,EnterpriseRAG-Bench,train
q02013,Someone wanted a dock-style bottom panel like a screenshot they linked. Which app got recommended?,slack,Implied source,Ubuntu help chat,train
q02014,Get the email exchange with Delta Solutions about their demo feedback and find our public support article on troubleshooting login issues.,kb|gmail,Multiple sources,Hard cases (generated),train
q02015,What’s the status of the content plan for the upcoming product launch?,slack,Implied source,Hard cases (generated),train
q02016,"During the us-east canary that normalized/rotated the session cookie domain for cross-subdomain routing, long-poll streaming clients started losing their pinned model version and getting routed to a fallback model. What was the root cause in the edge/session-manager flow, and what immediate mitigations were applied (platform-side and customer-side)?",jira,Implied source,EnterpriseRAG-Bench,train
q02017,Im inquiring about the duration for our platform payment verification for my account.,kb,Implied source,WixQA,train
q02018,how to remove card details from account,kb,Implied source,WixQA,train
q02019,are you a bot right now,,Small talk,CLINC150,train
q02020,Find safety compliance emails in gmail and cross-check with existing kb articles.,kb|gmail,Multiple sources,Hard cases (generated),train
q02021,How can users change their notification preferences effectively?,kb,Implied source,Hard cases (generated),train
q02022,spec for a config that wipes local state on startup to avoid zombie data?,confluence,Implied source,Apache Kafka Confluence,train
q02023,What is the procedure for an emergency rollback of a Serving Runtime release (Hosted and Dedicated)?,confluence,Implied source,EnterpriseRAG-Bench,train
q02024,What should users do if they encounter an error uploading files?,kb,Implied source,Hard cases (generated),train
q02025,how can I cancel my Premium or Studio subscription plan,kb,Implied source,WixQA,train
q02026,Sharing one StoreBuilder between two processors via ConnectedStoreProvider corrupts the topology. Is that a filed bug?,jira,Implied source,Apache Kafka Jira,train
q02027,what is the rank of india in economic growth,web,Implied source,Natural Questions,train
q02028,I’m looking for the initial request from the logistics company on the shipping change.,gmail,Implied source,Hard cases (generated),train
q02029,where did we get to on the caching strategy,slack|notion,Multiple sources,Hard cases (hand-written),train
q02030,do i have the reply from charlotte relating to yesterdays inquiry,gmail,Implied source,MASSIVE,train
q02031,Was there a consensus on whether we will pursue the partnership opportunity?,slack,Implied source,Hard cases (generated),train
q02032,Summarize the discussion on favourite animals.,notion,Implied source,QMSum,train
q02033,I want to start a new website design from scratch using the Editor.,kb,Implied source,WixQA,train
q02034,What did the security team decide about the new authentication method?,slack,Implied source,Hard cases (generated),train
q02035,"Rephrase what you just asked, please.",,Small talk,Hard cases (generated),train
q02036,What did the professor think about the back-end?,notion,Implied source,QMSum,train
q02037,when did linkin park release one more light,web,Implied source,Natural Questions,train
q02038,has tom emailed me about ammunition,gmail,Implied source,MASSIVE,train
q02039,What did the group discuss the finder button and call button?,notion,Implied source,QMSum,train
q02040,What did Marketing and Project Manager come up with when it came to reducing buttons?,notion,Implied source,QMSum,train
q02041,"Do I need approval to add a large planter or wall mounted art in a the company office, and what details should I include in the request?",confluence,Implied source,EnterpriseRAG-Bench,train
q02042,recent emails,gmail,Names the source,MASSIVE,train
q02043,"In the runtime inference forensics walkthrough for Arcadia Retail, what is their p95 latency target for interactive queries, and by what day did they say they would upload the sample requests?",notion,Names the source,EnterpriseRAG-Bench,train
q02044,Did we come to any conclusion about this month's budget allocation during the morning catch-up?,slack,Implied source,Hard cases (generated),train
q02045,Check if the design review feedback was shared with Sam and forward the latest client contract updates to me.,slack|gmail,Multiple sources,Hard cases (generated),train
q02046,has david got back to me yet,gmail,Implied source,MASSIVE,train
q02047,"In our rollout system, what is the name of the new mechanism that prevents a candidate release from getting full user traffic until a dry run with replayed requests and smoke checks has passed?",jira,Implied source,EnterpriseRAG-Bench,train
q02048,can you tell me something funny about science,,Small talk,CLINC150,train
q02049,What was the government's plan towards the structural change?,notion,Implied source,QMSum,train
q02050,What was the conclusion on the Streams 'Accessing from an unknown node' exception in our spring boot pods?,jira,Implied source,Apache Kafka Jira,train
q02051,the customer facing explanation of chargebacks,kb,Unclear source,Hard cases (hand-written),train
q02052,what is the maximum upload size,kb,Unclear source,Hard cases (hand-written),train
q02053,when were 2 dollar bills stopped being made,web,Implied source,Natural Questions,train
q02054,what place do you call home,,Small talk,CLINC150,train
q02055,Where should I look for the protocols to follow in case of a data breach?,confluence,Implied source,Hard cases (generated),train
q02056,"Why were some Hosted API overload errors missing Retry-After, and what changes and alerts ensure it stays consistent across gateway, routing, and streaming paths going forward?",jira|confluence|notion,Multiple sources,EnterpriseRAG-Bench,train
q02057,What did the professor think about MSG?,notion,Implied source,QMSum,train
q02058,How can I change the entire page to show a family setting in Editor?,kb,Implied source,WixQA,train
q02059,"In the new consumer, should heartbeat errors reach the group manager only after they've been propagated to the app thread?",jira,Implied source,Apache Kafka Jira,train
q02060,"Gather all info related to the recent incident with the login service—chat history, troubleshooting steps, and postmortem notes.",jira|confluence|slack,Multiple sources,Hard cases (generated),train
q02061,"converting a video to 3gp, which tool did someone point to",slack,Implied source,Ubuntu help chat,train
q02062,Saving an mms:// wmv stream from the command line: wget or something else? What tools were floated?,slack,Implied source,Ubuntu help chat,train
q02063,did i get new emails from sarah,gmail,Names the source,MASSIVE,train
q02064,What are the new lower bounds proposed for the controller quorum fetch timeout and related settings?,confluence,Implied source,Apache Kafka Confluence,train
q02065,K3b says the drive can't write CDs while cdrecord works fine. What was the kernel-related fix?,slack,Implied source,Ubuntu help chat,train
q02066,please read new emails,gmail,Names the source,MASSIVE,train
q02067,"What dates did the team set for the three stage launch of the new high end compute hardware offering (restricted trial, broader preview, and public release) that follows the late July readiness work and the early August go no go decision?",slack,Unclear source,EnterpriseRAG-Bench,train
q02068,Who is assigned to work on the new feature related to user notifications?,jira,Implied source,Hard cases (generated),train
q02069,How can I save a lightbox for next year?,kb,Implied source,WixQA,train
q02070,"what is the meaning of word ""rescind",web,Implied source,CLINC150,train
q02071,"During a gradual rollout of a new large model on a single production tenant in early March 2026, some sessions that were supposed to stay on a customer-specified version briefly got routed to a cheaper compressed build, causing worse answers without any server error spike. What was the immediate mitigation applied at the request routing layer to prevent this kind of misrouting when a version lock is provided?",jira,Implied source,EnterpriseRAG-Bench,train
q02072,Why did the team choose single-curved design when discussing remote control style?,notion,Implied source,QMSum,train
q02073,What are the three request quality and cost tiers proposed in the lightweight interaction tiering model for user facing features?,notion,Unclear source,EnterpriseRAG-Bench,train
q02074,Where is the billing and invoicing process doc in notion?,notion,Names the source,Hard cases (generated),train
q02075,"Great, thanks!",,Small talk,Hard cases (generated),train
q02076,what subjects do you know something about,,Small talk,CLINC150,train
q02077,"On Streamly AI's dedicated pool dp-132-usw, what % of interactive burst credits should be reserved exclusively for priority=high routes?",jira|notion,Multiple sources,EnterpriseRAG-Bench,train
q02078,"In the internal routing performance memo that compared a nearby low latency serving path versus a centralized high throughput batching path and a split strategy that starts local then hands off when the response gets longer, which approach had the cheapest cost per 1k tokens for medium length requests and what was that cost?",notion,Names the source,EnterpriseRAG-Bench,train
q02079,What did PhD B think about patterns of noise in the recordings?,notion,Implied source,QMSum,train
q02080,Topic UUIDs in metrics with topic and partition tags — anything on the tracker?,jira,Names the source,Apache Kafka Jira,train
q02081,Who’s taking over the coordination for the user test next month?,slack,Implied source,Hard cases (generated),train
q02082,What was said about Switchboard?,notion,Implied source,QMSum,train
q02083,"I need to renew my Premium Business plan after missing the renewal notice. I couldnt find the subscription under my account, but I want to proceed with purchasing a new Premium plan for my site.",kb,Implied source,WixQA,train
q02084,"find the latest deployment runbook in notion, and check the kb for relevant support articles.",kb|notion,Multiple sources,Hard cases (generated),train
q02085,tell me if you are a human or a computer,,Small talk,CLINC150,train
q02086,where did you come from,,Small talk,CLINC150,train
q02087,What did Bill Blair respond to the firearms seizure issue at Pearson airport when talking about the measures to guarantee social stability?,notion,Implied source,QMSum,train
q02088,"Can someone clarify the bug priority discussed earlier, and who’s assigned to the upcoming release cycle?",jira|slack,Multiple sources,Hard cases (generated),train
q02089,thanks a lot,,Small talk,Hard cases (hand-written),train
q02090,"In the Pakistani drama Ab Kar Meri Rafugari, the main lead Taban is played by an actress who is the sister of which acclaimed director?",web,Implied source,ConcurrentQA,train
q02091,Just checking in—did I miss anything important?,,Small talk,Hard cases (generated),train
q02092,"Our Key Management Standard says we must not cache plaintext DEKs, but ADR-007 allows a short-lived in-memory DEK cache. What is the actual policy we should follow, and how should we describe DEK caching and KMS outage behavior in customer-facing rotation materials?",confluence|gmail,Multiple sources,EnterpriseRAG-Bench,train
q02093,Can you make that more concise?,,Small talk,Hard cases (generated),train
q02094,do you have a name i can use,,Small talk,CLINC150,train
q02095,"What audit log retention period did the company commit to for pilot customers during the 2027 API model migration, in response to the Acme Health security questions?",gmail,Implied source,EnterpriseRAG-Bench,train
q02096,What did the team discuss about the product cost?,notion,Implied source,QMSum,train
q02097,can you tell me the definition of sucrose,web,Implied source,CLINC150,train
q02098,Bromham and Rowde Halt was a railway station on a branch line named for a town that lies on the edge of which vale?,web,Implied source,ConcurrentQA,train
q02099,how tall is the actor who plays hagrid in harry potter,web,Implied source,Natural Questions,train
q02100,I am struggling with adjusting section heights in the Editor. I need assistance with this issue.,kb,Implied source,WixQA,train
q02101,The storage tool says 'Cannot set kraft.version to 0 if KIP-853 configuration is present' and I didn't realize --standalone caused it. Docs improved?,jira,Implied source,Apache Kafka Jira,train
q02102,"why does InsertHeader in connect turn my literal header ""2.0"" into ""2""??",jira,Implied source,Apache Kafka Jira,train
q02103,Someone was trying to remember the name of a web-gui network traffic monitor per host. What name got suggested?,slack,Implied source,Ubuntu help chat,train
q02104,read email,gmail,Names the source,MASSIVE,train
q02105,when booking again can I see times that are already taken,kb,Implied source,WixQA,train
q02106,Proposed change to add application id as a tag on the Streams client-state metric?,confluence,Implied source,Apache Kafka Confluence,train
q02107,Installing from the official repos keeps giving firefox 3.0 beta 5 instead of final. What did people say to enable?,slack,Implied source,Ubuntu help chat,train
q02108,Was the SASL reverse DNS lookup fix backported to 2.7 and 2.8?,jira,Implied source,Apache Kafka Jira,train
q02109,"My Payments account verification documents have been denied, specifically the company details.",kb,Implied source,WixQA,train
q02110,"During a traffic surge in the US East production cluster for a healthcare customer with dedicated capacity, why did conversations that were supposed to stay locked to a specific model version sometimes get served by an experimental fallback instead?",jira,Implied source,EnterpriseRAG-Bench,train
q02111,"Check gmail for any customer feedback on the new update, and look up our internal product roadmap in notion.",notion|gmail,Multiple sources,Hard cases (generated),train
q02112,"When is the 60 to 90 minute technical deep dive scheduled with the healthcare client about running model serving inside their own isolated network, and what is the time window in Pacific time?",gmail,Implied source,EnterpriseRAG-Bench,train
q02113,Potential clients are unable to book a tour on my website due to the current plan limitations. I received an email stating that I need to upgrade to a Business & eCommerce Premium Plan to enable bookings.,kb,Misleading keyword,WixQA,train
q02114,look up a lamp,web,Implied source,MASSIVE,train
q02115,what is the name of the person who created you,,Small talk,CLINC150,train
q02116,what does the word polynomial mean,web,Implied source,CLINC150,train
q02117,who was tammy from basketball wives married to,web,Implied source,Natural Questions,train
q02118,Can someone remind me about the decision on the new API limits?,slack,Implied source,Hard cases (generated),train
q02119,Is there a request to include the reason and source client when Streams sends APPLICATION_SHUTDOWN to the group?,jira,Implied source,Apache Kafka Jira,train
q02120,Not the bug tracker; how is disabling tiered storage on a topic supposed to work after it's been enabled?,confluence,Excludes a source,Apache Kafka Confluence,train
q02121,can you check if i got an email from john,gmail,Names the source,MASSIVE,train
q02122,hello how's it going,,Small talk,CLINC150,train
q02123,"Which shell ships by default, bash or bourne? The thread had a few takes including dash",slack,Names the source,Ubuntu help chat,train
q02124,"To get all the gstreamer modules installed, what tab-completion trick did someone mention?",slack,Implied source,Ubuntu help chat,train
q02125,What's the updated process for reporting a security incident internally?,kb,Implied source,Hard cases (generated),train
q02126,Clarify the steps customers should take to reactivate a suspended account.,kb,Implied source,Hard cases (generated),train
q02127,what is the last email i received,gmail,Names the source,MASSIVE,train
q02128,"Can someone share the latest product roadmap, and where do I submit a support ticket for account issues?",kb|confluence,Multiple sources,Hard cases (generated),train
q02129,"After the Console v4.3.2 rollout (March 2026), what caused saved dashboard filter presets to revert to the default right after you edit and save a linked sub-report in the widget editor modal, and what hotfix fixed it?",jira,Implied source,EnterpriseRAG-Bench,train
q02130,wifi broke completely after trying a newer kernel from a ppa and rolling back. What did people say to do?,slack,Implied source,Ubuntu help chat,train
q02131,"For a EU-hosted dedicated banking tenant facing a regulator check in late March 2026, how can we produce a tamper-evident 7-day audit activity export that includes per-event masking justification plus the GDPR lawful-ground and any consent time, with a signed checksum manifest and a trusted timestamp?",jira,Implied source,EnterpriseRAG-Bench,train
q02132,What must `--deterministic true` enforce in the eval runner (decoding settings)?,confluence|slack,Multiple sources,EnterpriseRAG-Bench,train
q02133,"Hey, can you check if the deadline for the feature release in the chat matches what's in the project board?",jira|slack,Multiple sources,Hard cases (generated),train
q02134,Can you check if the vendor agreement terms listed match the ones in our recent email conversation?,kb|gmail,Multiple sources,Hard cases (generated),train
q02135,tell me what cyst means,web,Implied source,CLINC150,train
q02136,Why change the producer's memory pool so it doesn't reserve a full batch.size per active partition?,confluence,Implied source,Apache Kafka Confluence,train
q02137,"not the incident ticket, the proposal for hot reloading SSL keystores in clients without restarts",confluence,Excludes a source,Apache Kafka Confluence,train
q02138,"I created a website using the Editor, but it’s not responsive.",kb,Implied source,WixQA,train
q02139,"Looking for a frontpage-style html editor on linux, what did someone suggest installing?",slack,Implied source,Ubuntu help chat,train
q02140,"For the private customer collector debug bundle upload 403 escalation, what support ticket number is being updated and what request ID should be included if escalating to infra?",slack,Misleading keyword,EnterpriseRAG-Bench,train
q02141,What are the required permission scopes for an API key when SDK examples fail with a 401 unauthorized error during developer onboarding?,confluence,Implied source,EnterpriseRAG-Bench,train
q02142,What did the Industrial Designer and the Project Manager discuss about the LCD screen?,notion,Implied source,QMSum,train
q02143,how to change on checkout page the telephone number that customer is putting,kb,Implied source,WixQA,train
q02144,jane doe emails,gmail,Names the source,MASSIVE,train
q02145,I need help managing the categories my booking services are in on my website.,kb,Implied source,WixQA,train
q02146,"Find all the materials on the GDPR compliance project, like policy updates, task lists, and any notes from the legal team.",jira|confluence|notion,Multiple sources,Hard cases (generated),train
q02147,Design page on the standby update listener for Streams — what callbacks does it add?,confluence,Names the source,Apache Kafka Confluence,train
q02148,"During a short surge in vector writes last March, a customer in the western US region saw search answers point to the wrong source records and also couldnt verify charges because telemetry for about twenty minutes never arrived; what was the suspected technical cause behind both symptoms?",jira,Implied source,EnterpriseRAG-Bench,train
q02149,Look up the final decision on the team's offsite location and resend the email with the security checklist to the vendor.,slack|gmail,Multiple sources,Hard cases (generated),train
q02150,What was the main takeaway from that?,,Small talk,Hard cases (generated),train
q02151,Where can I find the plan for overhauling our system tests?,confluence,Implied source,Apache Kafka Confluence,train
q02152,Review the latest comments on the Jira task for the UI redesign.,jira,Names the source,Hard cases (generated),train
q02153,What age groups did the team think would the device appeal to when discussing evaluation criteria of remote control?,notion,Implied source,QMSum,train
q02154,are there new emails in my inbox,gmail,Names the source,MASSIVE,train
q02155,How do I verify my DNS records now that I have transferred my domain to our platform?,kb,Implied source,WixQA,train
q02156,look in gmail for the conversation about adjusting the pricing tiers we had with the partners,gmail,Names the source,Hard cases (generated),train
q02157,Find any advance notice we received from the server host about maintenance.,gmail,Implied source,Hard cases (generated),train
q02158,Finding the last access time for files under a mount point - was stat the suggested approach?,slack,Implied source,Ubuntu help chat,train
q02159,Design doc on making controller and broker listeners and advertised.listeners behave the same — whats the migration plan?,confluence,Names the source,Apache Kafka Confluence,train
q02160,"What is the numeric rule that turns recent automated test slice failure patterns plus latency and vector drift into a single 0 to 100 release risk score that decides whether to proceed, slow down, pause, or revert a staged model change?",confluence,Unclear source,EnterpriseRAG-Bench,train
q02161,What’s the team’s final say on the Q4 hiring targets?,slack,Implied source,Hard cases (generated),train
q02162,who sings the wizards of waverly place theme song,web,Implied source,Natural Questions,train
q02163,check jirra for the billing defect,jira,Implied source,Hard cases (hand-written),train
q02164,where did aeneas go when he left carthage,web,Implied source,Natural Questions,train
q02165,who is the queen of hearts in alice in wonderland,web,Implied source,Natural Questions,train
q02166,i am hoping to switch insurance plans,kb,Implied source,CLINC150,train
q02167,"Streams apps couldn't actually leave the group on shutdown, so why was a leave-group option added to consumer close?",confluence,Implied source,Apache Kafka Confluence,train
q02168,i have to get going,,Small talk,CLINC150,train
q02169,Automount stopped working for cdroms and usb drives on hardy. Who was helping troubleshoot it?,slack,Implied source,Ubuntu help chat,train
q02170,Northbridge Bank is seeing request logs older than their configured retention window in us-east after a maintenance window. What is the recommended remediation and what customer-safe evidence artifacts should we provide to prove the retention policy is configured correctly and enforcement has caught up?,jira|confluence,Multiple sources,EnterpriseRAG-Bench,train
q02171,"In the recent change that made low bit math safer for inference, what is the default pass rate used to decide when a machine is allowed to step down from the safest numeric mode?",jira,Implied source,EnterpriseRAG-Bench,train
q02172,"In the email thread about renewing the feature flag vendor for the company, what peak burst capacity was proposed in the multi year renewal option SLA?",gmail,Names the source,EnterpriseRAG-Bench,train
q02173,open new emails,gmail,Names the source,MASSIVE,train
q02174,Summarize Marketing's story and description of the butterfly she drew during the discussion of favourite animals.,notion,Implied source,QMSum,train
q02175,i want to know all about trivia for the office,web,Implied source,CLINC150,train
q02176,Which the company engineering team owned the most production incidents involving GPU capacity or quota exhaustion in H1 2025?,jira|confluence|slack|notion,Multiple sources,EnterpriseRAG-Bench,train
q02177,thanks for letting me know,,Small talk,CLINC150,train
q02178,how do shareable state stores work across Streams apps,confluence,Implied source,Apache Kafka Confluence,train
q02179,Summarize the ideas of the individual presentations.,notion,Implied source,QMSum,train
q02180,any blockers on the sprint completion from jira and related notes in notion,jira|notion,Multiple sources,Hard cases (generated),train
q02181,Im trying to remove a menu from the header of my site.,kb,Implied source,WixQA,train
q02182,Which serialization and interceptor timing metrics are proposed for clients?,confluence,Implied source,Apache Kafka Confluence,train
q02183,how many new emails have i gotten,gmail,Names the source,MASSIVE,train
q02184,How can I get a refund for a renewal payment I did not want to renew?,kb,Implied source,WixQA,train
q02185,Could you locate the latest note from our marketing partner about the webinar schedule?,gmail,Implied source,Hard cases (generated),train
q02186,tell me a fun fact about computer,web,Implied source,CLINC150,train
q02187,"i need assistance figuring out how to rollover my 401k, please",kb,Implied source,CLINC150,train
q02188,What was the credit memo amount AWS Marketplace issued after fixing the March billing issue with duplicated reserved usage and reversing incorrectly applied VAT for a US buyer?,gmail,Implied source,EnterpriseRAG-Bench,train
q02189,how many wing stops are there in the united states,web,Implied source,Natural Questions,train
q02190,What security measures are in place to protect my data?,kb,Implied source,Hard cases (generated),train
q02191,"Is there a ppa with a newer libglfw that has vulkan support? Skip the official docs, I want what people said",slack,Excludes a source,Ubuntu help chat,train
q02192,I would like to know how to set up a policy agreement checkbox during checkout in Stores.,kb,Implied source,WixQA,train
q02193,what's your birth date,,Small talk,CLINC150,train
q02194,What did User Interface think of the fashion style of the remote control when discussing the product evaluation?,notion,Implied source,QMSum,train
q02195,any recent mails,gmail,Implied source,MASSIVE,train
q02196,How does exponential backoff for client metadata fetches and retries work?,confluence,Implied source,Apache Kafka Confluence,train
q02197,"I have created pages in the editor, but they are not showing up on the live site even though I have hit publish. I have made sure the pages are not hidden and they are published, but they are still not showing up on the live site.",kb,Implied source,WixQA,train
q02198,Null-safety and thread-safety contracts only live in Javadoc — why add annotations for them?,confluence,Implied source,Apache Kafka Confluence,train
q02199,I want to completely remove the login bar and anything associated with it from my site.,kb,Implied source,WixQA,train
q02200,What's the procedure for onboarding new developers?,confluence,Implied source,Hard cases (generated),train
q02201,What alternatives were considered for letting clients learn the broker's software version beyond ApiVersions?,confluence,Implied source,Apache Kafka Confluence,train
q02202,Network install from usb crawling while retrieving files - what workaround did someone mention?,slack,Implied source,Ubuntu help chat,train
q02203,"Hey, I'm trying to find that email thread where we discussed the recent changes to our subscription tiers, particularly the one that debated whether we should grandfather existing customers or apply the new pricing—can you pull that up for me, please, because I need to refer to it during our client negotiations later today?",kb|gmail,Multiple sources,Hard cases (generated),train
q02204,What support is offered for resolving permission errors during software use?,kb,Implied source,Hard cases (generated),train
q02205,can you track down what we talked about earlier?,slack|notion,Multiple sources,Hard cases (generated),train
q02206,Audio switched to oss and alsa says connection refused. What did people suggest first?,slack,Implied source,Ubuntu help chat,train
q02207,tell me some something trivia,web,Implied source,CLINC150,train
q02208,How do I submit a feature request to your team?,kb,Implied source,Hard cases (generated),train
q02209,What does the company Private on-prem recommend for signing backup manifests?,confluence|notion,Multiple sources,EnterpriseRAG-Bench,train
q02210,"hey, ai",,Small talk,CLINC150,train
q02211,would you tell me how old you are,,Small talk,CLINC150,train
q02212,unread emails,gmail,Names the source,MASSIVE,train
q02213,what new deal program limited production in industry,web,Implied source,Natural Questions,train
q02214,"Not the browser documentation, the chat answer: where does chrome keep its flash files on 12.04?",slack,Excludes a source,Ubuntu help chat,train
q02215,roadmap planning updates from notion linked to jira epics,jira|notion,Multiple sources,Hard cases (generated),train
q02216,how many years have you been alive,,Small talk,CLINC150,train
q02217,What default lookahead window did the new predictive headroom autoscaling design choose for forecasting future load on dedicated capacity?,jira,Implied source,EnterpriseRAG-Bench,train
q02218,who sings love will keep us alive by the eagles,web,Implied source,Natural Questions,train
q02219,can you see boot error messages over ssh? what file did they point to,slack,Implied source,Ubuntu help chat,train
q02220,"slack off day at the office, is that a real thing",web,Misleading keyword,Hard cases (hand-written),train
q02221,if it is from a very familiar place mark it as important,gmail,Implied source,MASSIVE,train
q02222,Will installing gnome shell break unity on 11.10? Curious what people said,slack,Implied source,Ubuntu help chat,train
q02223,where was the original planet of the apes filmed at,web,Implied source,Natural Questions,train
q02224,refresh me on the points from our last discussion,slack|notion,Multiple sources,Hard cases (generated),train
q02225,"What are the three runtime precision settings introduced for controlling fp32 vs lower precision execution, and what does each mode allow?",jira,Implied source,EnterpriseRAG-Bench,train
q02226,I would like to download the reports of my website visits from December 15 to January 15.,kb,Implied source,WixQA,train
q02227,"If Console shows a canary step change to a lower percentage but one region keeps serving the old split, how do we tell whether it is cohorting key behavior, router version skew, or stale config propagation, and what is the recommended mitigation?",jira|confluence|slack,Multiple sources,EnterpriseRAG-Bench,train
q02228,"Out of the two historic homes Stone Jug and Walter Butler Homestead, which one has more names that it is known by ?",web,Implied source,ConcurrentQA,train
q02229,Can you give me a brief recap?,,Small talk,Hard cases (generated),train
q02230,What is the target reduction in product manager first-touch triage time for high-touch enterprise requests when using the intake checklist and minimum implementation slate?,jira,Unclear source,EnterpriseRAG-Bench,train
q02231,"Did we finalize the decision on the new hire’s onboarding schedule, and what’s the status of the pending security patch?",jira|slack,Multiple sources,Hard cases (generated),train
q02232,"In the Medicore procurement email thread about data use and telemetry, what turnaround timeline did the company propose for delivering the operational runbook?",gmail,Names the source,EnterpriseRAG-Bench,train
q02233,who were you invented by,,Small talk,CLINC150,train
q02234,What were the modules for the SmartKom.,notion,Implied source,QMSum,train
q02235,Seeking instructions on how to handle customer feedback effectively.,confluence,Implied source,Hard cases (generated),train
q02236,what is leonardo dicaprio's networth,web,Implied source,MASSIVE,train
q02237,what was the last email from work,gmail,Names the source,MASSIVE,train
q02238,tell me how you are doing,,Small talk,CLINC150,train
q02239,how much energy does coal produce in the us,web,Implied source,Natural Questions,train
q02240,What are the guidelines for submitting ideas to the product pipeline?,confluence,Implied source,Hard cases (generated),train
q02241,How can clients access previous invoices for their accounts?,kb,Implied source,Hard cases (generated),train
q02242,Any updates on the contract negotiation with our new partner that was brought up this morning?,slack,Implied source,Hard cases (generated),train
q02243,"In the Deterministic Playback Manifest v1, how is manifest signing/integrity represented (signature vs integrity fields)?",confluence|notion,Multiple sources,EnterpriseRAG-Bench,train
q02244,the mail carrier needs a signature at reception,slack,Misleading keyword,Hard cases (hand-written),train
q02245,"During a large overnight upload run using short lived credentials refreshed by many transient workers, what client side scheduling change was recommended to stop periodic too many requests errors after a partial worker restart caused refresh bursts?",jira,Implied source,EnterpriseRAG-Bench,train
q02246,"After upgrading controllers to metadata version 3.9, kraft.version stays at 0 and adding controllers is blocked. What's the status?",jira,Implied source,Apache Kafka Jira,train
q02247,"Does the installer set up nvidia drivers by default, or do you install them yourself? Who answered that one?",slack,Implied source,Ubuntu help chat,train
q02248,Summarize the discussion about use convenience.,notion,Implied source,QMSum,train
q02249,How do audit log exports access records older than the retention cutoff (super-admin override vs legal hold)?,jira|confluence,Multiple sources,EnterpriseRAG-Bench,train
q02250,What were the advantages of reducing the buttons on remotes when discussing the market potentials for the new remotes?,notion,Implied source,QMSum,train
q02251,What's the final take from the recent talks about optimizing our customer support response time?,slack,Implied source,Hard cases (generated),train
q02252,I am experiencing issues with fonts not displaying correctly on the mobile version of my website. The fonts I am using are default fonts provided by our platform.,kb,Implied source,WixQA,train
q02253,Enabling remote X logins on 13.10 without vnc or teamviewer - where did the conversation end up?,slack,Implied source,Ubuntu help chat,train
q02254,What remediation timeline by severity did the security team propose for the upcoming external penetration test findings?,slack,Unclear source,EnterpriseRAG-Bench,train
q02255,have teh Connect system tests been moved off zookeeper onto kraft yet,jira,Implied source,Apache Kafka Jira,train
q02256,How can I export my data for backup purposes?,kb,Implied source,Hard cases (generated),train
q02257,Who filed the NPE in the SASL channel builder when building the transport layer?,jira,Implied source,Apache Kafka Jira,train
q02258,Im having trouble removing the collapsible text in the Editor. I need help with identifying the Layers icon.,kb,Implied source,WixQA,train
q02259,could you explain the meaning of exorbitant for me please,web,Implied source,MASSIVE,train
q02260,Which assignments are prioritized for the upcoming cloud deployment?,jira,Implied source,Hard cases (generated),train
q02261,can you tell me some dog jokes,,Small talk,CLINC150,train
q02262,how would you like me to call you,,Small talk,CLINC150,train
q02263,"What did the Industrial Designer recommend to do when discussing personal presentations on the appearance design, the speak recognition system and the ideal materials of the remote control?",notion,Implied source,QMSum,train
q02264,Can ClusterTest integration tests be told to ignore thread leaks from custom plugins like metric reporters?,jira,Implied source,Apache Kafka Jira,train
q02265,when can you use word set,web,Implied source,MASSIVE,train
q02266,what is the first five subjects in the email,gmail,Names the source,MASSIVE,train
q02267,Check the follow-up note from the sales team to Global Enterprises from August.,gmail,Implied source,Hard cases (generated),train
q02268,could you tell me a good joke,,Small talk,CLINC150,train
q02269,"I don't want the mailing list thread or slack, I want the Raft protocol design for the metadata quorum.",confluence,Excludes a source,Apache Kafka Confluence,train
q02270,"Best filesystem for a partition shared by windows and linux: not the docs page, what did people in chat settle on?",slack,Excludes a source,Ubuntu help chat,train
q02271,What did the team come up with to prevent customers from losing their remote controls in the discussion of technical issues of the project?,notion,Implied source,QMSum,train
q02272,"What you said makes sense, thanks!",,Small talk,Hard cases (generated),train
q02273,locate info on the recent topic,jira|slack,Multiple sources,Hard cases (generated),train
q02274,How can I migrate from the Editor to the Studio Editor?,kb,Implied source,WixQA,train
q02275,How did the group decide to reduce the cost of buttons?,notion,Implied source,QMSum,train
q02276,how to get the same view for mobile and desktop website,kb,Implied source,WixQA,train
q02277,where was a hologram for the king filmed,web,Implied source,Natural Questions,train
q02278,"Trying to install linux as the main OS on an Asus X205TA, dual booting with windows 10 - what came up?",slack,Implied source,Ubuntu help chat,train
q02279,"For IronCrest Bioinformatics evaluating the company, what was the typical time to get from signup to receiving the first response token using the self-serve quickstart flow?",notion,Unclear source,EnterpriseRAG-Bench,train
q02280,Can't create a connector with a Chinese name in distributed mode. What was decided on that?,jira,Implied source,Apache Kafka Jira,train
q02281,"A non-burst Dedicated tenant is seeing tail latency spikes during another tenant's burst window; what should we check first, and when do we reduce burst caps versus trigger the SLO gate or circuit breaker, and what denial reason code will burst customers see?",jira|confluence|slack,Multiple sources,EnterpriseRAG-Bench,train
q02282,first jnanpith award was an autor of which language,web,Implied source,Natural Questions,train
q02283,what is your country of origin,,Small talk,CLINC150,train
q02284,Can you create a FAT32 partition without booting a live cd? What partitioning advice was given?,slack,Implied source,Ubuntu help chat,train
q02285,Do you even need fdisk or cfdisk if you've got gparted? I remember a short exchange about it,slack,Implied source,Ubuntu help chat,train
q02286,what are the names of the hunger games,web,Implied source,Natural Questions,train
q02287,"In the Private VPC console prototype for an interactive network path storyboard used to rehearse cluster upgrades, what is explicitly out of scope for the ticket?",jira,Names the source,EnterpriseRAG-Bench,train
q02288,What are the default significance threshold and minimum sample size guidelines for deciding whether a model regression is actionable in the causal regression investigation handbook?,confluence,Names the source,EnterpriseRAG-Bench,train
q02289,"Can we see client quota values as JMX metrics yet, or is that still in progress?",jira,Implied source,Apache Kafka Jira,train
q02290,which nfl coach has the most superbowl rings,web,Implied source,Natural Questions,train
q02291,hey check email,gmail,Names the source,MASSIVE,train
q02292,please check for recent emailstudy from this sender,gmail,Implied source,MASSIVE,train
q02293,what is the definition of a probiotic,web,Implied source,MASSIVE,train
q02294,tell me what the word organism means,web,Implied source,MASSIVE,train
q02295,what date do i get my next paycheck,kb,Implied source,CLINC150,train
q02296,Details of tasks needed for infrastructure scaling.,jira,Implied source,Hard cases (generated),train
q02297,How can I list registered KRaft nodes to find which ones I need to unregister before bumping the metadata version?,jira,Implied source,Apache Kafka Jira,train
q02298,What is often the emphasis of the music of this genre of which Michael Sweet's album Truth is an example?,web,Implied source,ConcurrentQA,train
q02299,"What mountain has a higher elevation, Ishkoma Aghost Pass or Deals Gap, North Carolina?",web,Implied source,ConcurrentQA,train
q02300,What's the current progress on the billing system upgrade and I need a guide on how to manage subscription changes for customers?,kb|jira,Multiple sources,Hard cases (generated),train
q02301,Who was helping out when someone asked whether cinnamon was available in the repos?,slack,Implied source,Ubuntu help chat,train
q02302,Could you clarify your previous response for me?,,Small talk,Hard cases (generated),train
q02303,What is the highest mountain in this mountain range of Alps whose western end is located near Diablerets?,web,Implied source,ConcurrentQA,train
q02304,how to remove one seat from Google Workspace and update billing,kb,Implied source,WixQA,train
q02305,do i have any emails from jo,gmail,Names the source,MASSIVE,train
q02306,locate the email correspondence in gmail with the supplier about pending invoices,gmail,Names the source,Hard cases (generated),train
q02307,"Before an external audit rehearsal happening in about three weeks, what are the due dates and owners for the main evidence gaps around deployment rollback proof, contractor access end date confirmation, encryption key rotation documentation placement, and two overdue third party security questionnaires?",notion,Unclear source,EnterpriseRAG-Bench,train
q02308,"not notion, is it in a help article",kb,Excludes a source,Hard cases (hand-written),train
q02309,"Who is responsible for the stock canyon hero placeholder image that is suggested for demo slides, and what is its current status?",notion,Unclear source,EnterpriseRAG-Bench,train
q02310,Default TTL for the cross-account GPU warm-pool handoff handshake token?,confluence,Unclear source,EnterpriseRAG-Bench,train
q02311,Laptop keeps freezing hard and needs to be unplugged - was there any suggestion beyond trying another desktop environment?,slack,Implied source,Ubuntu help chat,train
q02312,hello there!,,Small talk,CLINC150,train
q02313,What features of the remote control did Marketing think were important?,notion,Implied source,QMSum,train
q02314,tell me something funny about politics,,Small talk,CLINC150,train
q02315,"How does the temporary cross team sandbox get automatically shut down, including the default lifetime and the advance warning sent to the owners before everything is archived?",jira,Implied source,EnterpriseRAG-Bench,train
q02316,"In the private network hosted cluster console, what are the planned quick actions on the compact outage summary tile that on call engineers can use to stop a risky release or switch to a safer model option?",jira,Implied source,EnterpriseRAG-Bench,train
q02317,How do I get notified of purchases,kb,Implied source,WixQA,train
q02318,"for a step by step wine install of wow off the cd, what command did someone give",slack,Implied source,Ubuntu help chat,train
q02319,What did Project Manager think of the manual design when discussing the ease of use?,notion,Implied source,QMSum,train
q02320,Installing packages listed one per line in a text file gave 'unable to locate package'. What alternative command was suggested?,slack,Implied source,Ubuntu help chat,train
q02321,Copperfield Nimbus Dedicated sizing: latest baseline/growth/peak QPS and peak concurrent chat sessions?,notion,Unclear source,EnterpriseRAG-Bench,train
q02322,What did team members say about the titanium case when talking about the components concept of industrial design?,notion,Implied source,QMSum,train
q02323,"What did we decide about the new pricing strategy in the last notion doc, and is there any related discussion on slack?",slack|notion,Multiple sources,Hard cases (generated),train
q02324,has robert emails me yet,gmail,Names the source,MASSIVE,train
q02325,Did we finalize the UX feedback for the app redesign and are there updated design specs available?,confluence|slack,Multiple sources,Hard cases (generated),train
q02326,have i gotten any emails from mom lately,gmail,Names the source,MASSIVE,train
q02327,"Themes crashed the window manager and someone needed to open the theme settings from a command, any answer on that?",slack,Implied source,Ubuntu help chat,train
q02328,"What was the target goal for average router queue time for very short token sequences, compared to the baseline of 28 ms, in the weekly sprint anchor about reducing staging inference queuing latency?",notion,Names the source,EnterpriseRAG-Bench,train
q02329,What was the current technique and its limitations?,notion,Implied source,QMSum,train
q02330,who does bryce dallas howard play in the grinch,web,Implied source,Natural Questions,train
q02331,can you assist me rolling over a 401k for a new job,kb,Implied source,CLINC150,train
q02332,please check mails quickly,gmail,Implied source,MASSIVE,train
q02333,any updates on what we covered?,jira|slack,Multiple sources,Hard cases (generated),train
q02334,How did Industrial Designer introduce the two prototypes of the remote control?,notion,Implied source,QMSum,train
q02335,"Why does getting a graphical text editor on a server pull in hundreds of megs? Not the wiki, what did people actually say?",slack,Excludes a source,Ubuntu help chat,train
q02336,Find out if there's a decision on merging the feature branches and verify if the spec document outlines testing protocols.,confluence|slack,Multiple sources,Hard cases (generated),train
q02337,"For a single-controller quorum, should the check-quorum timer be skipped? Search jira for that one.",jira,Names the source,Apache Kafka Jira,train
q02338,Can you search jira to find the sprint plan for Q4 and match it with any relevant kb entries on deployment strategies?,kb|jira,Multiple sources,Hard cases (generated),train
q02339,What's the status of the Jira ticket for the database performance issue?,jira,Names the source,Hard cases (generated),train
q02340,Can you repeat that differently?,,Small talk,Hard cases (generated),train
q02341,just let me know next weeks weather in california,gmail,Implied source,MASSIVE,train
q02342,who has the most restaurants in the world,web,Implied source,Natural Questions,train
q02343,How are controllers supposed to recover from a disk failure on the metadata log?,confluence,Implied source,Apache Kafka Confluence,train
q02344,Partition reassignments stall in dual-write migration mode until the leader epoch bumps. Is there a ticket on this?,jira,Names the source,Apache Kafka Jira,train
q02345,what is hurricane,web,Implied source,MASSIVE,train
q02346,I want to unfreeze the header on my site.,kb,Implied source,WixQA,train
q02347,"Are there any blockers for the database migration, and also retrieve the runbook for deployment procedures?",jira|confluence,Multiple sources,Hard cases (generated),train
q02348,Locate kb articles on migrating to the latest software version.,kb,Names the source,Hard cases (generated),train
q02349,What decisions were made regarding the new hire training program after today's conversation?,slack,Implied source,Hard cases (generated),train
q02350,"For the healthcare chat rollout that ramps from a few thousand to about fifteen thousand monthly active users by month three, what was the projected total monthly language model token consumption at steady state based on the stated session and prompt/response length assumptions?",gmail,Unclear source,EnterpriseRAG-Bench,train
q02351,What are the three default preset options in the autoscaling policy builder for the dedicated capacity trial onboarding flow?,jira,Implied source,EnterpriseRAG-Bench,train
q02352,tell me what alternative means,web,Implied source,CLINC150,train
q02353,Find Sarah’s feedback on the meeting with the legal team about the agreement.,gmail,Implied source,Hard cases (generated),train
q02354,Summarize discussion on the pragmatic overview of the project,notion,Implied source,QMSum,train
q02355,Streams join with custom serdes fails to deserialize an internal topic. Was it actually a bug?,jira,Implied source,Apache Kafka Jira,train
q02356,read email subject chemistry,gmail,Names the source,MASSIVE,train
q02357,topic,gmail,Implied source,MASSIVE,train
q02358,who won the oscar over wolf of wall street,web,Implied source,Natural Questions,train
q02359,is there a jira for 'Error opening store' on rocksdb state stores in streams? seeing it on lots of stores,jira,Names the source,Apache Kafka Jira,train
q02360,Hoe can I restore the selection of projects for my our platform collection?,kb,Implied source,WixQA,train
q02361,what is the agreed approach to logging,confluence|slack,Multiple sources,Hard cases (hand-written),train
q02362,Summarise the discussion about grouping buttons on the remote control.,notion,Implied source,QMSum,train
q02363,"Rather than the confluence notes, point me to the ticket for the memory leak when stream threads get replaced in 4.x.",jira,Excludes a source,Apache Kafka Jira,train
q02364,"In a Private/VPC deployment, some users could complete SAML SSO but then immediately hit 403s because their admin group wasn't being recognized after an IdP/AD-connector upgrade (early March 2026). What was the underlying parsing problem with the comma-separated ""groups"" SAML attribute (why the first group didn't match), and what server-side patch fixed it?",jira,Implied source,EnterpriseRAG-Bench,train
q02365,"When using telnet against a web server, what do you type to download the page? Got any of the answers people gave?",slack,Implied source,Ubuntu help chat,train
q02366,Were the Streams SAM interfaces annotated with @FunctionalInterface for Clojure interop?,jira,Implied source,Apache Kafka Jira,train
q02367,"For the StrataCore joint benchmark on the S100 card, what model and metrics are they benchmarking, and what artifacts will be included in the post run internal results bundle for signoff?",slack,Unclear source,EnterpriseRAG-Bench,train
q02368,Look up progress on tasks involving security compliance updates.,jira,Implied source,Hard cases (generated),train
q02369,Is there an equivalent of yum provides to find which package ships a command? What was recommended?,slack,Implied source,Ubuntu help chat,train
q02370,I need to update my account payment information,kb,Implied source,WixQA,train
q02371,check on the update we talked about,jira|slack,Multiple sources,Hard cases (generated),train
q02372,How did Kirsty Williams respond to the doubt that their action was not enough?,notion,Implied source,QMSum,train
q02373,"For the ProofPoint pentest artifact audit-proxy escrow, what is the default retention period, what is the standard access request turnaround time, and who is billed for the AuditWorks storage fees?",gmail,Implied source,EnterpriseRAG-Bench,train
q02374,show me trivia about cats,web,Implied source,CLINC150,train
q02375,Current investigation status on user data reporting errors.,jira,Implied source,Hard cases (generated),train
q02376,Is there a way to track changes made to my personal settings?,kb,Implied source,Hard cases (generated),train
q02377,Find collaboration tasks assigned to the design team for the UI refresh.,jira,Implied source,Hard cases (generated),train
q02378,"Was medibuntu down, and did anyone mention a mirror? I swear it came up in that thread",slack,Names the source,Ubuntu help chat,train
q02379,Why did Project Manager decide to cancel the previous plan for a generic remote control when discussing the user requirement?,notion,Implied source,QMSum,train
q02380,What was the general discussion of the meeting?,notion,Implied source,QMSum,train
q02381,Summarize the decision of the discussion on the name chosen of the product.,notion,Implied source,QMSum,train
q02382,i appreciate that answer!,,Small talk,CLINC150,train
q02383,"What was the low-risk mitigation plan for BrightHealth AI to reduce recurring tail-latency spikes after enabling aggressive per-tenant batching, prefix cache prefetch, and a fast quantization profile, including the small initial traffic split to a stable profile?",jira,Implied source,EnterpriseRAG-Bench,train
q02384,Summarize the discussion about legislation and sports infrastructural construction to make a healthy environment.,notion,Implied source,QMSum,train
q02385,What config adds a default API timeout to the admin client?,confluence,Implied source,Apache Kafka Confluence,train
q02386,I want to change the preview picture that shows when using my URL.,kb,Implied source,WixQA,train
q02387,show me most recent emails,gmail,Names the source,MASSIVE,train
q02388,"Not a bug report, I want the design fixing the async consumer busy loop with explicit wait conditions.",confluence,Excludes a source,Apache Kafka Confluence,train
q02389,"What fields are included in the proposed runtime metadata JSON that apps can use as the single source of truth for whether a hosted model can do streaming or tool calls, what token ceilings apply (soft vs enforced), and what the expected output format guarantees are?",slack,Unclear source,EnterpriseRAG-Bench,train
q02390,hey has john sent me any email lately,gmail,Names the source,MASSIVE,train
q02391,Did we finalize the color scheme changes for the upcoming UI revamp?,slack,Implied source,Hard cases (generated),train
q02392,Where's the original KIP-98 design for exactly-once delivery and transactional messaging?,confluence,Implied source,Apache Kafka Confluence,train
q02393,"In the dedicated GPU hosting plan with prepaid overage credits, what is the default time window after a demand spike during which any additional spikes are treated as part of the same billable overage event?",gmail,Implied source,EnterpriseRAG-Bench,train
q02394,"Proposal for a pluggable SslFactory, e.g. to support encrypted keystore passwords — where is it?",confluence,Implied source,Apache Kafka Confluence,train
q02395,am i speaking with a real person,,Small talk,CLINC150,train
q02396,Compatibility impact of requiring a principal serde implementation for custom principal builders under KRaft?,confluence,Implied source,Apache Kafka Confluence,train
q02397,"Thanks, you've been very helpful!",,Small talk,Hard cases (generated),train
q02398,"Collect everything about the new pricing model launch, such as planning meetings, active Jira tasks, and FAQs.",kb|jira|notion,Multiple sources,Hard cases (generated),train
q02399,What did PhD F think about acoustic events?,notion,Implied source,QMSum,train
q02400,"For the Acme AI dedicated failover incident with intermittent 500s and fallback churn, what v1 incident type and primary owner should we set, and what time-to-mitigate and time-to-fix targets should CS use in customer updates?",jira|confluence|gmail,Multiple sources,EnterpriseRAG-Bench,train
q02401,I need the thing from yesterday's conversation.,kb|notion,Multiple sources,Hard cases (generated),train
q02402,i want to find emails from bob with the subject that contains the word meeting,gmail,Names the source,MASSIVE,train
q02403,What's the estimated completion timeline for the ongoing support tasks?,jira,Implied source,Hard cases (generated),train
q02404,Retrieve slack messages about the incident report and see if there's confirmation in gmail.,slack|gmail,Multiple sources,Hard cases (generated),train
q02405,Why did Marketing recommend to specify the target market when discussing details of button design and location function?,notion,Implied source,QMSum,train
q02406,"Im having trouble with a popup that says ""You cant order this plan at the moment"" on my site. When I cancel the popup, I can see the plan with a ""buy"" button. I would like instructions on how to enable guest checkout for my pricing plans.",kb,Implied source,WixQA,train
q02407,what emails are new,gmail,Names the source,MASSIVE,train
q02408,"The man whom Sam Waterston played in the 2002 film ""The Matthew Shepard Story"" lives in which city?",web,Implied source,ConcurrentQA,train
q02409,emails in the last ten minutes,gmail,Names the source,MASSIVE,train
q02410,beach,web,Implied source,MASSIVE,train
q02411,the secret of crickley hall how many episodes,web,Implied source,Natural Questions,train
q02412,any email in the last hour,gmail,Names the source,MASSIVE,train
q02413,is san francisco near berkeley,web,Implied source,MASSIVE,train
q02414,have i received any emails from tim,gmail,Names the source,MASSIVE,train
q02415,when is my pay period,kb,Implied source,CLINC150,train
q02416,"Does a firewall rule chain stop at the first match? Someone asked about iptables, what was the answer?",slack,Implied source,Ubuntu help chat,train
q02417,I want to add and format text in a Rich Text field in the CMS.,kb,Implied source,WixQA,train
q02418,Harry van Raaij was born in which province of the Netherlands?,web,Implied source,ConcurrentQA,train
q02419,Connect worker leaks the producer and admin client if building a task fails halfway. Has that been reported?,jira,Implied source,Apache Kafka Jira,train
q02420,"Thanks, you're doing great!",,Small talk,Hard cases (generated),train
q02421,have i received any email since five p. m.,gmail,Names the source,MASSIVE,train
q02422,where did the titanic sink at what ocean,web,Implied source,Natural Questions,train
q02423,Where's the Confluence page on the strongly typed Processor API for Streams?,confluence,Names the source,Apache Kafka Confluence,train
q02424,read email from julia,gmail,Names the source,MASSIVE,train
q02425,show last email from mom,gmail,Names the source,MASSIVE,train
q02426,"What actor featured in the movie Lost Boys: The Thirst was born on July 16th, 1971?",web,Implied source,ConcurrentQA,train
q02427,good job with assisting me,,Small talk,CLINC150,train
q02428,What phone number did the recruiter provide for the frontend engineering candidate so the interviewers could reach her quickly if she was running late?,gmail,Implied source,EnterpriseRAG-Bench,train
q02429,"After the kernel-selector change caused OOMs on canary during 1k-token generations, what allocator and KV config values were hot-reloaded, and how did that change impact fallback allocations per minute in the follow-up metrics?",slack,Unclear source,EnterpriseRAG-Bench,train
q02430,What was the feedback on the latest prototype shared by the design team?,slack,Implied source,Hard cases (generated),train
q02431,What are the other barriers to Welsh universities gaining more funding from UK research councils?,notion,Implied source,QMSum,train
q02432,where is nuclear energy used most in the world,web,Implied source,Natural Questions,train
q02433,"Gather all information on the Aegis design review process. Look for any team chats, work items, and help center resources.",kb|jira|slack,Multiple sources,Hard cases (generated),train
q02434,Check if the design review summary in the meeting notes matches Alex's email from last Friday about the updated UI guidelines.,notion|gmail,Multiple sources,Hard cases (generated),train
q02435,"I need everything we have on the Q3 release notes, including conversations, task tracking, and any written proposals.",jira|confluence|slack,Multiple sources,Hard cases (generated),train
q02436,are any of my new emails from amy,gmail,Names the source,MASSIVE,train
q02437,what is the state of the import failures,jira|slack,Multiple sources,Hard cases (hand-written),train
q02438,can you share some trivia with me about us history,web,Implied source,CLINC150,train
q02439,"In the Confluence page about remote log manager thread pools, what's the new follower thread pool config?",confluence,Names the source,Apache Kafka Confluence,train
q02440,The Cornell University College of Human Ecology is a component of a university that was founded by Ezra Cornell and what other person?,web,Implied source,ConcurrentQA,train
q02441,"he has a real notion of fairness, unrelated to work",,Small talk,Hard cases (hand-written),train
q02442,need to purchase another email address from our platform,kb,Misleading keyword,WixQA,train
q02443,how goes it,,Small talk,CLINC150,train
q02444,Can I migrate a site from the Studio Editor to the Editor?,kb,Implied source,WixQA,train
q02445,i need new home owners insurance,kb,Implied source,CLINC150,train
q02446,Is there an admin API in the works to list authenticated client connections on brokers?,jira,Implied source,Apache Kafka Jira,train
q02447,"Design for multi-level rack awareness in stretch clusters spanning data centers, on the wiki?",confluence,Names the source,Apache Kafka Confluence,train
q02448,"In the disconnected installer package for the on prem product, what are the mandatory items that must exist at the top level of the extracted folder before the installer will accept it (including the signed inventory files and the human instructions file)?",confluence,Implied source,EnterpriseRAG-Bench,train
q02449,"For extraction, what price-normalization correctness is reported at temp=0.0 with strict JSON + canonicalization, and what earlier % is it compared to?",confluence|notion,Multiple sources,EnterpriseRAG-Bench,train
q02450,"Is there a feature request for a replication policy that renames consumer groups in MM2, like DefaultReplicationPolicy does for topics?",jira,Implied source,Apache Kafka Jira,train
q02451,can suppressed KTable state be made queryable? looking for the proposal,confluence,Implied source,Apache Kafka Confluence,train
q02452,tell me what edict means,web,Implied source,CLINC150,train
q02453,The city that Michiel Hendrik de Kock died in on 18 September 1976 is the capital city of what province?,web,Implied source,ConcurrentQA,train
q02454,on what date did i get paid last,kb,Implied source,CLINC150,train
q02455,Summarize the presentation on trend-watching.,notion,Implied source,QMSum,train
q02456,Check notion for the latest onboarding checklist template.,notion,Names the source,Hard cases (generated),train
q02457,Appreciate the follow-up!,,Small talk,Hard cases (generated),train
q02458,I'm experiencing slow performance and unresponsive pages in the Editor. How do I open my browser in incognito mode to troubleshoot this issue?,kb,Implied source,WixQA,train
q02459,do i have any unread emails,gmail,Names the source,MASSIVE,train
q02460,what does amicable mean,web,Implied source,CLINC150,train
q02461,"In a Private deployment incident in early March 2026, a scheduled KMS envelope key rotation caused about an 18-minute gap where audit events weren't being indexed and some requests saw stale SSO attributes that broke RBAC reconciliation. What was the root cause, and what immediate mitigation/hotfix was applied?",jira,Implied source,EnterpriseRAG-Bench,train
q02462,where do red ear slider turtles lay eggs,web,Implied source,Natural Questions,train
q02463,How did the Prime Minister debate about the delaying of the government's response towards Covid-19?,notion,Implied source,QMSum,train
q02464,Find the correspondence with the accounting firm about the fiscal year-end audit.,gmail,Implied source,Hard cases (generated),train
q02465,Why might the async consumer drop part of its assignment when topic metadata arrives late?,jira,Implied source,Apache Kafka Jira,train
q02466,Can you direct me to the incident response plan and the help article for common payment problems?,kb|confluence,Multiple sources,Hard cases (generated),train
q02467,when will the flash season 4 episode 14 coming out,web,Implied source,Natural Questions,train
q02468,"In our design system buttons, what approach was chosen to show a loading spinner without the button shifting size when the text length changes?",jira,Implied source,EnterpriseRAG-Bench,train
q02469,what articles does the kbowledge base offer on upgrading subscriptions?,kb,Implied source,Hard cases (generated),train
q02470,"For EXP-002 (eu-west→us-east), what egress cost rate and measurement basis does the cost penalty catalog use?",confluence|notion,Multiple sources,EnterpriseRAG-Bench,train
q02471,What's being done about the delayed server deployment work?,jira,Implied source,Hard cases (generated),train
q02472,try out in wikipedia,web,Implied source,MASSIVE,train
q02473,What change reduced GPU memory use and improved first-token latency by prepacking INT8 weights and fusing smoothquant dequantization into the GEMM kernel without creating intermediate tensors?,jira,Implied source,EnterpriseRAG-Bench,train
q02474,"Thanks, that makes sense now.",,Small talk,Hard cases (generated),train
q02475,"Hey, can anyone remind me about the status of that bug... you know, the one that kept crashing the app intermittently, and I think Charlie was looking into it last week, did it get resolved yet or is it still open?",jira|slack,Multiple sources,Hard cases (generated),train
q02476,What was the population at the 2006 census of the rural district that Qonan Qaran is located in?,web,Implied source,ConcurrentQA,train
q02477,where can i get the employment form i need to do my taxes,kb,Implied source,CLINC150,train
q02478,Thank you for the clarification.,,Small talk,Hard cases (generated),train
q02479,Was there a discussion about getting sound going on a board with the SIS SI7012 chip and CMI 9761 mixer?,slack,Implied source,Ubuntu help chat,train
q02480,"For which New York Mayor did this American media executive, who created the documentary series Secrets of New York, serve as a senior communications aide?",web,Implied source,ConcurrentQA,train
q02481,Why did the Project Manager put forward to cut down the functions when discussing the design of the functions and buttons of the remote control?,notion,Implied source,QMSum,train
q02482,"Rather than a jira ticket, I'm after the reasoning for deprecating the __admin_client backdoor into internal topics.",confluence,Excludes a source,Apache Kafka Confluence,train
q02483,"In some lab notes about reducing few-shot example copying, what tradeoff was noted when rotating the order of exemplars in prompts?",notion,Names the source,EnterpriseRAG-Bench,train
q02484,"I need comprehensive details on the recent payment gateway update—specs, progress in development, and user guides.",kb|jira|confluence,Multiple sources,Hard cases (generated),train
q02485,What did the team discuss about high mismatch?,notion,Implied source,QMSum,train
q02486,Was there any decision made on the security audit findings from last week’s debate?,slack,Implied source,Hard cases (generated),train
q02487,why does the async consumer busy loop when i set group.id but use assign(),jira,Implied source,Apache Kafka Jira,train
q02488,who sings gimme some lovin in days of thunder,web,Implied source,Natural Questions,train
q02489,"Im having trouble finding the arrows and the ""Change Slide Background"" option in a full-width slideshow on our platform.",kb,Implied source,WixQA,train
q02490,What was the finding of the market?,notion,Implied source,QMSum,train
q02491,how are things,,Small talk,CLINC150,train
q02492,where maradona lives now,web,Implied source,MASSIVE,train
q02493,"What is the expected workflow when a new Sev0 or Sev1 incident is created with incident_type set to unknown, including the temporary owner, when it must be reclassified, and how SLA timers and alerts behave until it is updated?",jira|confluence,Multiple sources,EnterpriseRAG-Bench,train
q02494,"Original design for throttling producers and consumers with quotas, not the Jira epic — where is it?",confluence,Excludes a source,Apache Kafka Confluence,train
q02495,Henry Albert Reed was born in a city that had what population in 2017?,web,Implied source,ConcurrentQA,train
q02496,do i have a new email from eric,gmail,Names the source,MASSIVE,train
q02497,when does walking dead season 8 second half start,web,Implied source,Natural Questions,train
q02498,What’s the gist of the last conversation?,,Small talk,Hard cases (generated),train
q02499,I need assistance with creating custom hours for a staff member in the work schedule.,kb,Implied source,WixQA,train
q02500,what is one of the main goal of the democratic party,web,Implied source,Natural Questions,train
q02501,How do customers reset their password if they forgot it?,kb,Implied source,Hard cases (generated),train
q02502,"Im having trouble with my site not being indexed by Google. Ive checked that my site is published and not password protected, but its still not being indexed.",kb,Implied source,WixQA,train
q02503,Look in jira: did we upgrade jersey for CVE-2021-28168?,jira,Names the source,Apache Kafka Jira,train
q02504,Check the tracker: anything on cutting down metadata RPCs from the controller during hybrid migration mode?,jira,Names the source,Apache Kafka Jira,train
q02505,check emails from mgccc,gmail,Names the source,MASSIVE,train
q02506,"Beyond CurrentMetadataVersion, which feature level metrics are proposed for every node?",confluence,Implied source,Apache Kafka Confluence,train
q02507,Summarize the discussion about changing an aspect of the remote.,notion,Implied source,QMSum,train
q02508,how do i get my paycheck direct deposited to my chase account,kb,Implied source,CLINC150,train
q02509,"For the hospital system that wants to run an interactive intake chatbot and auto-generate discharge writeups entirely inside its own locked-down data center with no patient data leaving the network, what end-to-end response time target did they set for producing about 200 tokens under peak load?",notion,Unclear source,EnterpriseRAG-Bench,train
q02510,Can we turn off automatic internal topic creation in Connect now? Which version added that config?,jira,Implied source,Apache Kafka Jira,train
q02511,when does season 5 of the blacklist resume,web,Implied source,Natural Questions,train
q02512,I cant access my old email address to change my password. I have a recovery phone number added to my account.,kb,Misleading keyword,WixQA,train
q02513,can you find any gmail about the customer escalation from last week regarding account access?,gmail,Names the source,Hard cases (generated),train
q02514,what is a chair,web,Implied source,MASSIVE,train
q02515,"In a recent GPU serving load test with highly uneven prompt lengths, what change gave the biggest reduction in tail latency by preventing the runtime from switching to a slower attention implementation due to temporary scratch memory growth?",slack,Unclear source,EnterpriseRAG-Bench,train
q02516,Get details from Jira on who resolved the payment processing error.,jira,Names the source,Hard cases (generated),train
q02517,how to resend an email marketing campaign to a specific group,kb,Misleading keyword,WixQA,train
q02518,"leave out the channel chatter, just the ticket status",jira,Excludes a source,Hard cases (hand-written),train
q02519,it was enjoyable talking with you,,Small talk,CLINC150,train
q02520,in the past two hours have i gotten any new emails,gmail,Names the source,MASSIVE,train
q02521,what network is showing the monday night football game,web,Implied source,Natural Questions,train
q02522,"In the late March 2026 payments rollout, what was the prior deployment version the team reverted to after the early Europe canary started restart looping due to a shutdown hook issue?",slack,Unclear source,EnterpriseRAG-Bench,train
q02523,Would the remote come under budget as the cost of it was discussed?,notion,Implied source,QMSum,train
q02524,What is project manager's opinion towards the goal of the new remote control project?,notion,Implied source,QMSum,train
q02525,Get me the slack thread discussing the quarterly roadmap changes.,slack,Names the source,Hard cases (generated),train
q02526,whats the next day that i am off,kb,Implied source,CLINC150,train
q02527,"Im looking for the doc about building a fast system to store and query model performance run histories and a simple UI to compare two runs plus an oncall workflow for investigating detected slowdowns, including how it groups repeated issues and how long detailed vs rolled up data is kept",jira,Unclear source,EnterpriseRAG-Bench,train
q02528,who made you,,Small talk,CLINC150,train
q02529,how can I request a refund for Premium or Studio plans,kb,Implied source,WixQA,train
q02530,how many new emails since i last checked,gmail,Names the source,MASSIVE,train
q02531,"Someone asked for a stock sources.list from a fresh xenial desktop install, did anyone share one?",slack,Implied source,Ubuntu help chat,train
q02532,check email client,gmail,Names the source,MASSIVE,train
q02533,check inbox for mail from sarah,gmail,Names the source,MASSIVE,train
q02534,should i regard you as a human or as a computer,,Small talk,CLINC150,train
q02535,What config makes the number of retained batches per producer configurable on the broker?,confluence,Implied source,Apache Kafka Confluence,train
q02536,Look up the current assignee for the new onboarding task in jra.,jira,Implied source,Hard cases (generated),train
q02537,Where's KIP-21 on changing entity configuration without a rolling restart?,confluence,Implied source,Apache Kafka Confluence,train
q02538,please walk me through the steps necessary to rollover my 401k,kb,Implied source,CLINC150,train
q02539,Summarize the group discussion about the project process.,notion,Implied source,QMSum,train
q02540,"Hey, I'm trying to figure out what happened with the last release, since there was that weird bug that kept popping up during QA, and I think someone mentioned it being a known issue already, maybe documented somewhere, could you check?",jira|confluence,Multiple sources,Hard cases (generated),train
q02541,Which of the /proc/self/io metrics are proposed to be newly exposed by the broker?,confluence,Implied source,Apache Kafka Confluence,train
q02542,"For the hosted API rollout in late June 2026 that introduced the Cost-Fallback policy engine and Telemetry Normalization v1, what HTTP response header was added for downstream billing/webhook consumers to understand the fallback reason, and which fields are required in the standardized per-fallback telemetry event envelope used for cost reconciliation?",confluence,Unclear source,EnterpriseRAG-Bench,train
q02543,I'm want to know how much it would cost to upgrade my email plan.,kb,Misleading keyword,WixQA,train
q02544,Where did we land on the color scheme for the dashboard redesign?,slack,Implied source,Hard cases (generated),train
q02545,How do I sync the hotel app with my calendars ical link to allow visitors to book available dates on my site?,kb,Implied source,WixQA,train
q02546,olly has mom sent me any emails,gmail,Names the source,MASSIVE,train
q02547,"For the shipping customer rollout checklist, what is the requirement for output stability across repeated cold and warm starts before approving deployment?",notion,Names the source,EnterpriseRAG-Bench,train
q02548,"In the mid March 2026 incident where a regional dedicated serving cluster briefly ran out of spare capacity and the automatic scaler couldnt add nodes due to provider limit type errors, what exact build version did on call revert to in order to restore capacity?",jira,Implied source,EnterpriseRAG-Bench,train
q02549,What's the final decision on the new backend architecture proposal?,jira,Implied source,Hard cases (generated),train
q02550,How can I have the customer's physical address automatically appear on invoices generated from orders?,kb,Implied source,WixQA,train
q02551,give me a cool fact about puppies,web,Implied source,CLINC150,train
q02552,"Getting the network and input method icons back on the top panel after deleting them, how was that fixed?",slack,Implied source,Ubuntu help chat,train
q02553,what was the content of message sent by matt,gmail,Implied source,MASSIVE,train
q02554,"Customers behind strict corporate proxies are seeing 4xx failures when the quickstart templates add telemetry tags. What tagging approach and opt-out setting should we use, and how will that affect TTFS and activation KPI measurement?",jira|slack,Multiple sources,EnterpriseRAG-Bench,train
q02555,"Which issue filed after two customer escalations describes transient admin privileges or permission denied after SSO due to SAML assertion ordering and session stitching, and what environment(s) was it reproduced on?",jira,Names the source,EnterpriseRAG-Bench,train
q02556,"In the SLO→customer impact classifier, what score ranges map to Tiers 1-4 in v2, and what were the previous thresholds?",jira|confluence,Multiple sources,EnterpriseRAG-Bench,train
q02557,Where's the status of the current integration tasks between systems?,jira,Implied source,Hard cases (generated),train
q02558,A text file got corrupted after editing and the usb stick was yanked out - what recovery tips came up in the help channel?,slack,Names the source,Ubuntu help chat,train
q02559,Check the knowledge base for instructions on integrating third-party plugins.,kb,Names the source,Hard cases (generated),train
q02560,what does circuitous mean,web,Implied source,CLINC150,train
q02561,show all the received emails recently with timestamp,gmail,Names the source,MASSIVE,train
q02562,where was the tv show in the heat of the night filmed,web,Implied source,Natural Questions,train
q02563,What caused the brief period where a few tenants were not being throttled correctly after a shard reassignment happened at the same time as a runtime policy reload?,jira,Implied source,EnterpriseRAG-Bench,train
q02564,"What caused the EU-West activation funnel and onboarding email issues in late January, and which code/config changes fixed them?",jira,Misleading keyword,EnterpriseRAG-Bench,train
q02565,did ClientQuotasImageNode switch to StringBuilder or nah,jira,Implied source,Apache Kafka Jira,train
q02566,"Connect has no QoS for multi-tenant clusters, so how is record rate limiting supposed to work?",confluence,Implied source,Apache Kafka Confluence,train
q02567,What’s the current status of transcription?,notion,Implied source,QMSum,train
q02568,where was the summer olympics held in 2012,web,Implied source,Natural Questions,train
q02569,Locate the QA testing plan for release in notion.,notion,Names the source,Hard cases (generated),train
q02570,the parking ticket machine outside is broken,,Small talk,Hard cases (hand-written),train
q02571,"Beyond replication latency and record age, what extra observability metrics were proposed for MirrorMaker2?",confluence,Implied source,Apache Kafka Confluence,train
q02572,please provide the name of the insurance plan that i'm enrolled in,kb,Implied source,CLINC150,train
q02573,Do we have a jira on large log.cleaner.buffer.size values breaking the broker?,jira,Names the source,Apache Kafka Jira,train
q02574,How to make the published changes draft?,kb,Implied source,WixQA,train
q02575,How can I restore some deleted products?,kb,Implied source,WixQA,train
q02576,What was the action item discussed regarding the server upgrade?,slack,Implied source,Hard cases (generated),train
q02577,What was the agreed condition and timing for approving the additional senior infrastructure engineering hire under the hiring freeze plan?,gmail,Unclear source,EnterpriseRAG-Bench,train
q02578,have i received any new emails,gmail,Names the source,MASSIVE,train
q02579,see ya,,Small talk,CLINC150,train
q02580,"Rather than the wiki, I want what folks in chat said about a more forgiving ntfs reader for a flaky partition",slack,Excludes a source,Ubuntu help chat,train
q02581,who was the first british team to win the european cup,web,Implied source,Natural Questions,train
q02582,Summarize the discussion about the demand of Welsh language skills.,notion,Implied source,QMSum,train
q02583,Another distro overwrote the boot loader and now neither system boots. Who replied and with what links?,slack,Implied source,Ubuntu help chat,train
q02584,What did User Interface think of Marketing's suggestion on the ease of use when presenting the functional requirements?,notion,Implied source,QMSum,train
q02585,Mounting a raid 5 array and lvm volumes pulled from an old fedora box - who was helping with that?,slack,Implied source,Ubuntu help chat,train
q02586,i want my 401k rolled over to a new workplace,kb,Implied source,CLINC150,train
q02587,What is the name of the new metric added so SRE can track when server-side streaming sessions get finalized due to hitting the time limit?,jira,Implied source,EnterpriseRAG-Bench,train
q02588,should sendOffsetsToTransaction be allowed to commit offsets for partitions the consumer doesnt own? looking for the design,confluence,Implied source,Apache Kafka Confluence,train
q02589,Security scanner flags sonatype-2019-0422 divide by zero in the Streams library. Is that resolved?,jira,Implied source,Apache Kafka Jira,train
q02590,Locate the details of the initial outreach to Fusion Co. about potential collaboration.,gmail,Implied source,Hard cases (generated),train
q02591,give me the description of a smartphone circuit,web,Implied source,MASSIVE,train
q02592,i would like to get a new insurance plan,kb,Implied source,CLINC150,train
q02593,Retrieve the correspondence detailing features from the API vendor.,gmail,Implied source,Hard cases (generated),train
q02594,"when referring to you, what name do you want me to use",,Small talk,CLINC150,train
q02595,I need the slack messages about the Jenkins build failures.,slack,Names the source,Hard cases (generated),train
q02596,"What metric name did Billing request to replace emit_latency_ms with in the aggregated rollups for billing reconciliation, and what is the default request sampling rate for full emission span tracing?",jira,Implied source,EnterpriseRAG-Bench,train
q02597,Look up the recent billing dispute with Tech Innovations in our emails and check the customer help article on setting up recurring payments.,kb|gmail,Multiple sources,Hard cases (generated),train
q02598,how many new emails for this week,gmail,Names the source,MASSIVE,train
q02599,when is the soonest holiday,kb,Implied source,CLINC150,train
q02600,how many days until i get my payment,kb,Implied source,CLINC150,train
q03661,is there a ticket for the kv-cache lock contention causing p99 spikes on short streaming requests?,jira,Implied source,EnterpriseRAG company topics,train
q03662,Who's assigned to the regional runway controller work that uses KV cache hit ratio to drive staged failover?,jira,Implied source,EnterpriseRAG company topics,train
q03663,What's the status of the FlashAttention v3 stability probe that checks kernel selection as kv-cache hit rates vary?,jira,Implied source,EnterpriseRAG company topics,train
q03664,Has the warmup-stabilizer change for CUDA-graph replay churn from KV-cache alignment differences been merged yet?,jira,Implied source,EnterpriseRAG company topics,train
q03665,Check the jira: where is the per-request KV cache quantization controller (FP8/INT8/INT4) at right now?,jira,Names the source,EnterpriseRAG company topics,train
q03666,What does the priming signal calibration manifest say about validating probes on KV-cache-enabled inference platforms?,confluence,Implied source,EnterpriseRAG company topics,train
q03667,"not the jira, where's the architecture doc for detecting and reconciling stale KV cache entries",confluence,Excludes a source,EnterpriseRAG company topics,train
q03668,what does the execution stability certification protocol require before a KV cache algorithm change goes to canary,confluence,Implied source,EnterpriseRAG company topics,train
q03669,"On the wiki, what's the documented SKEB procedure for checking KV-cache correctness of experimental kernels?",confluence,Names the source,EnterpriseRAG company topics,train
q03670,What's the documented escalation ladder for enterprise tenant cutovers in the go-live protocol?,confluence,Implied source,EnterpriseRAG company topics,train
q03671,What did the sales folks say about the EU fintech wanting all inference compute and logs kept in the EU for the POC?,slack,Implied source,EnterpriseRAG company topics,train
q03672,Did someone post in slack about the AZ-2 failover rehearsal that validates KV pre-warm and rollback?,slack,Names the source,EnterpriseRAG company topics,train
q03673,what did the team suggest about adding cold-start vs warmed-up KV cache tests to the partner bench matrix?,slack,Implied source,EnterpriseRAG company topics,train
q03674,"Not the pricing doc, what did people say in the thread about KV cache stickiness for the Performance Pack add-on?",slack,Excludes a source,EnterpriseRAG company topics,train
q03675,Did anyone figure out why compact-on-unpin of small KV-cache slices causes 100-300ms token latency spikes?,slack,Implied source,EnterpriseRAG company topics,train
q03676,Not the slack thread — did the pilot prospect write asking for a pinned instance so the KV cache stays hot?,gmail,Excludes a source,EnterpriseRAG company topics,train
q03677,What did the maintenance email to the customer say about validating KV-cache preservation during the eastus3 handoff?,gmail,Names the source,EnterpriseRAG company topics,train
q03678,Did the biotech's security team write back asking about default retention for cached prefix and KV cache artifacts?,gmail,Implied source,EnterpriseRAG company topics,train
q03679,What context-length and KV cache stress test targets did the customer send over for the final benchmark?,gmail,Implied source,EnterpriseRAG company topics,train
q03680,What root cause summary and next steps did we send the FastPay team after their service impact?,gmail,Implied source,EnterpriseRAG company topics,train
q03681,My notes on the opportunistic emitter playbook — which KV cache invariants have to hold across speculative handoffs?,notion,Implied source,EnterpriseRAG company topics,train
q03682,What did we agree in the ops debrief about the KV cache TTL being a root cause of the latency surge?,notion,Implied source,EnterpriseRAG company topics,train
q03683,action items from the latency & throughput sync about prefix/kv cache eviction p99 tracking request size?,notion,Implied source,EnterpriseRAG company topics,train
q03684,"In my notion notes on the client emulator, what did I write about uneven KV cache priming causing benchmark variance?",notion,Names the source,EnterpriseRAG company topics,train
q03685,What did we conclude in the quantization experiment about AWQ-int8 degeneration after KV cache eviction events?,notion,Implied source,EnterpriseRAG company topics,train
q03686,How do I run the batcher microbenchmark harness to catch KV cache behavior regressions?,kb,Implied source,EnterpriseRAG company topics,train
q03687,What are the steps for rolling out quantization safely given KV cache and batching interactions on private deployments?,kb,Implied source,EnterpriseRAG company topics,train
q03688,how do i do a seeded warmup and KV shadowing when onboarding a big new model so we dont get cold-KV misses,kb,Implied source,EnterpriseRAG company topics,train
q03689,What's the policy on sanitizing sensitive prompt data before it reaches long-lived logs or the KV cache?,kb,Implied source,EnterpriseRAG company topics,train
q03690,Not the incident chat — what's the official playbook for a post-deploy throughput regression tied to KV cache TTL?,kb,Excludes a source,EnterpriseRAG company topics,train
q03691,What is a KV cache in transformer inference?,web,Implied source,EnterpriseRAG company topics,train
q03692,why does the kv cache grow linearly with context length,web,Implied source,EnterpriseRAG company topics,train
q03693,How does PagedAttention manage KV cache memory in vLLM?,web,Implied source,EnterpriseRAG company topics,train
q03694,What is prefix caching and how does it reuse the KV cache across requests?,web,Implied source,EnterpriseRAG company topics,train
q03695,How much GPU memory does the KV cache need for a 70B model at 32k context?,web,Implied source,EnterpriseRAG company topics,train
q03731,Is there a ticket for the Terraform module that manages GPU nodegroup autoscaling in private VPC deployments?,jira,Implied source,EnterpriseRAG company topics,train
q03732,What's the status of the burst allocator invoice protection work for when autoscaling can't provision fast enough?,jira,Implied source,EnterpriseRAG company topics,train
q03733,What's the root cause of the edge fanout 5xx surge where the autoscaler oscillated on scale-up?,jira,Implied source,EnterpriseRAG company topics,train
q03734,is the fleet guard rail PR merged? the one for the autoscaler reacting too late to synced bursts,jira,Implied source,EnterpriseRAG company topics,train
q03735,Who's assigned the autoscaling decision engine ticket in jira?,jira,Names the source,EnterpriseRAG company topics,train
q03736,What does the dedicated GPU-seconds meter definition say about counting autoscaling transitions?,confluence,Implied source,EnterpriseRAG company topics,train
q03737,Where's the degradation simulation roadmap that covers autoscaler oscillation failure scenarios?,confluence,Implied source,EnterpriseRAG company topics,train
q03738,What does the edge GPU IaC patterns doc say about staying compatible with fleet autoscaling?,confluence,Implied source,EnterpriseRAG company topics,train
q03739,What does the SLO forecasting guidance say about turning forecasts into proactive capacity scaling safeguards?,confluence,Implied source,EnterpriseRAG company topics,train
q03740,"on the wiki, wheres the architecture doc for autoscaler min/max bounds and predictive signals?",confluence,Names the source,EnterpriseRAG company topics,train
q03741,What did people say about the autoscaler tweaks needed for the Dedicated rolling canary in the GA gating discussion?,slack,Implied source,EnterpriseRAG company topics,train
q03742,did anyone in support figure out if autoscaling was involved in the 429s on the eu-west dedicated pool,slack,Implied source,EnterpriseRAG company topics,train
q03743,Not the jira — what did eng-platform say in slack about pulling autoscaler logs after the optimize-config rollout?,slack,Excludes a source,EnterpriseRAG company topics,train
q03744,What did the runtime folks say about the 6% long-sequence throughput regression from the kernel PR?,slack,Implied source,EnterpriseRAG company topics,train
q03745,What fix did someone suggest for autoscaler oscillation caused by small bursty tenants on dedicated pools?,slack,Implied source,EnterpriseRAG company topics,train
q03746,What did the sales email ask for regarding an autoscaling preemption exception during business hours for the pilot?,gmail,Names the source,EnterpriseRAG company topics,train
q03747,Did the customer reply asking whether failover or autoscale could trigger processing outside the EU?,gmail,Implied source,EnterpriseRAG company topics,train
q03748,What did we tell the customer by email about increasing autoscaling pool capacity during the 5xx incident?,gmail,Names the source,EnterpriseRAG company topics,train
q03749,Did we send the outage closure notice explaining the autoscaler trigger regression?,gmail,Implied source,EnterpriseRAG company topics,train
q03750,Has the customer followed up on the throughput regression hitting their real-time recommendations?,gmail,Implied source,EnterpriseRAG company topics,train
q03751,my notes on how to rebut competitor speed claims using autoscaling + dynamic batching,notion,Implied source,EnterpriseRAG company topics,train
q03752,Not the incident ticket — what did we decide in the RCA notes about the autoscaler cooldown misconfiguration?,notion,Excludes a source,EnterpriseRAG company topics,train
q03753,What did I plan to cover in my 1:1 prep about the autoscaler edgecase and blockers?,notion,Implied source,EnterpriseRAG company topics,train
q03754,"In the commit mix scenario sheet, how did we account for the autoscaling buffer in effective utilization?",notion,Implied source,EnterpriseRAG company topics,train
q03755,What did we plan in the weekly deployment manifest for exercising the Dedicated autoscaler throttling guardrail?,notion,Implied source,EnterpriseRAG company topics,train
q03756,How do I run an edge activation POC for a private deployment?,kb,Implied source,EnterpriseRAG company topics,train
q03757,"Rather than the slack discussion, what's the official guidance on autoscaler stabilization windows after the eviction postmortem?",kb,Excludes a source,EnterpriseRAG company topics,train
q03758,How are hedged requests and soft circuit behaviour supposed to work under memory pressure in the runtime?,kb,Implied source,EnterpriseRAG company topics,train
q03759,What are the steps to escalate to the Platform/Autoscaling owners during a service degradation?,kb,Implied source,EnterpriseRAG company topics,train
q03760,whats the microcopy guideline for the create endpoint flow in console,kb,Implied source,EnterpriseRAG company topics,train
q03761,What is the difference between horizontal and vertical autoscaling?,web,Implied source,EnterpriseRAG company topics,train
q03762,How does the Kubernetes Horizontal Pod Autoscaler decide when to scale?,web,Implied source,EnterpriseRAG company topics,train
q03763,what is karpenter and how is it diffrent from cluster autoscaler,web,Implied source,EnterpriseRAG company topics,train
q03764,How do you autoscale GPU inference workloads on Kubernetes?,web,Implied source,EnterpriseRAG company topics,train
q03765,What is predictive autoscaling and how does it differ from reactive scaling?,web,Implied source,EnterpriseRAG company topics,train
q03766,"Is there a ticket tracking SSO/SAML interoperability fixes across Okta, Azure AD and Ping?",jira,Implied source,EnterpriseRAG company topics,train
q03767,What's the status of the service-account self-serve flow that needs SSO/SAML admin approval for elevated templates?,jira,Implied source,EnterpriseRAG company topics,train
q03768,who's assigned the CMEK + SAML SSO adaptive RBAC PRD,jira,Implied source,EnterpriseRAG company topics,train
q03769,Is there a jira for routing SSO/SAML config change requests through a gatekeeper intake?,jira,Names the source,EnterpriseRAG company topics,train
q03770,What's the root cause of the RBAC 403s after enabling OIDC SSO on the private deployment?,jira,Implied source,EnterpriseRAG company topics,train
q03771,Not the helpdesk article — what does the request flows blueprint document for Okta/SSO group membership changes?,confluence,Excludes a source,EnterpriseRAG company topics,train
q03772,What does the 120-day new hire orientation doc say about verifying your Okta SSO account and MFA?,confluence,Implied source,EnterpriseRAG company topics,train
q03773,Where's the new-joiner systems manual on the wiki that lists account access steps for engineers?,confluence,Names the source,EnterpriseRAG company topics,train
q03774,What did the team say about the stuck SSO on the at-risk onboarding escalation?,slack,Implied source,EnterpriseRAG company topics,train
q03775,Did anyone in customer-success pick up the SAML SSO ask from the pilot handoff?,slack,Implied source,EnterpriseRAG company topics,train
q03776,what did partnerships say about SSO/SAML for teh GovCloud POC,slack,Implied source,EnterpriseRAG company topics,train
q03777,Not the email — what did sales post in slack about the POC needing SAML via Okta and SCIM sync?,slack,Excludes a source,EnterpriseRAG company topics,train
q03778,What was the quick fix someone shared for the 403 when SSO hadn't synced the grafana-viewers group?,slack,Implied source,EnterpriseRAG company topics,train
q03779,Did the prospect email asking for a Zoom link with SSO instead of Meet for the demo?,gmail,Names the source,EnterpriseRAG company topics,train
q03780,What did we email the prospect about the security SSO test contact in the MAP draft?,gmail,Names the source,EnterpriseRAG company topics,train
q03781,Any update from the customer on SSO constraints affecting the implementation milestones?,gmail,Implied source,EnterpriseRAG company topics,train
q03782,Did the customer reply about coordinating the SSO / SCIM / IP allowlist production cutover?,gmail,Implied source,EnterpriseRAG company topics,train
q03783,What did the orientation run-of-show mail say about the SSO and network expectations segment?,gmail,Names the source,EnterpriseRAG company topics,train
q03784,"What did we agree in the streaming discovery call about SSO, KMS and audit log integration?",notion,Implied source,EnterpriseRAG company topics,train
q03785,action items from the hosting pathway discovery call where SSO was a must have?,notion,Implied source,EnterpriseRAG company topics,train
q03786,My notes on the marketplace pilot commissioning checklist — what's in the tile copy?,notion,Implied source,EnterpriseRAG company topics,train
q03787,Not the email thread — what did we decide in the privacy ops review about RBAC and SSO integration options?,notion,Excludes a source,EnterpriseRAG company topics,train
q03788,"In the meeting notes from the private onramp discovery, which security controls like SSO came up?",notion,Names the source,EnterpriseRAG company topics,train
q03789,What are the steps to share our benchmark template and SOC 2 + SAML security docs with a PoC prospect?,kb,Implied source,EnterpriseRAG company topics,train
q03790,What's the policy for streaming authorization audit events from SAML/OIDC identity provider integrations?,kb,Implied source,EnterpriseRAG company topics,train
q03791,How do I get tool access provisioned as a new hire?,kb,Implied source,EnterpriseRAG company topics,train
q03792,How do I approach proxy and observability integration for a customer that requires KMS and SSO?,kb,Implied source,EnterpriseRAG company topics,train
q03793,what are the cutover steps for a private deployment that needs SSO via SAML and HSM,kb,Implied source,EnterpriseRAG company topics,train
q03794,How does SAML SSO work?,web,Implied source,EnterpriseRAG company topics,train
q03795,What is the difference between SAML and OIDC for single sign-on?,web,Implied source,EnterpriseRAG company topics,train
q03796,what is SCIM provisioning and how does it relate to SSO,web,Implied source,EnterpriseRAG company topics,train
q03797,How does Okta act as an identity provider for SSO?,web,Implied source,EnterpriseRAG company topics,train
q03798,What is SP-initiated vs IdP-initiated SSO?,web,Implied source,EnterpriseRAG company topics,train
q03799,Is there a ticket for the cohort-based scheduler that onboards fine-tuned embedding models with safety gates?,jira,Implied source,EnterpriseRAG company topics,train
q03800,Who's assigned the enterprise model onboarding orchestration for fine-tuned checkpoints?,jira,Implied source,EnterpriseRAG company topics,train
q03801,What's the status of the jira on approved wording for whether we fine-tune on customer prompts?,jira,Names the source,EnterpriseRAG company topics,train
q03802,is the thermostat-style load probe for throughput certification done yet,jira,Implied source,EnterpriseRAG company topics,train
q03803,Has the latency vs cost tuner with the fine-tuning slider been handed off to QA?,jira,Implied source,EnterpriseRAG company topics,train
q03804,"Not the jira, what does the model promotion acceptance matrix say about internal fine-tuned variants?",confluence,Excludes a source,EnterpriseRAG company topics,train
q03805,Where's the design doc for the Client Cost-SLO Assistant rollout?,confluence,Implied source,EnterpriseRAG company topics,train
q03806,What did CS say about onboarding the ~6B fine-tuned manifest summarizer?,slack,Implied source,EnterpriseRAG company topics,train
q03807,Did anyone in the channel figure out if the credit burn was from embeddings or fine-tuning?,slack,Implied source,EnterpriseRAG company topics,train
q03808,what did the SE say about fine-tuning vs prompt engineering for the HIPAA POC,slack,Implied source,EnterpriseRAG company topics,train
q03809,"Not the ticket, what did people say in slack about whether the custom summarizer is a fine-tuned Llama variant?",slack,Excludes a source,EnterpriseRAG company topics,train
q03810,What did the CSM and customer discuss about the goals for their custom NER model before renewal?,slack,Implied source,EnterpriseRAG company topics,train
q03811,What did sales email about a carveout for private fine-tuning in the tier proposal?,gmail,Names the source,EnterpriseRAG company topics,train
q03812,Did the research collective reply about bridging credits for their small model fine-tuning pilot?,gmail,Implied source,EnterpriseRAG company topics,train
q03813,Any update from the prospect on extending the trial to cover a short fine-tuning validation burst?,gmail,Implied source,EnterpriseRAG company topics,train
q03814,not slack — did the customer write about the november fine-tune traffic spike before renewal?,gmail,Excludes a source,EnterpriseRAG company topics,train
q03815,Did the bank's email ask whether fine-tune artifacts stay in the EU at rest?,gmail,Names the source,EnterpriseRAG company topics,train
q03816,my notes on prompt template iterations for our internal fine-tuned chat variants?,notion,Implied source,EnterpriseRAG company topics,train
q03817,What did I capture in the action protocol validation notes about onboarding fine-tuned models with function calling?,notion,Implied source,EnterpriseRAG company topics,train
q03818,"In the notion template draft, what safeguards did we write about unauthorized fine-tuning of licensed weights?",notion,Names the source,EnterpriseRAG company topics,train
q03819,What did we decide about prioritizing the islanded onboarding failures from the December seed eval?,notion,Implied source,EnterpriseRAG company topics,train
q03820,What did I jot down in my reading notes about QLoRA 4-bit fine-tuning?,notion,Implied source,EnterpriseRAG company topics,train
q03821,What's the playbook for pitching a payments pilot against the prospect's current fine-tuned API calls?,kb,Implied source,EnterpriseRAG company topics,train
q03822,"How do I submit a new model, like a fine-tuned checkpoint, through the admit pathways intake?",kb,Implied source,EnterpriseRAG company topics,train
q03823,What is the difference between fine-tuning and prompt engineering?,web,Implied source,EnterpriseRAG company topics,train
q03824,How does LoRA fine-tuning work?,web,Implied source,EnterpriseRAG company topics,train
q03825,whats QLoRA and why is it cheaper than full fine-tuning,web,Implied source,EnterpriseRAG company topics,train
q03826,When should you fine-tune an LLM instead of using RAG?,web,Implied source,EnterpriseRAG company topics,train
q03827,What is instruction fine-tuning of a language model?,web,Implied source,EnterpriseRAG company topics,train
q03828,Is the PR adding perf baseline dashboards and alert rules for TTFT/TPOT merged?,jira,Implied source,EnterpriseRAG company topics,train
q03829,What's the root cause of the truncated SSE streams where clients get a silent disconnect?,jira,Implied source,EnterpriseRAG company topics,train
q03830,status of the cohort comparator that diffs error rate between canary cohorts?,jira,Implied source,EnterpriseRAG company topics,train
q03831,Who's assigned the cost ops runbook ticket that includes alerting rules for batching and caching?,jira,Implied source,EnterpriseRAG company topics,train
q03832,"In jira, is the monitoring and alerting step of the access assurance verification plan closed?",jira,Names the source,EnterpriseRAG company topics,train
q03833,What does the tiered SLO spec say about alert rules for Hosted vs Dedicated error budgets?,confluence,Implied source,EnterpriseRAG company topics,train
q03834,What does the config sync ADR say about alerting when the sync path is degraded?,confluence,Implied source,EnterpriseRAG company topics,train
q03835,What's the documented triage procedure when an eval-driven quality error budget alert fires?,confluence,Implied source,EnterpriseRAG company topics,train
q03836,Where's the latency budgeting canvas that ties alerts to fallback decisions?,confluence,Implied source,EnterpriseRAG company topics,train
q03837,"on the wiki, how does the route experiments eval page handle quality regression alerting?",confluence,Names the source,EnterpriseRAG company topics,train
q03838,What did on-call say about the high error rate page on the private endpoints in us-west2?,slack,Implied source,EnterpriseRAG company topics,train
q03839,Did anyone figure out what caused the 6x 502/504 error rate spike right after the 10% rollforward?,slack,Implied source,EnterpriseRAG company topics,train
q03840,What rollback error-rate threshold did someone propose for the inference RC?,slack,Implied source,EnterpriseRAG company topics,train
q03841,Not the dashboard — what did people say in chat about route_mismatch_rate jumping after the v2.3.0 client release?,slack,Excludes a source,EnterpriseRAG company topics,train
q03842,what was the quick fix for the auth-service token validation error rate page,slack,Implied source,EnterpriseRAG company topics,train
q03843,"Not the incident channel, did the customer email about the 5xx spike hitting their checkout flow?",gmail,Excludes a source,EnterpriseRAG company topics,train
q03844,What did the customer ask for in the urgent mail about the AZ2 5xx spike?,gmail,Names the source,EnterpriseRAG company topics,train
q03845,Did the customer report a 5xx rate increase after the quantized model swap on their private cluster?,gmail,Implied source,EnterpriseRAG company topics,train
q03846,Any update from the bank on the latency and 5xx spikes on their reserved endpoint?,gmail,Implied source,EnterpriseRAG company topics,train
q03847,What did we send over as pilot acceptance criteria after the demo?,gmail,Implied source,EnterpriseRAG company topics,train
q03848,What did we decide in the SSO and prod ramp kickoff about alerting and canary rules in the runbook?,notion,Implied source,EnterpriseRAG company topics,train
q03849,My notes for the launch mission control daily checkbook — what's the daily cadence?,notion,Implied source,EnterpriseRAG company topics,train
q03850,"In the evening shift bridge notes, did the error rate on chat-gen go above 0.5%?",notion,Implied source,EnterpriseRAG company topics,train
q03851,What did I note in my trust readiness sketchbook about missing alerting on model-serving anomalies?,notion,Implied source,EnterpriseRAG company topics,train
q03852,What success metrics did we agree on for the client POC orientation?,notion,Implied source,EnterpriseRAG company topics,train
q03853,What's the policy on SLAs for log export connectors like Splunk and Datadog?,kb,Implied source,EnterpriseRAG company topics,train
q03854,What are the rollback steps if the error rate rises during a region pin change?,kb,Implied source,EnterpriseRAG company topics,train
q03855,How do I run a compact QBR check-in using the dual-track slide kit?,kb,Implied source,EnterpriseRAG company topics,train
q03856,"Not what people said in slack, what's the official stabilization sprint procedure for multi-region degradations?",kb,Excludes a source,EnterpriseRAG company topics,train
q03857,how do i quarantine a canary slice when its error-rate crosses the threshold,kb,Implied source,EnterpriseRAG company topics,train
q03858,What is an error budget in SRE?,web,Implied source,EnterpriseRAG company topics,train
q03859,How should you set alert thresholds for HTTP 5xx error rates?,web,Implied source,EnterpriseRAG company topics,train
q03860,what's the difference between symptom-based and cause-based alerting,web,Implied source,EnterpriseRAG company topics,train
q03861,What are the four golden signals for monitoring?,web,Implied source,EnterpriseRAG company topics,train
q03862,How do multi-window burn rate alerts work?,web,Implied source,EnterpriseRAG company topics,train
q03863,Is there a ticket for the buyer heuristic index that rates whether models are enterprise-ready on compliance and uptime?,jira,Implied source,EnterpriseRAG company topics,train
q03864,Skip the slack thread — what does the ticket say is the root cause of the 403s on private VPC batch workers?,jira,Excludes a source,EnterpriseRAG company topics,train
q03865,"Is there a jira for jurisdictional lease enforcement and failover guardrails on on-prem deployments, and who owns it?",jira,Names the source,EnterpriseRAG company topics,train
q03866,Has the streaming timeout multiplexer fix with idempotent replay safety been merged after that priority customer escalation?,jira,Implied source,EnterpriseRAG company topics,train
q03867,"whats the status on the private upgrade planner for on-prem clusters, the one sequencing schema and config migrations",jira,Implied source,EnterpriseRAG company topics,train
q03868,"Where's the docs plan for signed offline bundles for air-gapped installs, public vs private docs?",confluence,Implied source,EnterpriseRAG company topics,train
q03869,What does the offline upgrade validation harness page say about simulating workloads before an on-prem upgrade?,confluence,Implied source,EnterpriseRAG company topics,train
q03870,"In the wiki's day-2 runbook for VPC and on-prem deployments, what's the rollback procedure after a failed upgrade?",confluence,Names the source,EnterpriseRAG company topics,train
q03871,What gating criteria are documented for rolling out heterogeneous quantized variants across accelerator families?,confluence,Implied source,EnterpriseRAG company topics,train
q03872,What's the documented procedure for onboarding telemetry on a private on-prem deploy?,confluence,Implied source,EnterpriseRAG company topics,train
q03873,What did sales say about the bank POC's CISO asking who leads incident response on VPC/on-prem deployments?,slack,Implied source,EnterpriseRAG company topics,train
q03874,did anyone in the slack security channel figure out why an on-prem node got a 403 reaching external storage via the private gateway?,slack,Names the source,EnterpriseRAG company topics,train
q03875,What did the infra team say when kicking off the air-gapped on-prem cluster bring-up in SIN-1?,slack,Implied source,EnterpriseRAG company topics,train
q03876,Not the ticket — what did sales folks say in chat about node-by-node rolling upgrades in a fully air-gapped POC?,slack,Excludes a source,EnterpriseRAG company topics,train
q03877,What blockers came up when product pinged the team about on-prem HSM vs managed KMS for the bank pilot?,slack,Implied source,EnterpriseRAG company topics,train
q03878,Did the customer reply to our post-call summary on their private/VPC deployment next steps?,gmail,Implied source,EnterpriseRAG company topics,train
q03879,What did the customer write asking for an on-prem isolated enclave alongside their renewal?,gmail,Implied source,EnterpriseRAG company topics,train
q03880,Did I get an email notification about a new self-serve private pilot request from a health company?,gmail,Names the source,EnterpriseRAG company topics,train
q03881,not slack — did the customer email over node inventory and storage questions for the on-prem cluster intake?,gmail,Excludes a source,EnterpriseRAG company topics,train
q03882,Any update by mail on next steps for the private VPC deep-dive after discovery?,gmail,Implied source,EnterpriseRAG company topics,train
q03883,My notes on the legal intake POC SOW — what did we sketch for the private VPC / on-prem deployment pattern?,notion,Implied source,EnterpriseRAG company topics,train
q03884,What did I write in notion about mTLS service mesh patterns and firewall rules for private deployments?,notion,Names the source,EnterpriseRAG company topics,train
q03885,Action items from the partner sync about KMS/HSM compatibility and the private deployment runbook?,notion,Implied source,EnterpriseRAG company topics,train
q03886,my scratch notes from debugging flaky on-prem to customer vpc peering connectivity,notion,Implied source,EnterpriseRAG company topics,train
q03887,What did we settle on for verification steps in the offline air-gapped install and migration playbook?,notion,Implied source,EnterpriseRAG company topics,train
q03888,What's the official guidance for pitching reserved GPU pools to buyers who want isolation but not a full on-prem install?,kb,Implied source,EnterpriseRAG company topics,train
q03889,How do I run the acceptance and smoke validation checks after a private on-prem deployment?,kb,Implied source,EnterpriseRAG company topics,train
q03890,What are the steps in the SDK boot-to-production checklist before going live?,kb,Implied source,EnterpriseRAG company topics,train
q03891,how do i set up stratified latency replay and microburst sampling,kb,Implied source,EnterpriseRAG company topics,train
q03892,What's the process for mapping on-prem packaging fees and Private contract milestones to billing forecasts?,kb,Implied source,EnterpriseRAG company topics,train
q03893,What is an air-gapped deployment and how is it different from on-prem?,web,Implied source,EnterpriseRAG company topics,train
q03894,how do you install kubernetes in an air gapped environment,web,Implied source,EnterpriseRAG company topics,train
q03895,What's the standard way to mirror container images into an offline registry?,web,Implied source,EnterpriseRAG company topics,train
q03896,What does FIPS 140-2 validation mean for on-prem software?,web,Implied source,EnterpriseRAG company topics,train
q03897,Pros and cons of on-premises vs VPC-hosted deployments for enterprise software?,web,Implied source,EnterpriseRAG company topics,train
q03898,"Is the observer fanout with per-tenant credit buckets merged, the one meant to stop cross-tenant interference?",jira,Implied source,EnterpriseRAG company topics,train
q03899,What's the root cause of the p99 spikes and 504s for that multi-tenant workload after it fell back to the CPU variant?,jira,Implied source,EnterpriseRAG company topics,train
q03900,status of the hot-prefix canonicalization ticket? the one about tenant-namespace skew in the embedding cache,jira,Implied source,EnterpriseRAG company topics,train
q03901,Who's assigned the jira for KV eviction governance to fix OOMs on multi-tenant inference nodes?,jira,Names the source,EnterpriseRAG company topics,train
q03902,Has the tenant-scoped snapshot coordinator and staged rollback gatekeeper PR landed?,jira,Implied source,EnterpriseRAG company topics,train
q03903,What's the documented procedure for collecting incident evidence when we need access to tenant data in multi-tenant setups?,confluence,Implied source,EnterpriseRAG company topics,train
q03904,What does the PCIe topology fragmentation page say about tail latency variance for multi-tenant kernels?,confluence,Implied source,EnterpriseRAG company topics,train
q03905,What does the confluence contract for sandboxed extensions say about preserving tenant isolation?,confluence,Names the source,EnterpriseRAG company topics,train
q03906,Where's the spec for the blackbox SLO testbed that emulates multi-tenant inference workloads?,confluence,Implied source,EnterpriseRAG company topics,train
q03907,Not the meeting notes — what does the capacity stewardship doc say about multi-tenant headroom allocation?,confluence,Excludes a source,EnterpriseRAG company topics,train
q03908,What did the security folks suggest about claims-first tokens carrying tenant_id instead of org prefixes?,slack,Implied source,EnterpriseRAG company topics,train
q03909,did oncall figure out if the halcyon9b OOM spike came from one org or was multi-tenant?,slack,Implied source,EnterpriseRAG company topics,train
q03910,What feedback did people give in slack on cross-tenant auth for the key vault rewrap runbook?,slack,Names the source,EnterpriseRAG company topics,train
q03911,What was the quick fix someone shared when tenant-alpha hit 98% GPU util and p95 jumped to ~750ms?,slack,Implied source,EnterpriseRAG company topics,train
q03912,Not the email — what did the team say in chat about a hosted isolated single node vs dedicated for the in-house 30b POC?,slack,Excludes a source,EnterpriseRAG company topics,train
q03913,Did the customer reply about logically isolated enclaves with no cross-tenant access for their renewal?,gmail,Implied source,EnterpriseRAG company topics,train
q03914,What did the recap email say about embedding storage cost across multi-tenant indexes for the pilot?,gmail,Implied source,EnterpriseRAG company topics,train
q03915,What did the bank's security team email asking for CAIQ control narratives on multi-tenant isolation?,gmail,Implied source,EnterpriseRAG company topics,train
q03916,"any email update on which deployment lane the health customer picked, hosted dedicated or private?",gmail,Implied source,EnterpriseRAG company topics,train
q03917,What did the email from the customer ask about tenant network segmentation and the SOC 2 carve-out?,gmail,Names the source,EnterpriseRAG company topics,train
q03918,My notes from the observability weekly brief on per-route KV cache metrics and cost telemetry?,notion,Implied source,EnterpriseRAG company topics,train
q03919,What did we decide in the release canvas about the multi-tenant KV cache regression risk during the 3-week rollout?,notion,Implied source,EnterpriseRAG company topics,train
q03920,"Rather than chat, what did our notes decide about tenant isolation during noisy-neighbor events on the elastic shard allocator?",notion,Excludes a source,EnterpriseRAG company topics,train
q03921,What's in the meeting notes from the KYC pilot discovery calls about auditability and data residency?,notion,Names the source,EnterpriseRAG company topics,train
q03922,What did we decide in the POC sync on streaming vs non-streaming benchmarks for the multi-tenant customer?,notion,Implied source,EnterpriseRAG company topics,train
q03923,How do I take an auditable tenant state snapshot on a multi-tenant private deployment?,kb,Implied source,EnterpriseRAG company topics,train
q03924,"What's the policy for per-tenant limits, throttling and eviction in the serving runtime?",kb,Implied source,EnterpriseRAG company topics,train
q03925,how do i configure slotmap warm-tier prefetch to keep kv fragmentation down on multi-tenant gpus,kb,Implied source,EnterpriseRAG company topics,train
q03926,Not what people said in chat — what's the official tiered IAM checklist for keeping tenant isolation in SIEM export?,kb,Excludes a source,EnterpriseRAG company topics,train
q03927,How does SRPT compare to two-queue scheduling for fairness across tenants in the mixed-workload prototype?,kb,Implied source,EnterpriseRAG company topics,train
q03928,What is multi-tenant isolation in cloud computing?,web,Implied source,EnterpriseRAG company topics,train
q03929,how do noisy neighbors affect shared gpu inference,web,Implied source,EnterpriseRAG company topics,train
q03930,"What are common techniques for tenant isolation in Kubernetes, like namespaces and network policies?",web,Implied source,EnterpriseRAG company topics,train
q03931,Is NVIDIA MIG good enough for isolating tenants on a shared GPU?,web,Implied source,EnterpriseRAG company topics,train
q03932,Difference between logical and physical isolation in multi-tenant SaaS?,web,Implied source,EnterpriseRAG company topics,train
q03933,"Is the exactly-once console metrics ingest done, including the canary sampling rates and safe rollout flags?",jira,Implied source,EnterpriseRAG company topics,train
q03934,"What's the root cause of the dedicated autoscaler not provisioning burst capacity, and has the fix rollout shipped?",jira,Implied source,EnterpriseRAG company topics,train
q03935,Root cause of the quota over-accepts during staggered canary rollouts for route-alias customers?,jira,Implied source,EnterpriseRAG company topics,train
q03936,is there a jira for the privilege atlas prototype on role rollouts and staged deployments,jira,Names the source,EnterpriseRAG company topics,train
q03937,"Who owns the reservation decay work, and is the controlled canary rollout with rollback gates done?",jira,Implied source,EnterpriseRAG company topics,train
q03938,What does the telemetry golden set runbook say about lint gating during canary?,confluence,Implied source,EnterpriseRAG company topics,train
q03939,What's the documented rule for running the kernel pressure chaos lab in the isolated canary pool?,confluence,Implied source,EnterpriseRAG company topics,train
q03940,"not the slack thread, what did the ADR on quality-aware priority scheduling decide about fallback variants?",confluence,Excludes a source,EnterpriseRAG company topics,train
q03941,Where's the wiki page for the TP stall dashboard we use during canary rollouts?,confluence,Names the source,EnterpriseRAG company topics,train
q03942,Forget the kickoff email; where is the PRD for unified rollouts covering canary plus A/B and the changelog?,confluence,Excludes a source,EnterpriseRAG company topics,train
q03943,What mitigation did devex folks share for the short chat p95 hit after the python sdk 1.6.2 update?,slack,Implied source,EnterpriseRAG company topics,train
q03944,Did anyone figure out the OOMs when rolling kibo21b to canary?,slack,Implied source,EnterpriseRAG company topics,train
q03945,What did people say in slack about rolling back the sdpa compile flag on the 10% canary after the p99 spike?,slack,Names the source,EnterpriseRAG company topics,train
q03946,anyone figure out why actions objects get dropped in streaming tool invokes on the gulliver-mini canary?,slack,Implied source,EnterpriseRAG company topics,train
q03947,Not the PRD — what did product say in chat about requiring eval gating and canary fallback for the Optimize pilot?,slack,Excludes a source,EnterpriseRAG company topics,train
q03948,What did the quarter kickoff email propose for the canary rollout?,gmail,Names the source,EnterpriseRAG company topics,train
q03949,Did anyone mail about a canary or routing hint to keep the fintech POC healthy through quarter end?,gmail,Implied source,EnterpriseRAG company topics,train
q03950,Did the customer reply with regional surge sizing and the suggested canary onboarding?,gmail,Implied source,EnterpriseRAG company topics,train
q03951,What rollback triggers did we spell out to the bank's security team for the private upgrade?,gmail,Implied source,EnterpriseRAG company topics,train
q03952,Any update by mail on the perf readout agenda with the rollout checklist for canary and fallback variants?,gmail,Implied source,EnterpriseRAG company topics,train
q03953,What did we log in the governance diary about the goodness index during canary windows?,notion,Implied source,EnterpriseRAG company topics,train
q03954,Action items in the meeting notes from the POC sync where we agreed on a short kernel-upgrade canary?,notion,Names the source,EnterpriseRAG company topics,train
q03955,My notes on the contingent rollout slate and fast rollback paths,notion,Implied source,EnterpriseRAG company topics,train
q03956,what did we decide on rollback signals during canary and ramp windows in the sprint-to-scale notes,notion,Implied source,EnterpriseRAG company topics,train
q03957,What did the weekly trace sampler scrapbook say about the rollout plan and fallbacks for canary?,notion,Implied source,EnterpriseRAG company topics,train
q03958,What's the policy on canary strategy and rollback paths for production optimization changes?,kb,Implied source,EnterpriseRAG company topics,train
q03959,How do I apply the canary gating logic from the ramp cadence playbook?,kb,Implied source,EnterpriseRAG company topics,train
q03960,What's the operator checklist for a progressive 50% to 100% canary ramp?,kb,Implied source,EnterpriseRAG company topics,train
q03961,"not chat, whats the official canary -> scale -> migrate checklist for POC hosting choices?",kb,Excludes a source,EnterpriseRAG company topics,train
q03962,"What's the official escalation playbook for fallthroughs, including the canary fallback strategy?",kb,Implied source,EnterpriseRAG company topics,train
q03963,What is a canary deployment?,web,Implied source,EnterpriseRAG company topics,train
q03964,canary vs blue green deployment whats the difference,web,Implied source,EnterpriseRAG company topics,train
q03965,How do Argo Rollouts or Flagger automate canary analysis?,web,Implied source,EnterpriseRAG company topics,train
q03966,What metrics should you watch during a canary release?,web,Implied source,EnterpriseRAG company topics,train
q03967,How do feature flags relate to progressive delivery and canary rollouts?,web,Implied source,EnterpriseRAG company topics,train
q03968,Is there a ticket for provisioning a log sample to reproduce the EU billing classification regression?,jira,Implied source,EnterpriseRAG company topics,train
q03969,What's the status of decoupling ingress and egress billing floors with sampled stream metering?,jira,Implied source,EnterpriseRAG company topics,train
q03970,Who's assigned the escrowed shared credits work to avoid surprise invoices for multi-team orgs?,jira,Implied source,EnterpriseRAG company topics,train
q03971,What's the root cause in the jira for the unexpected billing spike during the canary prefetch splay?,jira,Names the source,EnterpriseRAG company topics,train
q03972,is there a ticket for duplicate invoices when the webhook tool runs twice on streaming retries,jira,Implied source,EnterpriseRAG company topics,train
q03973,What does the observability export contract say about stable telemetry tags for billing consumers?,confluence,Implied source,EnterpriseRAG company topics,train
q03974,Does the contract oracle harness spec cover billing endpoints or exclude them?,confluence,Implied source,EnterpriseRAG company topics,train
q03975,What does the mobile edge runtime launch plan say about consumption-aware pricing?,confluence,Implied source,EnterpriseRAG company topics,train
q03976,What does the confluence purchasing authorization framework say about billing handoffs to finance?,confluence,Names the source,EnterpriseRAG company topics,train
q03977,What do the 1.2 release notes say about cost attribution and billing signals for fallback events?,confluence,Implied source,EnterpriseRAG company topics,train
q03978,Did anyone figure out the 1-3% delta between ingestion events and invoice line items after metering v2?,slack,Implied source,EnterpriseRAG company topics,train
q03979,What did the PM float about grace-taper to avoid sharp cost spikes when tenants migrate off pinned models?,slack,Implied source,EnterpriseRAG company topics,train
q03980,Not the email — what did sales and SE say in chat about scoping the invoice ingestion proof-of-value?,slack,Excludes a source,EnterpriseRAG company topics,train
q03981,What was the idea in slack about an auth path inspector showing which billing project matched?,slack,Names the source,EnterpriseRAG company topics,train
q03982,what did design say about where the invoice download button goes on mobile,slack,Implied source,EnterpriseRAG company topics,train
q03983,Not the slack chatter: did the customer actually reply by email about the true-up invoice and the EU VAT split?,gmail,Excludes a source,EnterpriseRAG company topics,train
q03984,What did the payments customer email about SLA credit eligibility after the short outage?,gmail,Implied source,EnterpriseRAG company topics,train
q03985,Did the customer's email ask for a weekly invoice sweep instead of monthly billing?,gmail,Names the source,EnterpriseRAG company topics,train
q03986,Any update by mail on the automatic rate trigger and consolidated SKUs in Exhibit H?,gmail,Implied source,EnterpriseRAG company topics,train
q03987,not jira — what did the customer email about billing cadence past the 500 GPU-hour threshold?,gmail,Excludes a source,EnterpriseRAG company topics,train
q03988,What's in my contract closure grid notes about finance asking for an invoice term change?,notion,Implied source,EnterpriseRAG company topics,train
q03989,What did we propose in the quorum fallback notes for degrading high-SLA tenants on dedicated pools?,notion,Implied source,EnterpriseRAG company topics,train
q03990,My notes from the Q1 backyard briefing on customer friction threads,notion,Implied source,EnterpriseRAG company topics,train
q03991,What did the meeting notes from the model strategy discovery say about tool-calling into their billing tools?,notion,Names the source,EnterpriseRAG company topics,train
q03992,what did we decide for billing-rate guardrails in the tiered throttle rollout proposal,notion,Implied source,EnterpriseRAG company topics,train
q03993,Does the console onboarding checklist add any billing or pricing steps for hosted API activation?,kb,Implied source,EnterpriseRAG company topics,train
q03994,What's the capacity quarantine procedure for protecting business-critical SLOs?,kb,Implied source,EnterpriseRAG company topics,train
q03995,"How do I run the KV cache corruption game day, and does it cover billing systems?",kb,Implied source,EnterpriseRAG company topics,train
q03996,What's the official pricing guidance and billing transparency requirement for interactive transactions?,kb,Implied source,EnterpriseRAG company topics,train
q03997,How do I fabricate synthetic tenants to simulate billing and cost impact before an infra change?,kb,Implied source,EnterpriseRAG company topics,train
q03998,What is usage-based billing and how is it typically metered?,web,Implied source,EnterpriseRAG company topics,train
q03999,how does a true up invoice work in saas contracts,web,Implied source,EnterpriseRAG company topics,train
q04000,How does EU VAT reverse charge apply to invoices for software services?,web,Implied source,EnterpriseRAG company topics,train
q04001,What does ASC 606 say about revenue recognition for subscription billing?,web,Implied source,EnterpriseRAG company topics,train
q04002,How do cloud providers usually calculate service credits for SLA breaches?,web,Implied source,EnterpriseRAG company topics,train
q04003,"Is the redaction decision graph ticket done, and did Security & Compliance approve the spec?",jira,Implied source,EnterpriseRAG company topics,train
q04004,Is the egress router for delivering audit logs to customer storage with CMEK merged?,jira,Implied source,EnterpriseRAG company topics,train
q04005,"Who's assigned the operator microflow kit, and does it record runs in the audit log?",jira,Implied source,EnterpriseRAG company topics,train
q04006,status of the per-model fp8/int8 quantization defaults ticket,jira,Implied source,EnterpriseRAG company topics,train
q04007,Is there a jira for SAML onboarding with admin dry-run and end-to-end auditability?,jira,Names the source,EnterpriseRAG company topics,train
q04008,"Ignoring the jira, which approval gates does the design doc list for customer-managed audit log export?",confluence,Excludes a source,EnterpriseRAG company topics,train
q04009,What does the incident classification doc say about audit log evidence for security incidents?,confluence,Implied source,EnterpriseRAG company topics,train
q04010,What did ADR-018 decide about the compliance report pack export format and versioning?,confluence,Implied source,EnterpriseRAG company topics,train
q04011,"Not the slack chatter — what's the documented process for emergency secret rotation, including evidence capture?",confluence,Excludes a source,EnterpriseRAG company topics,train
q04012,Which audit events does the wiki spec require for burst capacity admin overrides?,confluence,Names the source,EnterpriseRAG company topics,train
q04013,What did the auditor ask for in chat for the SOC2 spot-check evidence bundle?,slack,Names the source,EnterpriseRAG company topics,train
q04014,What did the team say about token math and GPU sizing for the two-week POC?,slack,Implied source,EnterpriseRAG company topics,train
q04015,did anyone figure out the permissionDenied audit log entries for scanner-ingest during the dup findings flood,slack,Implied source,EnterpriseRAG company topics,train
q04016,What did sales say about the POC prospect also asking about audit logs and key management?,slack,Implied source,EnterpriseRAG company topics,train
q04017,What did people suggest for answering the vendor risk pack asking for our SOC2 Type II report?,slack,Implied source,EnterpriseRAG company topics,train
q04018,"Did the customer reply about which security artifacts, like the SOC2 report, they need before DPA signature?",gmail,Implied source,EnterpriseRAG company topics,train
q04019,What did the post-demo email say about SOC 2 and HIPAA posture requirements?,gmail,Names the source,EnterpriseRAG company topics,train
q04020,not the meeting notes — what did the finance checkpoint email ask each owner to send for the forecast hotlist?,gmail,Excludes a source,EnterpriseRAG company topics,train
q04021,What did the customer write in the MAP draft about SOC 2 security evidence?,gmail,Implied source,EnterpriseRAG company topics,train
q04022,Any update by mail on the bake-off gap analysis around audit trails and SOC 2?,gmail,Implied source,EnterpriseRAG company topics,train
q04023,What did we discuss in the LLM porting meeting about SOC2 and audit logs?,notion,Implied source,EnterpriseRAG company topics,train
q04024,Notes from the console walkthrough on per-route usage and cost breakdown?,notion,Implied source,EnterpriseRAG company topics,train
q04025,What did we decide in the meeting notes from the security Q&A about SOC 2 and audit logging?,notion,Names the source,EnterpriseRAG company topics,train
q04026,"action items from the onprem sparse expert deep dive, did we promise soc2 docs for pilot approval",notion,Implied source,EnterpriseRAG company topics,train
q04027,What were the next steps from the renewal sync on audit logs and retention?,notion,Implied source,EnterpriseRAG company topics,train
q04028,How do I set up SIEM ingest and audit evidence for key rotation?,kb,Implied source,EnterpriseRAG company topics,train
q04029,What are the steps for automated evidence capture and audit-log schema checks before go-live?,kb,Implied source,EnterpriseRAG company topics,train
q04030,"What's the retention policy for audit logs on hosted, dedicated and private?",kb,Implied source,EnterpriseRAG company topics,train
q04031,"Not the email thread, where's the official POC sizing playbook covering SOC2 and audit log controls?",kb,Excludes a source,EnterpriseRAG company topics,train
q04032,What's the policy on audit log requirements and compliance evidence in the privacy shielding playbook?,kb,Implied source,EnterpriseRAG company topics,train
q04033,What does SOC 2 Type II require?,web,Implied source,EnterpriseRAG company topics,train
q04034,soc 2 type 1 vs type 2 difference,web,Implied source,EnterpriseRAG company topics,train
q04035,What should an audit log capture to satisfy auditors?,web,Implied source,EnterpriseRAG company topics,train
q04036,How long should audit logs be retained for SOC 2 compliance?,web,Implied source,EnterpriseRAG company topics,train
q04037,What are the five trust services criteria in SOC 2?,web,Implied source,EnterpriseRAG company topics,train
q04038,Is the migration diagnostics toolkit for the v1 to v2 SDK deprecation done yet?,jira,Implied source,EnterpriseRAG company topics,train
q04039,Is there a ticket for the sunset and deprecation procedure in the design system?,jira,Implied source,EnterpriseRAG company topics,train
q04040,Who's working on the revised contrast token deprecation plan?,jira,Implied source,EnterpriseRAG company topics,train
q04041,"status of the typed flag contracts migration, when do we deprecate the stale opcode handling",jira,Implied source,EnterpriseRAG company topics,train
q04042,Is there a jira for aligning model catalog rotation and deprecation with hosted API commitments?,jira,Names the source,EnterpriseRAG company topics,train
q04043,What audit events does the schema doc define when a model version gets deprecated?,confluence,Implied source,EnterpriseRAG company topics,train
q04044,Where's the ADR deciding the changelog source for model variant release notes?,confluence,Implied source,EnterpriseRAG company topics,train
q04045,What did the docs and api folks say about marking max_tokens deprecated in favor of max_new_tokens?,slack,Implied source,EnterpriseRAG company topics,train
q04046,What did the team say in chat about the v1 SDK endpoint deprecation and migration guide?,slack,Names the source,EnterpriseRAG company topics,train
q04047,What did people suggest about the graceful deprecation plan for the old controlplane bundle?,slack,Implied source,EnterpriseRAG company topics,train
q04048,Not the confluence page — what did folks say in chat about the coordinated version bump and its deprecation note?,slack,Excludes a source,EnterpriseRAG company topics,train
q04049,anyone align on the deprecation note for old tool-calling snippets in the docs,slack,Implied source,EnterpriseRAG company topics,train
q04050,What did the RFP questionnaire email ask about how we notify customers of model deprecations?,gmail,Implied source,EnterpriseRAG company topics,train
q04051,Did the customer email asking for a deprecation policy and guaranteed grace period for breaking changes?,gmail,Implied source,EnterpriseRAG company topics,train
q04052,What did the email from the integration partner say about SDK deprecations blocking their roadmap?,gmail,Names the source,EnterpriseRAG company topics,train
q04053,"Beyond what was said in standup notes, has anyone emailed the soft-deprecation timeline for legacy /v1/generate?",gmail,Excludes a source,EnterpriseRAG company topics,train
q04054,not slack — what did the SDK consumer email about a rollforward path when response shapes change?,gmail,Excludes a source,EnterpriseRAG company topics,train
q04055,What did we capture about deprecation signals in the TF primitives contracts notes?,notion,Implied source,EnterpriseRAG company topics,train
q04056,What did we decide on backcompat rules for retiring audit event fields in the compatibility playbook?,notion,Implied source,EnterpriseRAG company topics,train
q04057,"In the sprint notes, what did we decide on 2-week deprecation windows for API renames?",notion,Names the source,EnterpriseRAG company topics,train
q04058,My notes on the primitive ops handoff — upgrade and migration paths for breaking changes,notion,Implied source,EnterpriseRAG company topics,train
q04059,action items from the starter pack checkpoint about the python sample using the deprecated reply_stream api,notion,Implied source,EnterpriseRAG company topics,train
q04060,What's the official deprecation policy for breaking changes to the inference API contract?,kb,Implied source,EnterpriseRAG company topics,train
q04061,How does the introspection API standard handle backward-compatible evolution of cost heuristics?,kb,Implied source,EnterpriseRAG company topics,train
q04062,How do I write a deprecation notice using the SDK contract migration guide?,kb,Implied source,EnterpriseRAG company topics,train
q04063,What does the official postmortem say about the RBAC outage from a deny rule on a deprecated permission?,kb,Implied source,EnterpriseRAG company topics,train
q04064,What's the process for deprecating embedded feature variants and migrating customers off them?,kb,Implied source,EnterpriseRAG company topics,train
q04065,What does model deprecation mean for LLM API providers?,web,Implied source,EnterpriseRAG company topics,train
q04066,how do companies usually announce api deprecations,web,Implied source,EnterpriseRAG company topics,train
q04067,What is semantic versioning and when should you bump the major version?,web,Implied source,EnterpriseRAG company topics,train
q04068,What's a reasonable deprecation window for a public REST API?,web,Implied source,EnterpriseRAG company topics,train
q04069,How does the Sunset HTTP header work for deprecated endpoints?,web,Implied source,EnterpriseRAG company topics,train
q04070,"Not what people said in chat, is there an actual ticket for the simhash prefetcher to cut cold-start latency?",jira,Excludes a source,EnterpriseRAG company topics,train
q04071,What's the goal of the tenant incubation and capacity silo work for cold starts during traffic bursts?,jira,Implied source,EnterpriseRAG company topics,train
q04072,is the adaptive hybrid preheat controller for cold starts after model swaps tracked in jira yet,jira,Names the source,EnterpriseRAG company topics,train
q04073,Any open work item on the warm-up cache misses slowing down incremental monorepo builds?,jira,Implied source,EnterpriseRAG company topics,train
q04074,What's the status of the multi-GPU throughput harness that exercises warmup profiles and KV prefetch?,jira,Implied source,EnterpriseRAG company topics,train
q04075,What does the reference doc say about immutable seeding to reduce first-request cold starts in private deployments?,confluence,Implied source,EnterpriseRAG company topics,train
q04076,"Where's the Q1 account brief for the support-deflection customer evaluating Dedicated, with their POC latency results?",confluence,Implied source,EnterpriseRAG company topics,train
q04077,What's the documented telemetry contract and scoring formula for prefetch and warmer logic?,confluence,Implied source,EnterpriseRAG company topics,train
q04078,Does the incident simulation framework spec include a scenario template for bursty cold-starts across tenants?,confluence,Implied source,EnterpriseRAG company topics,train
q04079,how does the eval mixer design adapt the probe mix when telemetry shows cold-starts? check the wiki,confluence,Names the source,EnterpriseRAG company topics,train
q04080,What did marketing say in slack about enrichment cold starts in the lead handoff simulation?,slack,Names the source,EnterpriseRAG company topics,train
q04081,"Not the ticket, what did folks say in chat about fallback being rate-limited to avoid cold-start spikes in us-west-2a?",slack,Excludes a source,EnterpriseRAG company topics,train
q04082,what was the quick fix someone floated when spot evictions kept launching cold on-demand nodes,slack,Implied source,EnterpriseRAG company topics,train
q04083,Did anyone figure out whether client-side warmup calls caused the 5xx storm on the eu dedicated trial?,slack,Implied source,EnterpriseRAG company topics,train
q04084,What did the team suggest for the reserved GPU preheat plan and burst credits to avoid cold starts before the POC?,slack,Implied source,EnterpriseRAG company topics,train
q04085,"Did the handoff email say why min_nodes stays at 2 during business hours, the cold-start variance thing?",gmail,Names the source,EnterpriseRAG company topics,train
q04086,Did the customer reply about keeping 6 GPUs warm-buffered ahead of renewal to avoid cold starts?,gmail,Implied source,EnterpriseRAG company topics,train
q04087,Any update by mail on the US and EU traffic reallocation advisory and what tenants need to verify?,gmail,Implied source,EnterpriseRAG company topics,train
q04088,"what did procurement ask for re: kv cache warm timings and cold-start token overhead, along with the BCP evidence",gmail,Implied source,EnterpriseRAG company topics,train
q04089,"Not slack, the email thread on runtime variant surface and SDK fallback, what were the next steps?",gmail,Excludes a source,EnterpriseRAG company topics,train
q04090,What did we land on in grooming about screen reader cold start and spin-up announcements?,notion,Implied source,EnterpriseRAG company topics,train
q04091,"Action items from the week 4 POC touchpoint on infra access and latency, the KV-cache warmup discussion?",notion,Implied source,EnterpriseRAG company topics,train
q04092,"My notes on the root cause flow explorer spec, what were the target users and goals?",notion,Implied source,EnterpriseRAG company topics,train
q04093,what did the jank index bench notes conclude about cold-start heavy configs for small cohorts,notion,Implied source,EnterpriseRAG company topics,train
q04094,"In the quickpatch docket, which customer threads complained about first-token spikes on cold starts?",notion,Implied source,EnterpriseRAG company topics,train
q04095,What's the procedure for onboarding a service into the budgeted telemetry fabric?,kb,Implied source,EnterpriseRAG company topics,train
q04096,what cold-start median target does the POC sprint playbook set for the Dedicated summarization path,kb,Implied source,EnterpriseRAG company topics,train
q04097,What's the burst policy guidance for keeping cold starts from blowing the p99 latency SLO?,kb,Implied source,EnterpriseRAG company topics,train
q04098,How should a client declare capabilities and KV hints so the runtime can fall back gracefully on a cold pool?,kb,Implied source,EnterpriseRAG company topics,train
q04099,"Not the incident chatter, what are the official steps to limit cold-start tail during microbursts?",kb,Excludes a source,EnterpriseRAG company topics,train
q04100,What causes cold starts in serverless GPU inference?,web,Implied source,EnterpriseRAG company topics,train
q04101,how do warm pools reduce cold start latency in kubernetes autoscaling,web,Implied source,EnterpriseRAG company topics,train
q04102,Why does loading model weights onto a GPU make the first request slow?,web,Implied source,EnterpriseRAG company topics,train
q04103,What is KV cache prefix warming in LLM serving and is it widely used?,web,Implied source,EnterpriseRAG company topics,train
q04104,Explain the difference between a cold start and a warm start for containerized ML models.,web,Implied source,EnterpriseRAG company topics,train
q04105,Is there a ticket to publish per-model KV-cache profiles and sequence-length histograms for long-context routing?,jira,Implied source,EnterpriseRAG company topics,train
q04106,what's the status of adding mixed short/long-context scenarios to the nightly perf-canary,jira,Implied source,EnterpriseRAG company topics,train
q04107,Root cause of the failed canary where rollback didn't trigger and shadow traffic was off?,jira,Implied source,EnterpriseRAG company topics,train
q04108,"Forget the slack chatter, is the fix merged for long-context sessions losing throughput after ~12s?",jira,Excludes a source,EnterpriseRAG company topics,train
q04109,Who owns the jira for the prefetch failsafe that stops long-context waves starving short requests?,jira,Names the source,EnterpriseRAG company topics,train
q04110,What does the runbook say about diagnosing prefill/decode contention when long-context prompts mix with short chat?,confluence,Implied source,EnterpriseRAG company topics,train
q04111,Where's the spec for the contrastive stability suite that covers long-context probe families?,confluence,Implied source,EnterpriseRAG company topics,train
q04112,"Not the ticket, what does the known-issue doc say about tensor-parallel hangs under long-context load?",confluence,Excludes a source,EnterpriseRAG company topics,train
q04113,"Where's the ADR on sourcing representative workloads, including long prompts, from production telemetry?",confluence,Implied source,EnterpriseRAG company topics,train
q04114,what does the H100 tuned profile doc say about the tail-latency envelope for long sequences,confluence,Implied source,EnterpriseRAG company topics,train
q04115,What did sales say in slack about the enterprise POC's long-context tests up to 4k and dedicated sizing?,slack,Names the source,EnterpriseRAG company topics,train
q04116,Did anyone in eng-runtime figure out why p95 jumps when sequence length goes over 2k?,slack,Names the source,EnterpriseRAG company topics,train
q04117,what did people say in chat about the new 7b candidate being stronger on long-context QA,slack,Implied source,EnterpriseRAG company topics,train
q04118,"Not the postmortem, what did oncall say live about the queue backing up with 2048-token long-context jobs?",slack,Excludes a source,EnterpriseRAG company topics,train
q04119,Did the CS channel discuss why spend jumped with longer requests during the weekly check-in?,slack,Implied source,EnterpriseRAG company topics,train
q04120,Did the genomics customer email asking for a POC extension because long-context runs burned their sandbox quota?,gmail,Implied source,EnterpriseRAG company topics,train
q04121,What competitive benchmark did the customer send by email showing lower long-context latency?,gmail,Implied source,EnterpriseRAG company topics,train
q04122,any reply from the customer on the 429 surge hitting their long-context completion calls,gmail,Implied source,EnterpriseRAG company topics,train
q04123,What did the leadership brief email list as risks around long-context prompt regressions for Q2?,gmail,Names the source,EnterpriseRAG company topics,train
q04124,Did the vendor reply about the KV cache layout tweak that affects long-context use in their 3B model intake?,gmail,Implied source,EnterpriseRAG company topics,train
q04125,What did we agree in the TokenCache review about stride prefetch for the long-context assistant workload?,notion,Implied source,EnterpriseRAG company topics,train
q04126,"in the gpu allocation tracker, who's on the action to run a long-context smoke for research",notion,Implied source,EnterpriseRAG company topics,train
q04127,"My notebook on the AWQ vs GPTQ variance-slice scan, what did the tail latency results show?",notion,Implied source,EnterpriseRAG company topics,train
q04128,What did my scratch notes hypothesize about p99 spikes during mixed short and long traffic?,notion,Implied source,EnterpriseRAG company topics,train
q04129,"Handoff notes from last night's shift, any soft items about long batch requests around 2am?",notion,Implied source,EnterpriseRAG company topics,train
q04130,What's the playbook guidance on OOMs from bursty long-context requests after the quantized rollout?,kb,Implied source,EnterpriseRAG company topics,train
q04131,How do I run the truncation failure injection tests for 32k and 128k long-context onboarding?,kb,Implied source,EnterpriseRAG company topics,train
q04132,What's the recommended KV eviction and chunking policy for 128k+ long-context prompts?,kb,Implied source,EnterpriseRAG company topics,train
q04133,how do i handle long-context fallthrough and streaming backpressure per the playbook,kb,Implied source,EnterpriseRAG company topics,train
q04134,What are the steps for implementing chunked attention with DMA prefetch for long-context workloads?,kb,Implied source,EnterpriseRAG company topics,train
q04135,How does attention cost scale with context length in transformers?,web,Implied source,EnterpriseRAG company topics,train
q04136,What is RoPE scaling and how does it extend a model's context window?,web,Implied source,EnterpriseRAG company topics,train
q04137,what is the lost in the middle problem for long context llms,web,Implied source,EnterpriseRAG company topics,train
q04138,How does paged attention help serve long-context requests efficiently?,web,Implied source,EnterpriseRAG company topics,train
q04139,Explain chunked prefill and why it helps when long prompts mix with short ones.,web,Implied source,EnterpriseRAG company topics,train
q04140,Is there a ticket for the residency-aware admin activity chronicle with hash-anchored audit evidence?,jira,Implied source,EnterpriseRAG company topics,train
q04141,What's blocking the healthcare customer from finishing the mTLS audit batch onboarding for legal evidence?,jira,Implied source,EnterpriseRAG company topics,train
q04142,is the residency declassification policy with the KMS consent pulse merged yet,jira,Implied source,EnterpriseRAG company topics,train
q04143,Status of the assurance artifact vault that bundles residency and retention proofs for SOC2 auditors?,jira,Implied source,EnterpriseRAG company topics,train
q04144,Who's assigned the data sovereignty checklist and the pricing impact analysis in jira?,jira,Names the source,EnterpriseRAG company topics,train
q04145,What does the evidence orchestration doc say about packaging credential evidence for data residency auditors?,confluence,Implied source,EnterpriseRAG company topics,train
q04146,Where's the runbook for data sovereignty fallback orchestration on private deployments?,confluence,Implied source,EnterpriseRAG company topics,train
q04147,What does the service account compromise runbook say about residency considerations during evidence collection?,confluence,Implied source,EnterpriseRAG company topics,train
q04148,how does the authz and retention runbook align log retention with residency constraints,confluence,Implied source,EnterpriseRAG company topics,train
q04149,"Not the KB, the wiki page from the Authorization Board, what does it say about retaining residency evidence?",confluence,Excludes a source,EnterpriseRAG company topics,train
q04150,What did sales say in the customer-success channel about the health customer needing us-east data residency?,slack,Names the source,EnterpriseRAG company topics,train
q04151,Did anyone answer in chat whether Dedicated will get EU GPU capacity for data residency customers?,slack,Implied source,EnterpriseRAG company topics,train
q04152,what did legal drop in chat about the data residency sentence for the launch press copy,slack,Implied source,EnterpriseRAG company topics,train
q04153,Did people-ops sort out the cross-border visa and travel reimbursement question for the onsite candidate?,slack,Implied source,EnterpriseRAG company topics,train
q04154,"Not the email, what did partnerships say in slack about local data residency notes for the Budapest SKU?",slack,Excludes a source,EnterpriseRAG company topics,train
q04155,"Not the meeting notes, did the customer's legal team reply by email with DPA redlines on data residency?",gmail,Excludes a source,EnterpriseRAG company topics,train
q04156,What did the AE email about strict data residency and the dedicated sizing call?,gmail,Implied source,EnterpriseRAG company topics,train
q04157,any update by mail on the EU residency statement they want before the december renewal,gmail,Implied source,EnterpriseRAG company topics,train
q04158,What did the post-call recap email list as risks and the procurement path for the exec briefing?,gmail,Names the source,EnterpriseRAG company topics,train
q04159,Did the pilot next-steps email mention EU data residency concerns as a pain point?,gmail,Implied source,EnterpriseRAG company topics,train
q04160,What did we decide in the connectivity workshop about EU data residency and no internet egress?,notion,Implied source,EnterpriseRAG company topics,train
q04161,"Notes from the prefetch and batching console walkthrough, did data residency come up?",notion,Implied source,EnterpriseRAG company topics,train
q04162,Action items from the security intake call where residency for payments and PII was a concern?,notion,Implied source,EnterpriseRAG company topics,train
q04163,what did we agree on region gating eu-only in the private VPC kickoff meeting notes,notion,Names the source,EnterpriseRAG company topics,train
q04164,"Not the runbook, what did we decide in the onboarding sync about data residency for the health customer's private deployment?",notion,Excludes a source,EnterpriseRAG company topics,train
q04165,How do I keep a blue-green deployment compliant with data residency and audit evidence requirements?,kb,Implied source,EnterpriseRAG company topics,train
q04166,What's the policy on temporary access exceptions where data residency constraints apply?,kb,Implied source,EnterpriseRAG company topics,train
q04167,How do I set up org and project keys for multi-tenant rate policies?,kb,Implied source,EnterpriseRAG company topics,train
q04168,what's the guidance on cross-border key residency for BYOK with an on-prem HSM,kb,Implied source,EnterpriseRAG company topics,train
q04169,What are the steps in the secure release gate checklist for data residency mapping before a model rollout?,kb,Implied source,EnterpriseRAG company topics,train
q04170,What does GDPR say about transferring personal data outside the EU?,web,Implied source,EnterpriseRAG company topics,train
q04171,what are standard contractual clauses (SCCs) and when do you need them,web,Implied source,EnterpriseRAG company topics,train
q04172,"What's the difference between data residency, data sovereignty and data localization?",web,Implied source,EnterpriseRAG company topics,train
q04173,How do cloud providers guarantee data residency for AI inference workloads?,web,Implied source,EnterpriseRAG company topics,train
q04174,Does the EU-US Data Privacy Framework replace Privacy Shield?,web,Implied source,EnterpriseRAG company topics,train
q04175,Is the PR merged that reduces GPU peak memory with arena tuning and checkpointing?,jira,Implied source,EnterpriseRAG company topics,train
q04176,What's the status of the tenant-scoped GPU lease terraform modules for private deployments?,jira,Implied source,EnterpriseRAG company topics,train
q04177,was the temporary H100 quota request for the FP8/INT8 benchmarking sprint approved,jira,Implied source,EnterpriseRAG company topics,train
q04178,Is there a ticket for the launch thermostat that throttles releases to avoid regional capacity spikes?,jira,Implied source,EnterpriseRAG company topics,train
q04179,Root cause of the capacity planner re-creating GPUs that node teardown is removing — in the jira?,jira,Names the source,EnterpriseRAG company topics,train
q04180,"Not the slack thread, what's the documented procedure for reclaiming offline GPU capacity and thawing tenants?",confluence,Excludes a source,EnterpriseRAG company topics,train
q04181,Where's the design doc for ephemeral GPU pools for CI and eval runs?,confluence,Implied source,EnterpriseRAG company topics,train
q04182,what does the federated slice controller design say about rebalancing gpu capacity across regions,confluence,Implied source,EnterpriseRAG company topics,train
q04183,What does the ADR on request watermarking say about shedding when GPU capacity is degraded?,confluence,Implied source,EnterpriseRAG company topics,train
q04184,What does the finance governance page on the wiki say about multi-month reserved GPU capacity contracts?,confluence,Names the source,EnterpriseRAG company topics,train
q04185,Did anyone in incidents figure out the 5xx spikes when eu-west dropped to 30% GPU capacity?,slack,Names the source,EnterpriseRAG company topics,train
q04186,Who claimed the GPU capacity and autoscale remediation items when we discussed it in chat?,slack,Implied source,EnterpriseRAG company topics,train
q04187,what did eng-infra suggest as the cap on concurrent GPU loss during the maintenance lane,slack,Implied source,EnterpriseRAG company topics,train
q04188,"Not the jira, what did people say in chat about the us-west2 A100 quota dropping from 120 to 80?",slack,Excludes a source,EnterpriseRAG company topics,train
q04189,What was the quick fix shared when the autoscaler hit quota 403s on europe-west9 GPU nodes?,slack,Implied source,EnterpriseRAG company topics,train
q04190,Did the customer reply with the GPU capacity hold they need for June to November?,gmail,Implied source,EnterpriseRAG company topics,train
q04191,What did the customer architect email asking for in the dedicated GPU capacity deep-dive?,gmail,Implied source,EnterpriseRAG company topics,train
q04192,any update by mail on the mutual action plan for dedicated GPU capacity,gmail,Implied source,EnterpriseRAG company topics,train
q04193,Did the biotech customer email their 32k model variants for the committed GPU pool sizing?,gmail,Implied source,EnterpriseRAG company topics,train
q04194,"Not the meeting notes, the email with lead times for reserved GPU capacity in the private deployment MAP?",gmail,Excludes a source,EnterpriseRAG company topics,train
q04195,What did we decide in the reserved capacity scoping call about hot pool prewarm versus cold starts?,notion,Implied source,EnterpriseRAG company topics,train
q04196,Action items from the discovery call on bursting the SaaS connector to hybrid GPU capacity?,notion,Implied source,EnterpriseRAG company topics,train
q04197,"what were the next steps from the reserved gpu capacity discovery call, burst sims etc",notion,Implied source,EnterpriseRAG company topics,train
q04198,"My notes on the hybrid onramp framing meeting, what were the concerns about peak GPU capacity?",notion,Implied source,EnterpriseRAG company topics,train
q04199,What pilot scope did we agree in the partner sync on hybrid onramp GPU capacity and resellers?,notion,Implied source,EnterpriseRAG company topics,train
q04200,How do I translate a reserved capacity contract into concrete GPU fleet provisioning?,kb,Implied source,EnterpriseRAG company topics,train
q04201,What's the policy on how much GPU capacity and QPS the perf canary is allowed to use?,kb,Implied source,EnterpriseRAG company topics,train
q04202,How do blended-rate dedicated commits work for selling reserved GPU capacity to mid-market?,kb,Implied source,EnterpriseRAG company topics,train
q04203,What are the OPA admission guardrails for provisioning GPU quotas to a new tenant?,kb,Implied source,EnterpriseRAG company topics,train
q04204,how do i safely multiplex workloads on fractional gpu capacity with MPS,kb,Implied source,EnterpriseRAG company topics,train
q04205,What's the difference between NVIDIA MIG and MPS for sharing a GPU?,web,Implied source,EnterpriseRAG company topics,train
q04206,How much GPU memory do I need to serve a 70B parameter model?,web,Implied source,EnterpriseRAG company topics,train
q04207,why are H100s so hard to get from cloud providers,web,Implied source,EnterpriseRAG company topics,train
q04208,What are spot GPU instances and how does preemption work?,web,Implied source,EnterpriseRAG company topics,train
q04209,How do reserved instances compare to on-demand pricing for GPU capacity on AWS?,web,Implied source,EnterpriseRAG company topics,train
q04280,Is the switchover arbitration work with hot-cache priming to cut tail latency during region cutovers merged?,jira,Implied source,EnterpriseRAG company topics,train
q04281,"what's the status of the RippleAttn cascade kernel PR, does it regress p99 for short requests?",jira,Implied source,EnterpriseRAG company topics,train
q04282,Is there a ticket for building a bench harness that validates autoscaling against tail-latency SLOs?,jira,Implied source,EnterpriseRAG company topics,train
q04283,Who owns the prefetch gateway and KV rebind surgery change meant to reduce 99th-percentile spikes?,jira,Implied source,EnterpriseRAG company topics,train
q04284,"Not the meeting notes, the ticket: what's the root cause of the memory spiral causing OOMs and tail latency?",jira,Excludes a source,EnterpriseRAG company topics,train
q04285,What does the TP stability design doc say about silent stalls inflating p99 on multi-GPU replicas?,confluence,Implied source,EnterpriseRAG company topics,train
q04286,Where's the wiki page on the runtime sleuthing and probing toolkit for latency regressions?,confluence,Names the source,EnterpriseRAG company topics,train
q04287,What does the Hybrid Cache Coordinator spec say about improving tail latency through cache placement?,confluence,Implied source,EnterpriseRAG company topics,train
q04288,What's the documented procedure for mitigating cross-tenant failure domains that push up p95/p99?,confluence,Implied source,EnterpriseRAG company topics,train
q04289,what stress profiles does the synthetic chaos doc define for catching tail latency regressions,confluence,Implied source,EnterpriseRAG company topics,train
q04290,What did the release folks say in chat about the eu-west canary tail latency spike on v3.9.2?,slack,Implied source,EnterpriseRAG company topics,train
q04291,Did anyone in the architecture channel post p99 numbers comparing sidecar unwrap vs peek filter?,slack,Names the source,EnterpriseRAG company topics,train
q04292,"Not the taxonomy doc, what did people say in chat about telling KV cache thrash apart from a latency regression?",slack,Excludes a source,EnterpriseRAG company topics,train
q04293,did someone repro the nightly kernel p99 regressions on T4 at seqlen 1024?,slack,Implied source,EnterpriseRAG company topics,train
q04294,What was suggested in the infra channel when HPA hunting made P99 shoot up in ap-southeast1?,slack,Names the source,EnterpriseRAG company topics,train
q04295,Did the customer email about SLA credit eligibility after the Feb 12 throughput and tail latency degradation?,gmail,Implied source,EnterpriseRAG company topics,train
q04296,What did the customer's ops lead email about the tail latency and 5xx spike in US-WEST-2?,gmail,Implied source,EnterpriseRAG company topics,train
q04297,What acceptance targets for P95 latency were in the Sprint Zero load matrix we mailed out?,gmail,Implied source,EnterpriseRAG company topics,train
q04298,Any reply by mail on the personalization tail latency slowing down checkout?,gmail,Implied source,EnterpriseRAG company topics,train
q04299,Not slack — did the customer write in about the latency spike after the v4beta quant rollout?,gmail,Excludes a source,EnterpriseRAG company topics,train
q04300,What did we decide in the GPU pathologies deep dive about VPC egress rules increasing p99?,notion,Implied source,EnterpriseRAG company topics,train
q04301,my notes on the cohort latency-aware coalescer — how did it avoid long-tail regressions for premium tenants?,notion,Implied source,EnterpriseRAG company topics,train
q04302,Action items from the resilience sprint checkpoint on the incident that added p99 latency to chat completions?,notion,Implied source,EnterpriseRAG company topics,train
q04303,"In the meeting notes from the edge on-prem weekly check-in, what next steps were agreed for the p99 bursts?",notion,Names the source,EnterpriseRAG company topics,train
q04304,Not the design doc — what came out of the SLO-driven eviction workshop about tail-latency spikes under overload?,notion,Excludes a source,EnterpriseRAG company topics,train
q04305,How do I get onboarded as an SLO owner for 99th percentile tail latency targets?,kb,Implied source,EnterpriseRAG company topics,train
q04306,What are the steps for regional fallback routing while keeping p99 under the target for priority tenants?,kb,Implied source,EnterpriseRAG company topics,train
q04307,How do I use the queue dynamics correlator to triage queue-induced latency?,kb,Implied source,EnterpriseRAG company topics,train
q04308,what's the guidance on trading off latency vs cost when steering requests across regions,kb,Implied source,EnterpriseRAG company topics,train
q04309,How do I configure SLO-aware admission controls in the Adaptive Scheduler to improve tail latency?,kb,Implied source,EnterpriseRAG company topics,train
q04310,What is tail latency and why do p99 and p999 matter more than average latency?,web,Implied source,EnterpriseRAG company topics,train
q04311,Explain the 'tail at scale' problem and how hedged requests reduce tail latency.,web,Implied source,EnterpriseRAG company topics,train
q04312,how does head-of-line blocking increase tail latency in request queues,web,Implied source,EnterpriseRAG company topics,train
q04313,Why does continuous batching in LLM inference affect time-to-first-token tail latency?,web,Implied source,EnterpriseRAG company topics,train
q04314,How are latency percentiles computed from histograms in Prometheus?,web,Implied source,EnterpriseRAG company topics,train
q04315,Is there a ticket covering the permission/RBAC denied empty state for the Suggestions beta view?,jira,Implied source,EnterpriseRAG company topics,train
q04316,has the rbac seed orchestrator for tenant-scoped roles in Private installs been merged yet,jira,Implied source,EnterpriseRAG company topics,train
q04317,Who's assigned the Helmsman Taskizer work that enforces RBAC approvals during runbook replay?,jira,Implied source,EnterpriseRAG company topics,train
q04318,What's the status of the service-tag-driven RBAC gatekeeper with region pinning?,jira,Implied source,EnterpriseRAG company topics,train
q04319,"In jira, does the config reversion controller ticket require approvals as guardrails before auto-rollback?",jira,Names the source,EnterpriseRAG company topics,train
q04320,"Not the chat thread, the design doc: how does the Immutable Audit Store integrate with RBAC and access controls?",confluence,Excludes a source,EnterpriseRAG company topics,train
q04321,Where's the company operations reference that covers the access and permissions policy?,confluence,Implied source,EnterpriseRAG company topics,train
q04322,What does the demo tenant reset runbook say about rotating least-privilege demo API keys?,confluence,Implied source,EnterpriseRAG company topics,train
q04323,"On the wiki, what's the documented procedure for collecting evidence when an incident involves access anomalies?",confluence,Names the source,EnterpriseRAG company topics,train
q04324,What does the authorization caseflow runbook say to capture after a failed authorization event?,confluence,Implied source,EnterpriseRAG company topics,train
q04325,Did anyone in eng-security share a checklist for the auditor's RBAC change diff evidence bundle?,slack,Implied source,EnterpriseRAG company topics,train
q04326,what did the security channel say about clarifying tenant-admin vs platform-admin roles for that questionnaire,slack,Implied source,EnterpriseRAG company topics,train
q04327,Not the ticket — what did people say in chat about the audit viewer export button showing for users without permission?,slack,Excludes a source,EnterpriseRAG company topics,train
q04328,What was the feedback in slack on a short-lived least-privilege RBAC role for SIEM exports?,slack,Names the source,EnterpriseRAG company topics,train
q04329,"What did the platform team suggest about gating full raw log view behind RBAC, 2FA and justification?",slack,Implied source,EnterpriseRAG company topics,train
q04330,Did the vendor reply with SAML assertion traces and access-review snapshots for our SOC 2 review?,gmail,Implied source,EnterpriseRAG company topics,train
q04331,"What did we email back on the RFP section about SSO, SCIM provisioning and RBAC admin controls?",gmail,Implied source,EnterpriseRAG company topics,train
q04332,Any update by mail on the privileged role mapping and SCIM/SAML delta the customer's auditors want?,gmail,Implied source,EnterpriseRAG company topics,train
q04333,What did the customer's security team ask for in the email about SSO attribute sampling and role claims?,gmail,Implied source,EnterpriseRAG company topics,train
q04334,"Not in slack, the email — what RBAC proof and SCIM deltas did the healthcare prospect request for access lockdown?",gmail,Excludes a source,EnterpriseRAG company topics,train
q04335,my notes on least-privilege reversion when RBAC v2 inconsistencies show up — what were the on-call steps?,notion,Implied source,EnterpriseRAG company topics,train
q04336,What did we discuss in the governance intake call about the consortium's SSO and RBAC concerns?,notion,Implied source,EnterpriseRAG company topics,train
q04337,What constraints did we capture in my working notes on auditable SIEM export pipelines?,notion,Implied source,EnterpriseRAG company topics,train
q04338,Action items from the SSO and least-privilege access review meeting with that security vendor?,notion,Implied source,EnterpriseRAG company topics,train
q04339,"In the kickoff meeting notes for the implementation immersion, what was said about RBAC and security auditables?",notion,Names the source,EnterpriseRAG company topics,train
q04340,How do I look up which IAM role applies per hosting tier in the access grid?,kb,Implied source,EnterpriseRAG company topics,train
q04341,"What are the steps in the activation playbook for setting up SSO, RBAC and KMS for a new pilot?",kb,Implied source,EnterpriseRAG company topics,train
q04342,"Rather than asking in slack, how do I officially validate RBAC v2 mappings before a production deployment?",kb,Excludes a source,EnterpriseRAG company topics,train
q04343,whats the process to request access and permissions changes that also affect spend,kb,Implied source,EnterpriseRAG company topics,train
q04344,What's the policy on minimum controls for RBAC and authentication in the governance acceptance matrix?,kb,Implied source,EnterpriseRAG company topics,train
q04345,What is the principle of least privilege in information security?,web,Implied source,EnterpriseRAG company topics,train
q04346,How does role-based access control differ from attribute-based access control?,web,Implied source,EnterpriseRAG company topics,train
q04347,how does SAML SSO work between an identity provider and a service provider,web,Implied source,EnterpriseRAG company topics,train
q04348,What is SCIM provisioning and how does it automate user access lifecycle?,web,Implied source,EnterpriseRAG company topics,train
q04349,What does SOC 2 Type II require for user access reviews?,web,Implied source,EnterpriseRAG company topics,train
q04385,Is there a ticket for automated metadata linting in the new model onboarding workflow?,jira,Implied source,EnterpriseRAG company topics,train
q04386,what's the status of the frugal warmstart CLI that onboarding flows call for quant suggestions,jira,Implied source,EnterpriseRAG company topics,train
q04387,Who's assigned the Activation Hub onboarding surface with SDK sample kits?,jira,Implied source,EnterpriseRAG company topics,train
q04388,What's the root cause of tokenizer-template misalignment seen in recent model onboarding runs?,jira,Implied source,EnterpriseRAG company topics,train
q04389,"In jira, is the priority scorer for model catalog intake done, given the slow enterprise onboarding?",jira,Names the source,EnterpriseRAG company topics,train
q04390,What does the live probe harness spec say about probes for model onboarding?,confluence,Implied source,EnterpriseRAG company topics,train
q04391,Where's the doc on observability contracts we agree to when onboarding dedicated tenants?,confluence,Implied source,EnterpriseRAG company topics,train
q04392,What does the secure GPU CI/CD design say is out of scope and covered by tenant onboarding docs instead?,confluence,Implied source,EnterpriseRAG company topics,train
q04393,Whats in the onboarding checklist for service owners in the probe ensembles doc on the wiki?,confluence,Names the source,EnterpriseRAG company topics,train
q04394,What's the documented workflow for capacity onboarding and SLO evidence gating of new services?,confluence,Implied source,EnterpriseRAG company topics,train
q04395,Did anyone in devex figure out the onboarding quickstart hang after auth refresh storms?,slack,Implied source,EnterpriseRAG company topics,train
q04396,What did CS ops propose in chat about revamping the health score logic and playbook triggers?,slack,Implied source,EnterpriseRAG company topics,train
q04397,what did people say in eng-ml about where to put the astra-6b weights during onboarding,slack,Implied source,EnterpriseRAG company topics,train
q04398,"Not the intake ticket, what did the team say in chat about the marlin-8b onboarding perf targets?",slack,Excludes a source,EnterpriseRAG company topics,train
q04399,"In slack, who told the new CS hire on her first day how to get Notion playbook access?",slack,Misleading keyword,EnterpriseRAG company topics,train
q04400,What did finance leadership say by email about the one-time mid-contract rebate request?,gmail,Implied source,EnterpriseRAG company topics,train
q04401,Did the bank's security team reply about the SOC 2 artifacts needed for vendor onboarding?,gmail,Implied source,EnterpriseRAG company topics,train
q04402,Any update by mail on the concession request with a $50k onboarding credit?,gmail,Implied source,EnterpriseRAG company topics,train
q04403,What did the post-demo email say the prospect wanted for simple SDK onboarding?,gmail,Implied source,EnterpriseRAG company topics,train
q04404,Not the wiki — what did the auditor email asking for employee onboarding and offboarding logs for SOC 2?,gmail,Excludes a source,EnterpriseRAG company topics,train
q04405,What did we decide in the renewal sync about EU region onboarding and data residency?,notion,Implied source,EnterpriseRAG company topics,train
q04406,my notes on the owner rotation plan for new model intake onboarding — who's on first?,notion,Implied source,EnterpriseRAG company topics,train
q04407,"In my 1:1 prep notes, what did I plan to discuss about Priya juggling on-call and onboarding a new SWE?",notion,Names the source,EnterpriseRAG company topics,train
q04408,What did the network safeguards PRD draft say about the operator onboarding flow for Private?,notion,Implied source,EnterpriseRAG company topics,train
q04409,"From my upward ask notes, what impact did the new hire 30/60/90 onboarding revamp have on NPS?",notion,Implied source,EnterpriseRAG company topics,train
q04410,How do I build a reranking eval set using the rerank onboarding kit?,kb,Implied source,EnterpriseRAG company topics,train
q04411,What are the steps in the UAT playbook for the VPC onboarding flow on a marketplace pilot?,kb,Implied source,EnterpriseRAG company topics,train
q04412,What's the official test methodology for latency vs throughput mode during model onboarding?,kb,Implied source,EnterpriseRAG company topics,train
q04413,How do I follow the phased onboarding path in the consumption onramp playbook?,kb,Implied source,EnterpriseRAG company topics,train
q04414,What's on the operator checklist for customer VPC onboarding?,kb,Implied source,EnterpriseRAG company topics,train
q04415,What are best practices for a 30/60/90 day employee onboarding plan?,web,Implied source,EnterpriseRAG company topics,train
q04416,how long should new hire onboarding last for software engineers,web,Implied source,EnterpriseRAG company topics,train
q04417,What is the difference between employee orientation and onboarding?,web,Implied source,EnterpriseRAG company topics,train
q04418,Why do companies assign an onboarding buddy to new employees?,web,Implied source,EnterpriseRAG company topics,train
q04419,What does SOC 2 expect for employee onboarding like background checks and security training?,web,Implied source,EnterpriseRAG company topics,train
